<Anims>
 <anim name="idle" root="aura" numframes="1000" framerate="40">
  <frame idx="0" w="672" h="935" x="-51.000000" y="-131.111115">
   <element name="aura" layername="timeline_0" frame="0" z_index="1" m_a="1.000000" m_b="0.000000" m_c="0.000000" m_d="1.000000" m_tx="-275.000000" m_ty="-413.111115"/>
  </frame>
  <frame idx="25" w="672" h="935" x="-51.000000" y="-131.111115">
   <element name="aura" layername="timeline_0" frame="0" z_index="1" m_a="1.000000" m_b="0.000000" m_c="0.000000" m_d="1.000000" m_tx="-275.000000" m_ty="-413.111115"/>
  </frame>
  <frame idx="50" w="672" h="935" x="-51.000000" y="-131.111115">
   <element name="aura" layername="timeline_0" frame="0" z_index="1" m_a="1.000000" m_b="0.000000" m_c="0.000000" m_d="1.000000" m_tx="-275.000000" m_ty="-413.111115"/>
  </frame>
  <frame idx="75" w="672" h="935" x="-51.000000" y="-131.111115">
   <element name="aura" layername="timeline_0" frame="0" z_index="1" m_a="1.000000" m_b="0.000000" m_c="0.000000" m_d="1.000000" m_tx="-275.000000" m_ty="-413.111115"/>
  </frame>
  <frame idx="100" w="672" h="935" x="-51.000000" y="-131.111115">
   <element name="aura" layername="timeline_0" frame="0" z_index="1" m_a="1.000000" m_b="0.000000" m_c="0.000000" m_d="1.000000" m_tx="-275.000000" m_ty="-413.111115"/>
  </frame>
  <frame idx="125" w="672" h="935" x="-51.000000" y="-131.111115">
   <element name="aura" layername="timeline_0" frame="0" z_index="1" m_a="1.000000" m_b="0.000000" m_c="0.000000" m_d="1.000000" m_tx="-275.000000" m_ty="-413.111115"/>
  </frame>
  <frame idx="150" w="672" h="935" x="-51.000000" y="-131.111115">
   <element name="aura" layername="timeline_0" frame="0" z_index="1" m_a="1.000000" m_b="0.000000" m_c="0.000000" m_d="1.000000" m_tx="-275.000000" m_ty="-413.111115"/>
  </frame>
  <frame idx="175" w="672" h="935" x="-51.000000" y="-131.111115">
   <element name="aura" layername="timeline_0" frame="0" z_index="1" m_a="1.000000" m_b="0.000000" m_c="0.000000" m_d="1.000000" m_tx="-275.000000" m_ty="-413.111115"/>
  </frame>
  <frame idx="200" w="672" h="935" x="-51.000000" y="-131.111115">
   <element name="aura" layername="timeline_0" frame="0" z_index="1" m_a="1.000000" m_b="0.000000" m_c="0.000000" m_d="1.000000" m_tx="-275.000000" m_ty="-413.111115"/>
  </frame>
  <frame idx="225" w="672" h="935" x="-51.000000" y="-131.111115">
   <element name="aura" layername="timeline_0" frame="0" z_index="1" m_a="1.000000" m_b="0.000000" m_c="0.000000" m_d="1.000000" m_tx="-275.000000" m_ty="-413.111115"/>
  </frame>
  <frame idx="250" w="672" h="935" x="-51.000000" y="-131.111115">
   <element name="aura" layername="timeline_0" frame="0" z_index="1" m_a="1.000000" m_b="0.000000" m_c="0.000000" m_d="1.000000" m_tx="-275.000000" m_ty="-413.111115"/>
  </frame>
  <frame idx="275" w="672" h="935" x="-51.000000" y="-131.111115">
   <element name="aura" layername="timeline_0" frame="0" z_index="1" m_a="1.000000" m_b="0.000000" m_c="0.000000" m_d="1.000000" m_tx="-275.000000" m_ty="-413.111115"/>
  </frame>
  <frame idx="300" w="672" h="935" x="-51.000000" y="-131.111115">
   <element name="aura" layername="timeline_0" frame="0" z_index="1" m_a="1.000000" m_b="0.000000" m_c="0.000000" m_d="1.000000" m_tx="-275.000000" m_ty="-413.111115"/>
  </frame>
  <frame idx="325" w="672" h="935" x="-51.000000" y="-131.111115">
   <element name="aura" layername="timeline_0" frame="0" z_index="1" m_a="1.000000" m_b="0.000000" m_c="0.000000" m_d="1.000000" m_tx="-275.000000" m_ty="-413.111115"/>
  </frame>
  <frame idx="350" w="672" h="935" x="-51.000000" y="-131.111115">
   <element name="aura" layername="timeline_0" frame="0" z_index="1" m_a="1.000000" m_b="0.000000" m_c="0.000000" m_d="1.000000" m_tx="-275.000000" m_ty="-413.111115"/>
  </frame>
  <frame idx="375" w="672" h="935" x="-51.000000" y="-131.111115">
   <element name="aura" layername="timeline_0" frame="0" z_index="1" m_a="1.000000" m_b="0.000000" m_c="0.000000" m_d="1.000000" m_tx="-275.000000" m_ty="-413.111115"/>
  </frame>
  <frame idx="400" w="672" h="935" x="-51.000000" y="-131.111115">
   <element name="aura" layername="timeline_0" frame="0" z_index="1" m_a="1.000000" m_b="0.000000" m_c="0.000000" m_d="1.000000" m_tx="-275.000000" m_ty="-413.111115"/>
  </frame>
  <frame idx="425" w="672" h="935" x="-51.000000" y="-131.111115">
   <element name="aura" layername="timeline_0" frame="0" z_index="1" m_a="1.000000" m_b="0.000000" m_c="0.000000" m_d="1.000000" m_tx="-275.000000" m_ty="-413.111115"/>
  </frame>
  <frame idx="450" w="672" h="935" x="-51.000000" y="-131.111115">
   <element name="aura" layername="timeline_0" frame="0" z_index="1" m_a="1.000000" m_b="0.000000" m_c="0.000000" m_d="1.000000" m_tx="-275.000000" m_ty="-413.111115"/>
  </frame>
  <frame idx="475" w="672" h="935" x="-51.000000" y="-131.111115">
   <element name="aura" layername="timeline_0" frame="0" z_index="1" m_a="1.000000" m_b="0.000000" m_c="0.000000" m_d="1.000000" m_tx="-275.000000" m_ty="-413.111115"/>
  </frame>
  <frame idx="500" w="672" h="935" x="-51.000000" y="-131.111115">
   <element name="aura" layername="timeline_0" frame="0" z_index="1" m_a="1.000000" m_b="0.000000" m_c="0.000000" m_d="1.000000" m_tx="-275.000000" m_ty="-413.111115"/>
  </frame>
  <frame idx="525" w="672" h="935" x="-51.000000" y="-131.111115">
   <element name="aura" layername="timeline_0" frame="0" z_index="1" m_a="1.000000" m_b="0.000000" m_c="0.000000" m_d="1.000000" m_tx="-275.000000" m_ty="-413.111115"/>
  </frame>
  <frame idx="550" w="672" h="935" x="-51.000000" y="-131.111115">
   <element name="aura" layername="timeline_0" frame="0" z_index="1" m_a="1.000000" m_b="0.000000" m_c="0.000000" m_d="1.000000" m_tx="-275.000000" m_ty="-413.111115"/>
  </frame>
  <frame idx="575" w="672" h="935" x="-51.000000" y="-131.111115">
   <element name="aura" layername="timeline_0" frame="0" z_index="1" m_a="1.000000" m_b="0.000000" m_c="0.000000" m_d="1.000000" m_tx="-275.000000" m_ty="-413.111115"/>
  </frame>
  <frame idx="600" w="672" h="935" x="-51.000000" y="-131.111115">
   <element name="aura" layername="timeline_0" frame="0" z_index="1" m_a="1.000000" m_b="0.000000" m_c="0.000000" m_d="1.000000" m_tx="-275.000000" m_ty="-413.111115"/>
  </frame>
  <frame idx="625" w="672" h="935" x="-51.000000" y="-131.111115">
   <element name="aura" layername="timeline_0" frame="0" z_index="1" m_a="1.000000" m_b="0.000000" m_c="0.000000" m_d="1.000000" m_tx="-275.000000" m_ty="-413.111115"/>
  </frame>
  <frame idx="650" w="672" h="935" x="-51.000000" y="-131.111115">
   <element name="aura" layername="timeline_0" frame="0" z_index="1" m_a="1.000000" m_b="0.000000" m_c="0.000000" m_d="1.000000" m_tx="-275.000000" m_ty="-413.111115"/>
  </frame>
  <frame idx="675" w="672" h="935" x="-51.000000" y="-131.111115">
   <element name="aura" layername="timeline_0" frame="0" z_index="1" m_a="1.000000" m_b="0.000000" m_c="0.000000" m_d="1.000000" m_tx="-275.000000" m_ty="-413.111115"/>
  </frame>
  <frame idx="700" w="672" h="935" x="-51.000000" y="-131.111115">
   <element name="aura" layername="timeline_0" frame="0" z_index="1" m_a="1.000000" m_b="0.000000" m_c="0.000000" m_d="1.000000" m_tx="-275.000000" m_ty="-413.111115"/>
  </frame>
  <frame idx="725" w="672" h="935" x="-51.000000" y="-131.111115">
   <element name="aura" layername="timeline_0" frame="0" z_index="1" m_a="1.000000" m_b="0.000000" m_c="0.000000" m_d="1.000000" m_tx="-275.000000" m_ty="-413.111115"/>
  </frame>
  <frame idx="750" w="672" h="935" x="-51.000000" y="-131.111115">
   <element name="aura" layername="timeline_0" frame="0" z_index="1" m_a="1.000000" m_b="0.000000" m_c="0.000000" m_d="1.000000" m_tx="-275.000000" m_ty="-413.111115"/>
  </frame>
  <frame idx="775" w="672" h="935" x="-51.000000" y="-131.111115">
   <element name="aura" layername="timeline_0" frame="0" z_index="1" m_a="1.000000" m_b="0.000000" m_c="0.000000" m_d="1.000000" m_tx="-275.000000" m_ty="-413.111115"/>
  </frame>
  <frame idx="800" w="672" h="935" x="-51.000000" y="-131.111115">
   <element name="aura" layername="timeline_0" frame="0" z_index="1" m_a="1.000000" m_b="0.000000" m_c="0.000000" m_d="1.000000" m_tx="-275.000000" m_ty="-413.111115"/>
  </frame>
  <frame idx="825" w="672" h="935" x="-51.000000" y="-131.111115">
   <element name="aura" layername="timeline_0" frame="0" z_index="1" m_a="1.000000" m_b="0.000000" m_c="0.000000" m_d="1.000000" m_tx="-275.000000" m_ty="-413.111115"/>
  </frame>
  <frame idx="850" w="672" h="935" x="-51.000000" y="-131.111115">
   <element name="aura" layername="timeline_0" frame="0" z_index="1" m_a="1.000000" m_b="0.000000" m_c="0.000000" m_d="1.000000" m_tx="-275.000000" m_ty="-413.111115"/>
  </frame>
  <frame idx="875" w="672" h="935" x="-51.000000" y="-131.111115">
   <element name="aura" layername="timeline_0" frame="0" z_index="1" m_a="1.000000" m_b="0.000000" m_c="0.000000" m_d="1.000000" m_tx="-275.000000" m_ty="-413.111115"/>
  </frame>
  <frame idx="900" w="672" h="935" x="-51.000000" y="-131.111115">
   <element name="aura" layername="timeline_0" frame="0" z_index="1" m_a="1.000000" m_b="0.000000" m_c="0.000000" m_d="1.000000" m_tx="-275.000000" m_ty="-413.111115"/>
  </frame>
  <frame idx="925" w="672" h="935" x="-51.000000" y="-131.111115">
   <element name="aura" layername="timeline_0" frame="0" z_index="1" m_a="1.000000" m_b="0.000000" m_c="0.000000" m_d="1.000000" m_tx="-275.000000" m_ty="-413.111115"/>
  </frame>
  <frame idx="950" w="672" h="935" x="-51.000000" y="-131.111115">
   <element name="aura" layername="timeline_0" frame="0" z_index="1" m_a="1.000000" m_b="0.000000" m_c="0.000000" m_d="1.000000" m_tx="-275.000000" m_ty="-413.111115"/>
  </frame>
  <frame idx="975" w="672" h="935" x="-51.000000" y="-131.111115">
   <element name="aura" layername="timeline_0" frame="0" z_index="1" m_a="1.000000" m_b="0.000000" m_c="0.000000" m_d="1.000000" m_tx="-275.000000" m_ty="-413.111115"/>
  </frame>
 </anim>
</Anims>
