<Anims>
 <anim name="idle" root="wteddy" numframes="1000" framerate="40">
  <frame idx="0" w="247" h="442" x="-14.999996" y="-131.500000">
   <element name="wteddy" layername="timeline_0" frame="0" z_index="2" m_a="0.600000" m_b="0.000000" m_c="0.000000" m_d="0.600000" m_tx="-96.000000" m_ty="-228.000000"/>
  </frame>
  <frame idx="25" w="247" h="442" x="-14.999996" y="-131.500000">
   <element name="wteddy" layername="timeline_0" frame="0" z_index="2" m_a="0.600000" m_b="0.000000" m_c="0.000000" m_d="0.600000" m_tx="-96.000000" m_ty="-228.000000"/>
  </frame>
  <frame idx="50" w="247" h="442" x="-14.999996" y="-131.500000">
   <element name="wteddy" layername="timeline_0" frame="0" z_index="2" m_a="0.600000" m_b="0.000000" m_c="0.000000" m_d="0.600000" m_tx="-96.000000" m_ty="-228.000000"/>
  </frame>
  <frame idx="75" w="247" h="442" x="-14.999996" y="-131.500000">
   <element name="wteddy" layername="timeline_0" frame="0" z_index="2" m_a="0.600000" m_b="0.000000" m_c="0.000000" m_d="0.600000" m_tx="-96.000000" m_ty="-228.000000"/>
  </frame>
  <frame idx="100" w="247" h="442" x="-14.999996" y="-131.500000">
   <element name="wteddy" layername="timeline_0" frame="0" z_index="2" m_a="0.600000" m_b="0.000000" m_c="0.000000" m_d="0.600000" m_tx="-96.000000" m_ty="-228.000000"/>
  </frame>
  <frame idx="125" w="247" h="442" x="-14.999996" y="-131.500000">
   <element name="wteddy" layername="timeline_0" frame="0" z_index="2" m_a="0.600000" m_b="0.000000" m_c="0.000000" m_d="0.600000" m_tx="-96.000000" m_ty="-228.000000"/>
  </frame>
  <frame idx="150" w="247" h="442" x="-14.999996" y="-131.500000">
   <element name="wteddy" layername="timeline_0" frame="0" z_index="2" m_a="0.600000" m_b="0.000000" m_c="0.000000" m_d="0.600000" m_tx="-96.000000" m_ty="-228.000000"/>
  </frame>
  <frame idx="175" w="247" h="442" x="-14.999996" y="-131.500000">
   <element name="wteddy" layername="timeline_0" frame="0" z_index="2" m_a="0.600000" m_b="0.000000" m_c="0.000000" m_d="0.600000" m_tx="-96.000000" m_ty="-228.000000"/>
  </frame>
  <frame idx="200" w="247" h="442" x="-14.999996" y="-131.500000">
   <element name="wteddy" layername="timeline_0" frame="0" z_index="2" m_a="0.600000" m_b="0.000000" m_c="0.000000" m_d="0.600000" m_tx="-96.000000" m_ty="-228.000000"/>
  </frame>
  <frame idx="225" w="247" h="442" x="-14.999996" y="-131.500000">
   <element name="wteddy" layername="timeline_0" frame="0" z_index="2" m_a="0.600000" m_b="0.000000" m_c="0.000000" m_d="0.600000" m_tx="-96.000000" m_ty="-228.000000"/>
  </frame>
  <frame idx="250" w="247" h="442" x="-14.999996" y="-131.500000">
   <element name="wteddy" layername="timeline_0" frame="0" z_index="2" m_a="0.600000" m_b="0.000000" m_c="0.000000" m_d="0.600000" m_tx="-96.000000" m_ty="-228.000000"/>
  </frame>
  <frame idx="275" w="247" h="442" x="-14.999996" y="-131.500000">
   <element name="wteddy" layername="timeline_0" frame="0" z_index="2" m_a="0.600000" m_b="0.000000" m_c="0.000000" m_d="0.600000" m_tx="-96.000000" m_ty="-228.000000"/>
  </frame>
  <frame idx="300" w="247" h="442" x="-14.999996" y="-131.500000">
   <element name="wteddy" layername="timeline_0" frame="0" z_index="2" m_a="0.600000" m_b="0.000000" m_c="0.000000" m_d="0.600000" m_tx="-96.000000" m_ty="-228.000000"/>
  </frame>
  <frame idx="325" w="247" h="442" x="-14.999996" y="-131.500000">
   <element name="wteddy" layername="timeline_0" frame="0" z_index="2" m_a="0.600000" m_b="0.000000" m_c="0.000000" m_d="0.600000" m_tx="-96.000000" m_ty="-228.000000"/>
  </frame>
  <frame idx="350" w="247" h="442" x="-14.999996" y="-131.500000">
   <element name="wteddy" layername="timeline_0" frame="0" z_index="2" m_a="0.600000" m_b="0.000000" m_c="0.000000" m_d="0.600000" m_tx="-96.000000" m_ty="-228.000000"/>
  </frame>
  <frame idx="375" w="247" h="442" x="-14.999996" y="-131.500000">
   <element name="wteddy" layername="timeline_0" frame="0" z_index="2" m_a="0.600000" m_b="0.000000" m_c="0.000000" m_d="0.600000" m_tx="-96.000000" m_ty="-228.000000"/>
  </frame>
  <frame idx="400" w="247" h="442" x="-14.999996" y="-131.500000">
   <element name="wteddy" layername="timeline_0" frame="0" z_index="2" m_a="0.600000" m_b="0.000000" m_c="0.000000" m_d="0.600000" m_tx="-96.000000" m_ty="-228.000000"/>
  </frame>
  <frame idx="425" w="247" h="442" x="-14.999996" y="-131.500000">
   <element name="wteddy" layername="timeline_0" frame="0" z_index="2" m_a="0.600000" m_b="0.000000" m_c="0.000000" m_d="0.600000" m_tx="-96.000000" m_ty="-228.000000"/>
  </frame>
  <frame idx="450" w="247" h="442" x="-14.999996" y="-131.500000">
   <element name="wteddy" layername="timeline_0" frame="0" z_index="2" m_a="0.600000" m_b="0.000000" m_c="0.000000" m_d="0.600000" m_tx="-96.000000" m_ty="-228.000000"/>
  </frame>
  <frame idx="475" w="247" h="442" x="-14.999996" y="-131.500000">
   <element name="wteddy" layername="timeline_0" frame="0" z_index="2" m_a="0.600000" m_b="0.000000" m_c="0.000000" m_d="0.600000" m_tx="-96.000000" m_ty="-228.000000"/>
  </frame>
  <frame idx="500" w="247" h="442" x="-14.999996" y="-131.500000">
   <element name="wteddy" layername="timeline_0" frame="0" z_index="2" m_a="0.600000" m_b="0.000000" m_c="0.000000" m_d="0.600000" m_tx="-96.000000" m_ty="-228.000000"/>
  </frame>
  <frame idx="525" w="247" h="442" x="-14.999996" y="-131.500000">
   <element name="wteddy" layername="timeline_0" frame="0" z_index="2" m_a="0.600000" m_b="0.000000" m_c="0.000000" m_d="0.600000" m_tx="-96.000000" m_ty="-228.000000"/>
  </frame>
  <frame idx="550" w="247" h="442" x="-14.999996" y="-131.500000">
   <element name="wteddy" layername="timeline_0" frame="0" z_index="2" m_a="0.600000" m_b="0.000000" m_c="0.000000" m_d="0.600000" m_tx="-96.000000" m_ty="-228.000000"/>
  </frame>
  <frame idx="575" w="247" h="442" x="-14.999996" y="-131.500000">
   <element name="wteddy" layername="timeline_0" frame="0" z_index="2" m_a="0.600000" m_b="0.000000" m_c="0.000000" m_d="0.600000" m_tx="-96.000000" m_ty="-228.000000"/>
  </frame>
  <frame idx="600" w="247" h="442" x="-14.999996" y="-131.500000">
   <element name="wteddy" layername="timeline_0" frame="0" z_index="2" m_a="0.600000" m_b="0.000000" m_c="0.000000" m_d="0.600000" m_tx="-96.000000" m_ty="-228.000000"/>
  </frame>
  <frame idx="625" w="247" h="442" x="-14.999996" y="-131.500000">
   <element name="wteddy" layername="timeline_0" frame="0" z_index="2" m_a="0.600000" m_b="0.000000" m_c="0.000000" m_d="0.600000" m_tx="-96.000000" m_ty="-228.000000"/>
  </frame>
  <frame idx="650" w="247" h="442" x="-14.999996" y="-131.500000">
   <element name="wteddy" layername="timeline_0" frame="0" z_index="2" m_a="0.600000" m_b="0.000000" m_c="0.000000" m_d="0.600000" m_tx="-96.000000" m_ty="-228.000000"/>
  </frame>
  <frame idx="675" w="247" h="442" x="-14.999996" y="-131.500000">
   <element name="wteddy" layername="timeline_0" frame="0" z_index="2" m_a="0.600000" m_b="0.000000" m_c="0.000000" m_d="0.600000" m_tx="-96.000000" m_ty="-228.000000"/>
  </frame>
  <frame idx="700" w="247" h="442" x="-14.999996" y="-131.500000">
   <element name="wteddy" layername="timeline_0" frame="0" z_index="2" m_a="0.600000" m_b="0.000000" m_c="0.000000" m_d="0.600000" m_tx="-96.000000" m_ty="-228.000000"/>
  </frame>
  <frame idx="725" w="247" h="442" x="-14.999996" y="-131.500000">
   <element name="wteddy" layername="timeline_0" frame="0" z_index="2" m_a="0.600000" m_b="0.000000" m_c="0.000000" m_d="0.600000" m_tx="-96.000000" m_ty="-228.000000"/>
  </frame>
  <frame idx="750" w="247" h="442" x="-14.999996" y="-131.500000">
   <element name="wteddy" layername="timeline_0" frame="0" z_index="2" m_a="0.600000" m_b="0.000000" m_c="0.000000" m_d="0.600000" m_tx="-96.000000" m_ty="-228.000000"/>
  </frame>
  <frame idx="775" w="247" h="442" x="-14.999996" y="-131.500000">
   <element name="wteddy" layername="timeline_0" frame="0" z_index="2" m_a="0.600000" m_b="0.000000" m_c="0.000000" m_d="0.600000" m_tx="-96.000000" m_ty="-228.000000"/>
  </frame>
  <frame idx="800" w="247" h="442" x="-14.999996" y="-131.500000">
   <element name="wteddy" layername="timeline_0" frame="0" z_index="2" m_a="0.600000" m_b="0.000000" m_c="0.000000" m_d="0.600000" m_tx="-96.000000" m_ty="-228.000000"/>
  </frame>
  <frame idx="825" w="247" h="442" x="-14.999996" y="-131.500000">
   <element name="wteddy" layername="timeline_0" frame="0" z_index="2" m_a="0.600000" m_b="0.000000" m_c="0.000000" m_d="0.600000" m_tx="-96.000000" m_ty="-228.000000"/>
  </frame>
  <frame idx="850" w="247" h="442" x="-14.999996" y="-131.500000">
   <element name="wteddy" layername="timeline_0" frame="0" z_index="2" m_a="0.600000" m_b="0.000000" m_c="0.000000" m_d="0.600000" m_tx="-96.000000" m_ty="-228.000000"/>
  </frame>
  <frame idx="875" w="247" h="442" x="-14.999996" y="-131.500000">
   <element name="wteddy" layername="timeline_0" frame="0" z_index="2" m_a="0.600000" m_b="0.000000" m_c="0.000000" m_d="0.600000" m_tx="-96.000000" m_ty="-228.000000"/>
  </frame>
  <frame idx="900" w="247" h="442" x="-14.999996" y="-131.500000">
   <element name="wteddy" layername="timeline_0" frame="0" z_index="2" m_a="0.600000" m_b="0.000000" m_c="0.000000" m_d="0.600000" m_tx="-96.000000" m_ty="-228.000000"/>
  </frame>
  <frame idx="925" w="247" h="442" x="-14.999996" y="-131.500000">
   <element name="wteddy" layername="timeline_0" frame="0" z_index="2" m_a="0.600000" m_b="0.000000" m_c="0.000000" m_d="0.600000" m_tx="-96.000000" m_ty="-228.000000"/>
  </frame>
  <frame idx="950" w="247" h="442" x="-14.999996" y="-131.500000">
   <element name="wteddy" layername="timeline_0" frame="0" z_index="2" m_a="0.600000" m_b="0.000000" m_c="0.000000" m_d="0.600000" m_tx="-96.000000" m_ty="-228.000000"/>
  </frame>
  <frame idx="975" w="247" h="442" x="-14.999996" y="-131.500000">
   <element name="wteddy" layername="timeline_0" frame="0" z_index="2" m_a="0.600000" m_b="0.000000" m_c="0.000000" m_d="0.600000" m_tx="-96.000000" m_ty="-228.000000"/>
  </frame>
 </anim>
 <anim name="idle" root="wteddy_dead" numframes="1000" framerate="40">
  <frame idx="0" w="399" h="525" x="-31.599993" y="-138.899994">
   <element name="wteddy" layername="timeline_0" frame="1" z_index="2" m_a="0.600000" m_b="0.000000" m_c="0.000000" m_d="0.600000" m_tx="-164.000000" m_ty="-265.000000"/>
  </frame>
  <frame idx="25" w="399" h="525" x="-31.599993" y="-138.899994">
   <element name="wteddy" layername="timeline_0" frame="1" z_index="2" m_a="0.600000" m_b="0.000000" m_c="0.000000" m_d="0.600000" m_tx="-164.000000" m_ty="-265.000000"/>
  </frame>
  <frame idx="50" w="399" h="525" x="-31.599993" y="-138.899994">
   <element name="wteddy" layername="timeline_0" frame="1" z_index="2" m_a="0.600000" m_b="0.000000" m_c="0.000000" m_d="0.600000" m_tx="-164.000000" m_ty="-265.000000"/>
  </frame>
  <frame idx="75" w="399" h="525" x="-31.599993" y="-138.899994">
   <element name="wteddy" layername="timeline_0" frame="1" z_index="2" m_a="0.600000" m_b="0.000000" m_c="0.000000" m_d="0.600000" m_tx="-164.000000" m_ty="-265.000000"/>
  </frame>
  <frame idx="100" w="399" h="525" x="-31.599993" y="-138.899994">
   <element name="wteddy" layername="timeline_0" frame="1" z_index="2" m_a="0.600000" m_b="0.000000" m_c="0.000000" m_d="0.600000" m_tx="-164.000000" m_ty="-265.000000"/>
  </frame>
  <frame idx="125" w="399" h="525" x="-31.599993" y="-138.899994">
   <element name="wteddy" layername="timeline_0" frame="1" z_index="2" m_a="0.600000" m_b="0.000000" m_c="0.000000" m_d="0.600000" m_tx="-164.000000" m_ty="-265.000000"/>
  </frame>
  <frame idx="150" w="399" h="525" x="-31.599993" y="-138.899994">
   <element name="wteddy" layername="timeline_0" frame="1" z_index="2" m_a="0.600000" m_b="0.000000" m_c="0.000000" m_d="0.600000" m_tx="-164.000000" m_ty="-265.000000"/>
  </frame>
  <frame idx="175" w="399" h="525" x="-31.599993" y="-138.899994">
   <element name="wteddy" layername="timeline_0" frame="1" z_index="2" m_a="0.600000" m_b="0.000000" m_c="0.000000" m_d="0.600000" m_tx="-164.000000" m_ty="-265.000000"/>
  </frame>
  <frame idx="200" w="399" h="525" x="-31.599993" y="-138.899994">
   <element name="wteddy" layername="timeline_0" frame="1" z_index="2" m_a="0.600000" m_b="0.000000" m_c="0.000000" m_d="0.600000" m_tx="-164.000000" m_ty="-265.000000"/>
  </frame>
  <frame idx="225" w="399" h="525" x="-31.599993" y="-138.899994">
   <element name="wteddy" layername="timeline_0" frame="1" z_index="2" m_a="0.600000" m_b="0.000000" m_c="0.000000" m_d="0.600000" m_tx="-164.000000" m_ty="-265.000000"/>
  </frame>
  <frame idx="250" w="399" h="525" x="-31.599993" y="-138.899994">
   <element name="wteddy" layername="timeline_0" frame="1" z_index="2" m_a="0.600000" m_b="0.000000" m_c="0.000000" m_d="0.600000" m_tx="-164.000000" m_ty="-265.000000"/>
  </frame>
  <frame idx="275" w="399" h="525" x="-31.599993" y="-138.899994">
   <element name="wteddy" layername="timeline_0" frame="1" z_index="2" m_a="0.600000" m_b="0.000000" m_c="0.000000" m_d="0.600000" m_tx="-164.000000" m_ty="-265.000000"/>
  </frame>
  <frame idx="300" w="399" h="525" x="-31.599993" y="-138.899994">
   <element name="wteddy" layername="timeline_0" frame="1" z_index="2" m_a="0.600000" m_b="0.000000" m_c="0.000000" m_d="0.600000" m_tx="-164.000000" m_ty="-265.000000"/>
  </frame>
  <frame idx="325" w="399" h="525" x="-31.599993" y="-138.899994">
   <element name="wteddy" layername="timeline_0" frame="1" z_index="2" m_a="0.600000" m_b="0.000000" m_c="0.000000" m_d="0.600000" m_tx="-164.000000" m_ty="-265.000000"/>
  </frame>
  <frame idx="350" w="399" h="525" x="-31.599993" y="-138.899994">
   <element name="wteddy" layername="timeline_0" frame="1" z_index="2" m_a="0.600000" m_b="0.000000" m_c="0.000000" m_d="0.600000" m_tx="-164.000000" m_ty="-265.000000"/>
  </frame>
  <frame idx="375" w="399" h="525" x="-31.599993" y="-138.899994">
   <element name="wteddy" layername="timeline_0" frame="1" z_index="2" m_a="0.600000" m_b="0.000000" m_c="0.000000" m_d="0.600000" m_tx="-164.000000" m_ty="-265.000000"/>
  </frame>
  <frame idx="400" w="399" h="525" x="-31.599993" y="-138.899994">
   <element name="wteddy" layername="timeline_0" frame="1" z_index="2" m_a="0.600000" m_b="0.000000" m_c="0.000000" m_d="0.600000" m_tx="-164.000000" m_ty="-265.000000"/>
  </frame>
  <frame idx="425" w="399" h="525" x="-31.599993" y="-138.899994">
   <element name="wteddy" layername="timeline_0" frame="1" z_index="2" m_a="0.600000" m_b="0.000000" m_c="0.000000" m_d="0.600000" m_tx="-164.000000" m_ty="-265.000000"/>
  </frame>
  <frame idx="450" w="399" h="525" x="-31.599993" y="-138.899994">
   <element name="wteddy" layername="timeline_0" frame="1" z_index="2" m_a="0.600000" m_b="0.000000" m_c="0.000000" m_d="0.600000" m_tx="-164.000000" m_ty="-265.000000"/>
  </frame>
  <frame idx="475" w="399" h="525" x="-31.599993" y="-138.899994">
   <element name="wteddy" layername="timeline_0" frame="1" z_index="2" m_a="0.600000" m_b="0.000000" m_c="0.000000" m_d="0.600000" m_tx="-164.000000" m_ty="-265.000000"/>
  </frame>
  <frame idx="500" w="399" h="525" x="-31.599993" y="-138.899994">
   <element name="wteddy" layername="timeline_0" frame="1" z_index="2" m_a="0.600000" m_b="0.000000" m_c="0.000000" m_d="0.600000" m_tx="-164.000000" m_ty="-265.000000"/>
  </frame>
  <frame idx="525" w="399" h="525" x="-31.599993" y="-138.899994">
   <element name="wteddy" layername="timeline_0" frame="1" z_index="2" m_a="0.600000" m_b="0.000000" m_c="0.000000" m_d="0.600000" m_tx="-164.000000" m_ty="-265.000000"/>
  </frame>
  <frame idx="550" w="399" h="525" x="-31.599993" y="-138.899994">
   <element name="wteddy" layername="timeline_0" frame="1" z_index="2" m_a="0.600000" m_b="0.000000" m_c="0.000000" m_d="0.600000" m_tx="-164.000000" m_ty="-265.000000"/>
  </frame>
  <frame idx="575" w="399" h="525" x="-31.599993" y="-138.899994">
   <element name="wteddy" layername="timeline_0" frame="1" z_index="2" m_a="0.600000" m_b="0.000000" m_c="0.000000" m_d="0.600000" m_tx="-164.000000" m_ty="-265.000000"/>
  </frame>
  <frame idx="600" w="399" h="525" x="-31.599993" y="-138.899994">
   <element name="wteddy" layername="timeline_0" frame="1" z_index="2" m_a="0.600000" m_b="0.000000" m_c="0.000000" m_d="0.600000" m_tx="-164.000000" m_ty="-265.000000"/>
  </frame>
  <frame idx="625" w="399" h="525" x="-31.599993" y="-138.899994">
   <element name="wteddy" layername="timeline_0" frame="1" z_index="2" m_a="0.600000" m_b="0.000000" m_c="0.000000" m_d="0.600000" m_tx="-164.000000" m_ty="-265.000000"/>
  </frame>
  <frame idx="650" w="399" h="525" x="-31.599993" y="-138.899994">
   <element name="wteddy" layername="timeline_0" frame="1" z_index="2" m_a="0.600000" m_b="0.000000" m_c="0.000000" m_d="0.600000" m_tx="-164.000000" m_ty="-265.000000"/>
  </frame>
  <frame idx="675" w="399" h="525" x="-31.599993" y="-138.899994">
   <element name="wteddy" layername="timeline_0" frame="1" z_index="2" m_a="0.600000" m_b="0.000000" m_c="0.000000" m_d="0.600000" m_tx="-164.000000" m_ty="-265.000000"/>
  </frame>
  <frame idx="700" w="399" h="525" x="-31.599993" y="-138.899994">
   <element name="wteddy" layername="timeline_0" frame="1" z_index="2" m_a="0.600000" m_b="0.000000" m_c="0.000000" m_d="0.600000" m_tx="-164.000000" m_ty="-265.000000"/>
  </frame>
  <frame idx="725" w="399" h="525" x="-31.599993" y="-138.899994">
   <element name="wteddy" layername="timeline_0" frame="1" z_index="2" m_a="0.600000" m_b="0.000000" m_c="0.000000" m_d="0.600000" m_tx="-164.000000" m_ty="-265.000000"/>
  </frame>
  <frame idx="750" w="399" h="525" x="-31.599993" y="-138.899994">
   <element name="wteddy" layername="timeline_0" frame="1" z_index="2" m_a="0.600000" m_b="0.000000" m_c="0.000000" m_d="0.600000" m_tx="-164.000000" m_ty="-265.000000"/>
  </frame>
  <frame idx="775" w="399" h="525" x="-31.599993" y="-138.899994">
   <element name="wteddy" layername="timeline_0" frame="1" z_index="2" m_a="0.600000" m_b="0.000000" m_c="0.000000" m_d="0.600000" m_tx="-164.000000" m_ty="-265.000000"/>
  </frame>
  <frame idx="800" w="399" h="525" x="-31.599993" y="-138.899994">
   <element name="wteddy" layername="timeline_0" frame="1" z_index="2" m_a="0.600000" m_b="0.000000" m_c="0.000000" m_d="0.600000" m_tx="-164.000000" m_ty="-265.000000"/>
  </frame>
  <frame idx="825" w="399" h="525" x="-31.599993" y="-138.899994">
   <element name="wteddy" layername="timeline_0" frame="1" z_index="2" m_a="0.600000" m_b="0.000000" m_c="0.000000" m_d="0.600000" m_tx="-164.000000" m_ty="-265.000000"/>
  </frame>
  <frame idx="850" w="399" h="525" x="-31.599993" y="-138.899994">
   <element name="wteddy" layername="timeline_0" frame="1" z_index="2" m_a="0.600000" m_b="0.000000" m_c="0.000000" m_d="0.600000" m_tx="-164.000000" m_ty="-265.000000"/>
  </frame>
  <frame idx="875" w="399" h="525" x="-31.599993" y="-138.899994">
   <element name="wteddy" layername="timeline_0" frame="1" z_index="2" m_a="0.600000" m_b="0.000000" m_c="0.000000" m_d="0.600000" m_tx="-164.000000" m_ty="-265.000000"/>
  </frame>
  <frame idx="900" w="399" h="525" x="-31.599993" y="-138.899994">
   <element name="wteddy" layername="timeline_0" frame="1" z_index="2" m_a="0.600000" m_b="0.000000" m_c="0.000000" m_d="0.600000" m_tx="-164.000000" m_ty="-265.000000"/>
  </frame>
  <frame idx="925" w="399" h="525" x="-31.599993" y="-138.899994">
   <element name="wteddy" layername="timeline_0" frame="1" z_index="2" m_a="0.600000" m_b="0.000000" m_c="0.000000" m_d="0.600000" m_tx="-164.000000" m_ty="-265.000000"/>
  </frame>
  <frame idx="950" w="399" h="525" x="-31.599993" y="-138.899994">
   <element name="wteddy" layername="timeline_0" frame="1" z_index="2" m_a="0.600000" m_b="0.000000" m_c="0.000000" m_d="0.600000" m_tx="-164.000000" m_ty="-265.000000"/>
  </frame>
  <frame idx="975" w="399" h="525" x="-31.599993" y="-138.899994">
   <element name="wteddy" layername="timeline_0" frame="1" z_index="2" m_a="0.600000" m_b="0.000000" m_c="0.000000" m_d="0.600000" m_tx="-164.000000" m_ty="-265.000000"/>
  </frame>
 </anim>
</Anims>
