<Anims>
 <anim name="BUILD" root="swap_wgunspring" numframes="1000" framerate="40">
  <frame idx="0" w="241" h="258" x="9.500000" y="-84.500000">
   <element name="swap_wgun" layername="timeline_0" frame="4" z_index="5" m_a="1.000000" m_b="0.000000" m_c="0.000000" m_d="1.000000" m_tx="-70.000000" m_ty="-124.000000"/>
  </frame>
  <frame idx="25" w="241" h="258" x="9.500000" y="-84.500000">
   <element name="swap_wgun" layername="timeline_0" frame="4" z_index="5" m_a="1.000000" m_b="0.000000" m_c="0.000000" m_d="1.000000" m_tx="-70.000000" m_ty="-124.000000"/>
  </frame>
  <frame idx="50" w="241" h="258" x="9.500000" y="-84.500000">
   <element name="swap_wgun" layername="timeline_0" frame="4" z_index="5" m_a="1.000000" m_b="0.000000" m_c="0.000000" m_d="1.000000" m_tx="-70.000000" m_ty="-124.000000"/>
  </frame>
  <frame idx="75" w="241" h="258" x="9.500000" y="-84.500000">
   <element name="swap_wgun" layername="timeline_0" frame="4" z_index="5" m_a="1.000000" m_b="0.000000" m_c="0.000000" m_d="1.000000" m_tx="-70.000000" m_ty="-124.000000"/>
  </frame>
  <frame idx="100" w="241" h="258" x="9.500000" y="-84.500000">
   <element name="swap_wgun" layername="timeline_0" frame="4" z_index="5" m_a="1.000000" m_b="0.000000" m_c="0.000000" m_d="1.000000" m_tx="-70.000000" m_ty="-124.000000"/>
  </frame>
  <frame idx="125" w="241" h="258" x="9.500000" y="-84.500000">
   <element name="swap_wgun" layername="timeline_0" frame="4" z_index="5" m_a="1.000000" m_b="0.000000" m_c="0.000000" m_d="1.000000" m_tx="-70.000000" m_ty="-124.000000"/>
  </frame>
  <frame idx="150" w="241" h="258" x="9.500000" y="-84.500000">
   <element name="swap_wgun" layername="timeline_0" frame="4" z_index="5" m_a="1.000000" m_b="0.000000" m_c="0.000000" m_d="1.000000" m_tx="-70.000000" m_ty="-124.000000"/>
  </frame>
  <frame idx="175" w="241" h="258" x="9.500000" y="-84.500000">
   <element name="swap_wgun" layername="timeline_0" frame="4" z_index="5" m_a="1.000000" m_b="0.000000" m_c="0.000000" m_d="1.000000" m_tx="-70.000000" m_ty="-124.000000"/>
  </frame>
  <frame idx="200" w="241" h="258" x="9.500000" y="-84.500000">
   <element name="swap_wgun" layername="timeline_0" frame="4" z_index="5" m_a="1.000000" m_b="0.000000" m_c="0.000000" m_d="1.000000" m_tx="-70.000000" m_ty="-124.000000"/>
  </frame>
  <frame idx="225" w="241" h="258" x="9.500000" y="-84.500000">
   <element name="swap_wgun" layername="timeline_0" frame="4" z_index="5" m_a="1.000000" m_b="0.000000" m_c="0.000000" m_d="1.000000" m_tx="-70.000000" m_ty="-124.000000"/>
  </frame>
  <frame idx="250" w="241" h="258" x="9.500000" y="-84.500000">
   <element name="swap_wgun" layername="timeline_0" frame="4" z_index="5" m_a="1.000000" m_b="0.000000" m_c="0.000000" m_d="1.000000" m_tx="-70.000000" m_ty="-124.000000"/>
  </frame>
  <frame idx="275" w="241" h="258" x="9.500000" y="-84.500000">
   <element name="swap_wgun" layername="timeline_0" frame="4" z_index="5" m_a="1.000000" m_b="0.000000" m_c="0.000000" m_d="1.000000" m_tx="-70.000000" m_ty="-124.000000"/>
  </frame>
  <frame idx="300" w="241" h="258" x="9.500000" y="-84.500000">
   <element name="swap_wgun" layername="timeline_0" frame="4" z_index="5" m_a="1.000000" m_b="0.000000" m_c="0.000000" m_d="1.000000" m_tx="-70.000000" m_ty="-124.000000"/>
  </frame>
  <frame idx="325" w="241" h="258" x="9.500000" y="-84.500000">
   <element name="swap_wgun" layername="timeline_0" frame="4" z_index="5" m_a="1.000000" m_b="0.000000" m_c="0.000000" m_d="1.000000" m_tx="-70.000000" m_ty="-124.000000"/>
  </frame>
  <frame idx="350" w="241" h="258" x="9.500000" y="-84.500000">
   <element name="swap_wgun" layername="timeline_0" frame="4" z_index="5" m_a="1.000000" m_b="0.000000" m_c="0.000000" m_d="1.000000" m_tx="-70.000000" m_ty="-124.000000"/>
  </frame>
  <frame idx="375" w="241" h="258" x="9.500000" y="-84.500000">
   <element name="swap_wgun" layername="timeline_0" frame="4" z_index="5" m_a="1.000000" m_b="0.000000" m_c="0.000000" m_d="1.000000" m_tx="-70.000000" m_ty="-124.000000"/>
  </frame>
  <frame idx="400" w="241" h="258" x="9.500000" y="-84.500000">
   <element name="swap_wgun" layername="timeline_0" frame="4" z_index="5" m_a="1.000000" m_b="0.000000" m_c="0.000000" m_d="1.000000" m_tx="-70.000000" m_ty="-124.000000"/>
  </frame>
  <frame idx="425" w="241" h="258" x="9.500000" y="-84.500000">
   <element name="swap_wgun" layername="timeline_0" frame="4" z_index="5" m_a="1.000000" m_b="0.000000" m_c="0.000000" m_d="1.000000" m_tx="-70.000000" m_ty="-124.000000"/>
  </frame>
  <frame idx="450" w="241" h="258" x="9.500000" y="-84.500000">
   <element name="swap_wgun" layername="timeline_0" frame="4" z_index="5" m_a="1.000000" m_b="0.000000" m_c="0.000000" m_d="1.000000" m_tx="-70.000000" m_ty="-124.000000"/>
  </frame>
  <frame idx="475" w="241" h="258" x="9.500000" y="-84.500000">
   <element name="swap_wgun" layername="timeline_0" frame="4" z_index="5" m_a="1.000000" m_b="0.000000" m_c="0.000000" m_d="1.000000" m_tx="-70.000000" m_ty="-124.000000"/>
  </frame>
  <frame idx="500" w="241" h="258" x="9.500000" y="-84.500000">
   <element name="swap_wgun" layername="timeline_0" frame="4" z_index="5" m_a="1.000000" m_b="0.000000" m_c="0.000000" m_d="1.000000" m_tx="-70.000000" m_ty="-124.000000"/>
  </frame>
  <frame idx="525" w="241" h="258" x="9.500000" y="-84.500000">
   <element name="swap_wgun" layername="timeline_0" frame="4" z_index="5" m_a="1.000000" m_b="0.000000" m_c="0.000000" m_d="1.000000" m_tx="-70.000000" m_ty="-124.000000"/>
  </frame>
  <frame idx="550" w="241" h="258" x="9.500000" y="-84.500000">
   <element name="swap_wgun" layername="timeline_0" frame="4" z_index="5" m_a="1.000000" m_b="0.000000" m_c="0.000000" m_d="1.000000" m_tx="-70.000000" m_ty="-124.000000"/>
  </frame>
  <frame idx="575" w="241" h="258" x="9.500000" y="-84.500000">
   <element name="swap_wgun" layername="timeline_0" frame="4" z_index="5" m_a="1.000000" m_b="0.000000" m_c="0.000000" m_d="1.000000" m_tx="-70.000000" m_ty="-124.000000"/>
  </frame>
  <frame idx="600" w="241" h="258" x="9.500000" y="-84.500000">
   <element name="swap_wgun" layername="timeline_0" frame="4" z_index="5" m_a="1.000000" m_b="0.000000" m_c="0.000000" m_d="1.000000" m_tx="-70.000000" m_ty="-124.000000"/>
  </frame>
  <frame idx="625" w="241" h="258" x="9.500000" y="-84.500000">
   <element name="swap_wgun" layername="timeline_0" frame="4" z_index="5" m_a="1.000000" m_b="0.000000" m_c="0.000000" m_d="1.000000" m_tx="-70.000000" m_ty="-124.000000"/>
  </frame>
  <frame idx="650" w="241" h="258" x="9.500000" y="-84.500000">
   <element name="swap_wgun" layername="timeline_0" frame="4" z_index="5" m_a="1.000000" m_b="0.000000" m_c="0.000000" m_d="1.000000" m_tx="-70.000000" m_ty="-124.000000"/>
  </frame>
  <frame idx="675" w="241" h="258" x="9.500000" y="-84.500000">
   <element name="swap_wgun" layername="timeline_0" frame="4" z_index="5" m_a="1.000000" m_b="0.000000" m_c="0.000000" m_d="1.000000" m_tx="-70.000000" m_ty="-124.000000"/>
  </frame>
  <frame idx="700" w="241" h="258" x="9.500000" y="-84.500000">
   <element name="swap_wgun" layername="timeline_0" frame="4" z_index="5" m_a="1.000000" m_b="0.000000" m_c="0.000000" m_d="1.000000" m_tx="-70.000000" m_ty="-124.000000"/>
  </frame>
  <frame idx="725" w="241" h="258" x="9.500000" y="-84.500000">
   <element name="swap_wgun" layername="timeline_0" frame="4" z_index="5" m_a="1.000000" m_b="0.000000" m_c="0.000000" m_d="1.000000" m_tx="-70.000000" m_ty="-124.000000"/>
  </frame>
  <frame idx="750" w="241" h="258" x="9.500000" y="-84.500000">
   <element name="swap_wgun" layername="timeline_0" frame="4" z_index="5" m_a="1.000000" m_b="0.000000" m_c="0.000000" m_d="1.000000" m_tx="-70.000000" m_ty="-124.000000"/>
  </frame>
  <frame idx="775" w="241" h="258" x="9.500000" y="-84.500000">
   <element name="swap_wgun" layername="timeline_0" frame="4" z_index="5" m_a="1.000000" m_b="0.000000" m_c="0.000000" m_d="1.000000" m_tx="-70.000000" m_ty="-124.000000"/>
  </frame>
  <frame idx="800" w="241" h="258" x="9.500000" y="-84.500000">
   <element name="swap_wgun" layername="timeline_0" frame="4" z_index="5" m_a="1.000000" m_b="0.000000" m_c="0.000000" m_d="1.000000" m_tx="-70.000000" m_ty="-124.000000"/>
  </frame>
  <frame idx="825" w="241" h="258" x="9.500000" y="-84.500000">
   <element name="swap_wgun" layername="timeline_0" frame="4" z_index="5" m_a="1.000000" m_b="0.000000" m_c="0.000000" m_d="1.000000" m_tx="-70.000000" m_ty="-124.000000"/>
  </frame>
  <frame idx="850" w="241" h="258" x="9.500000" y="-84.500000">
   <element name="swap_wgun" layername="timeline_0" frame="4" z_index="5" m_a="1.000000" m_b="0.000000" m_c="0.000000" m_d="1.000000" m_tx="-70.000000" m_ty="-124.000000"/>
  </frame>
  <frame idx="875" w="241" h="258" x="9.500000" y="-84.500000">
   <element name="swap_wgun" layername="timeline_0" frame="4" z_index="5" m_a="1.000000" m_b="0.000000" m_c="0.000000" m_d="1.000000" m_tx="-70.000000" m_ty="-124.000000"/>
  </frame>
  <frame idx="900" w="241" h="258" x="9.500000" y="-84.500000">
   <element name="swap_wgun" layername="timeline_0" frame="4" z_index="5" m_a="1.000000" m_b="0.000000" m_c="0.000000" m_d="1.000000" m_tx="-70.000000" m_ty="-124.000000"/>
  </frame>
  <frame idx="925" w="241" h="258" x="9.500000" y="-84.500000">
   <element name="swap_wgun" layername="timeline_0" frame="4" z_index="5" m_a="1.000000" m_b="0.000000" m_c="0.000000" m_d="1.000000" m_tx="-70.000000" m_ty="-124.000000"/>
  </frame>
  <frame idx="950" w="241" h="258" x="9.500000" y="-84.500000">
   <element name="swap_wgun" layername="timeline_0" frame="4" z_index="5" m_a="1.000000" m_b="0.000000" m_c="0.000000" m_d="1.000000" m_tx="-70.000000" m_ty="-124.000000"/>
  </frame>
  <frame idx="975" w="241" h="258" x="9.500000" y="-84.500000">
   <element name="swap_wgun" layername="timeline_0" frame="4" z_index="5" m_a="1.000000" m_b="0.000000" m_c="0.000000" m_d="1.000000" m_tx="-70.000000" m_ty="-124.000000"/>
  </frame>
 </anim>
 <anim name="BUILD" root="swap_wgun" numframes="1000" framerate="40">
  <frame idx="0" w="241" h="258" x="8.765627" y="-84.314690">
   <element name="swap_wgun" layername="timeline_0" frame="0" z_index="5" m_a="1.000000" m_b="0.000000" m_c="0.000000" m_d="1.000000" m_tx="9.100824" m_ty="-31.258656"/>
  </frame>
  <frame idx="25" w="241" h="258" x="8.765627" y="-84.314690">
   <element name="swap_wgun" layername="timeline_0" frame="0" z_index="5" m_a="1.000000" m_b="0.000000" m_c="0.000000" m_d="1.000000" m_tx="9.100824" m_ty="-31.258656"/>
  </frame>
  <frame idx="50" w="241" h="258" x="8.765627" y="-84.314690">
   <element name="swap_wgun" layername="timeline_0" frame="0" z_index="5" m_a="1.000000" m_b="0.000000" m_c="0.000000" m_d="1.000000" m_tx="9.100824" m_ty="-31.258656"/>
  </frame>
  <frame idx="75" w="241" h="258" x="8.765627" y="-84.314690">
   <element name="swap_wgun" layername="timeline_0" frame="0" z_index="5" m_a="1.000000" m_b="0.000000" m_c="0.000000" m_d="1.000000" m_tx="9.100824" m_ty="-31.258656"/>
  </frame>
  <frame idx="100" w="241" h="258" x="8.765627" y="-84.314690">
   <element name="swap_wgun" layername="timeline_0" frame="0" z_index="5" m_a="1.000000" m_b="0.000000" m_c="0.000000" m_d="1.000000" m_tx="9.100824" m_ty="-31.258656"/>
  </frame>
  <frame idx="125" w="241" h="258" x="8.765627" y="-84.314690">
   <element name="swap_wgun" layername="timeline_0" frame="0" z_index="5" m_a="1.000000" m_b="0.000000" m_c="0.000000" m_d="1.000000" m_tx="9.100824" m_ty="-31.258656"/>
  </frame>
  <frame idx="150" w="241" h="258" x="8.765627" y="-84.314690">
   <element name="swap_wgun" layername="timeline_0" frame="0" z_index="5" m_a="1.000000" m_b="0.000000" m_c="0.000000" m_d="1.000000" m_tx="9.100824" m_ty="-31.258656"/>
  </frame>
  <frame idx="175" w="241" h="258" x="8.765627" y="-84.314690">
   <element name="swap_wgun" layername="timeline_0" frame="0" z_index="5" m_a="1.000000" m_b="0.000000" m_c="0.000000" m_d="1.000000" m_tx="9.100824" m_ty="-31.258656"/>
  </frame>
  <frame idx="200" w="241" h="258" x="8.765627" y="-84.314690">
   <element name="swap_wgun" layername="timeline_0" frame="0" z_index="5" m_a="1.000000" m_b="0.000000" m_c="0.000000" m_d="1.000000" m_tx="9.100824" m_ty="-31.258656"/>
  </frame>
  <frame idx="225" w="241" h="258" x="8.765627" y="-84.314690">
   <element name="swap_wgun" layername="timeline_0" frame="0" z_index="5" m_a="1.000000" m_b="0.000000" m_c="0.000000" m_d="1.000000" m_tx="9.100824" m_ty="-31.258656"/>
  </frame>
  <frame idx="250" w="241" h="258" x="8.765627" y="-84.314690">
   <element name="swap_wgun" layername="timeline_0" frame="0" z_index="5" m_a="1.000000" m_b="0.000000" m_c="0.000000" m_d="1.000000" m_tx="9.100824" m_ty="-31.258656"/>
  </frame>
  <frame idx="275" w="241" h="258" x="8.765627" y="-84.314690">
   <element name="swap_wgun" layername="timeline_0" frame="0" z_index="5" m_a="1.000000" m_b="0.000000" m_c="0.000000" m_d="1.000000" m_tx="9.100824" m_ty="-31.258656"/>
  </frame>
  <frame idx="300" w="241" h="258" x="8.765627" y="-84.314690">
   <element name="swap_wgun" layername="timeline_0" frame="0" z_index="5" m_a="1.000000" m_b="0.000000" m_c="0.000000" m_d="1.000000" m_tx="9.100824" m_ty="-31.258656"/>
  </frame>
  <frame idx="325" w="241" h="258" x="8.765627" y="-84.314690">
   <element name="swap_wgun" layername="timeline_0" frame="0" z_index="5" m_a="1.000000" m_b="0.000000" m_c="0.000000" m_d="1.000000" m_tx="9.100824" m_ty="-31.258656"/>
  </frame>
  <frame idx="350" w="241" h="258" x="8.765627" y="-84.314690">
   <element name="swap_wgun" layername="timeline_0" frame="0" z_index="5" m_a="1.000000" m_b="0.000000" m_c="0.000000" m_d="1.000000" m_tx="9.100824" m_ty="-31.258656"/>
  </frame>
  <frame idx="375" w="241" h="258" x="8.765627" y="-84.314690">
   <element name="swap_wgun" layername="timeline_0" frame="0" z_index="5" m_a="1.000000" m_b="0.000000" m_c="0.000000" m_d="1.000000" m_tx="9.100824" m_ty="-31.258656"/>
  </frame>
  <frame idx="400" w="241" h="258" x="8.765627" y="-84.314690">
   <element name="swap_wgun" layername="timeline_0" frame="0" z_index="5" m_a="1.000000" m_b="0.000000" m_c="0.000000" m_d="1.000000" m_tx="9.100824" m_ty="-31.258656"/>
  </frame>
  <frame idx="425" w="241" h="258" x="8.765627" y="-84.314690">
   <element name="swap_wgun" layername="timeline_0" frame="0" z_index="5" m_a="1.000000" m_b="0.000000" m_c="0.000000" m_d="1.000000" m_tx="9.100824" m_ty="-31.258656"/>
  </frame>
  <frame idx="450" w="241" h="258" x="8.765627" y="-84.314690">
   <element name="swap_wgun" layername="timeline_0" frame="0" z_index="5" m_a="1.000000" m_b="0.000000" m_c="0.000000" m_d="1.000000" m_tx="9.100824" m_ty="-31.258656"/>
  </frame>
  <frame idx="475" w="241" h="258" x="8.765627" y="-84.314690">
   <element name="swap_wgun" layername="timeline_0" frame="0" z_index="5" m_a="1.000000" m_b="0.000000" m_c="0.000000" m_d="1.000000" m_tx="9.100824" m_ty="-31.258656"/>
  </frame>
  <frame idx="500" w="241" h="258" x="8.765627" y="-84.314690">
   <element name="swap_wgun" layername="timeline_0" frame="0" z_index="5" m_a="1.000000" m_b="0.000000" m_c="0.000000" m_d="1.000000" m_tx="9.100824" m_ty="-31.258656"/>
  </frame>
  <frame idx="525" w="241" h="258" x="8.765627" y="-84.314690">
   <element name="swap_wgun" layername="timeline_0" frame="0" z_index="5" m_a="1.000000" m_b="0.000000" m_c="0.000000" m_d="1.000000" m_tx="9.100824" m_ty="-31.258656"/>
  </frame>
  <frame idx="550" w="241" h="258" x="8.765627" y="-84.314690">
   <element name="swap_wgun" layername="timeline_0" frame="0" z_index="5" m_a="1.000000" m_b="0.000000" m_c="0.000000" m_d="1.000000" m_tx="9.100824" m_ty="-31.258656"/>
  </frame>
  <frame idx="575" w="241" h="258" x="8.765627" y="-84.314690">
   <element name="swap_wgun" layername="timeline_0" frame="0" z_index="5" m_a="1.000000" m_b="0.000000" m_c="0.000000" m_d="1.000000" m_tx="9.100824" m_ty="-31.258656"/>
  </frame>
  <frame idx="600" w="241" h="258" x="8.765627" y="-84.314690">
   <element name="swap_wgun" layername="timeline_0" frame="0" z_index="5" m_a="1.000000" m_b="0.000000" m_c="0.000000" m_d="1.000000" m_tx="9.100824" m_ty="-31.258656"/>
  </frame>
  <frame idx="625" w="241" h="258" x="8.765627" y="-84.314690">
   <element name="swap_wgun" layername="timeline_0" frame="0" z_index="5" m_a="1.000000" m_b="0.000000" m_c="0.000000" m_d="1.000000" m_tx="9.100824" m_ty="-31.258656"/>
  </frame>
  <frame idx="650" w="241" h="258" x="8.765627" y="-84.314690">
   <element name="swap_wgun" layername="timeline_0" frame="0" z_index="5" m_a="1.000000" m_b="0.000000" m_c="0.000000" m_d="1.000000" m_tx="9.100824" m_ty="-31.258656"/>
  </frame>
  <frame idx="675" w="241" h="258" x="8.765627" y="-84.314690">
   <element name="swap_wgun" layername="timeline_0" frame="0" z_index="5" m_a="1.000000" m_b="0.000000" m_c="0.000000" m_d="1.000000" m_tx="9.100824" m_ty="-31.258656"/>
  </frame>
  <frame idx="700" w="241" h="258" x="8.765627" y="-84.314690">
   <element name="swap_wgun" layername="timeline_0" frame="0" z_index="5" m_a="1.000000" m_b="0.000000" m_c="0.000000" m_d="1.000000" m_tx="9.100824" m_ty="-31.258656"/>
  </frame>
  <frame idx="725" w="241" h="258" x="8.765627" y="-84.314690">
   <element name="swap_wgun" layername="timeline_0" frame="0" z_index="5" m_a="1.000000" m_b="0.000000" m_c="0.000000" m_d="1.000000" m_tx="9.100824" m_ty="-31.258656"/>
  </frame>
  <frame idx="750" w="241" h="258" x="8.765627" y="-84.314690">
   <element name="swap_wgun" layername="timeline_0" frame="0" z_index="5" m_a="1.000000" m_b="0.000000" m_c="0.000000" m_d="1.000000" m_tx="9.100824" m_ty="-31.258656"/>
  </frame>
  <frame idx="775" w="241" h="258" x="8.765627" y="-84.314690">
   <element name="swap_wgun" layername="timeline_0" frame="0" z_index="5" m_a="1.000000" m_b="0.000000" m_c="0.000000" m_d="1.000000" m_tx="9.100824" m_ty="-31.258656"/>
  </frame>
  <frame idx="800" w="241" h="258" x="8.765627" y="-84.314690">
   <element name="swap_wgun" layername="timeline_0" frame="0" z_index="5" m_a="1.000000" m_b="0.000000" m_c="0.000000" m_d="1.000000" m_tx="9.100824" m_ty="-31.258656"/>
  </frame>
  <frame idx="825" w="241" h="258" x="8.765627" y="-84.314690">
   <element name="swap_wgun" layername="timeline_0" frame="0" z_index="5" m_a="1.000000" m_b="0.000000" m_c="0.000000" m_d="1.000000" m_tx="9.100824" m_ty="-31.258656"/>
  </frame>
  <frame idx="850" w="241" h="258" x="8.765627" y="-84.314690">
   <element name="swap_wgun" layername="timeline_0" frame="0" z_index="5" m_a="1.000000" m_b="0.000000" m_c="0.000000" m_d="1.000000" m_tx="9.100824" m_ty="-31.258656"/>
  </frame>
  <frame idx="875" w="241" h="258" x="8.765627" y="-84.314690">
   <element name="swap_wgun" layername="timeline_0" frame="0" z_index="5" m_a="1.000000" m_b="0.000000" m_c="0.000000" m_d="1.000000" m_tx="9.100824" m_ty="-31.258656"/>
  </frame>
  <frame idx="900" w="241" h="258" x="8.765627" y="-84.314690">
   <element name="swap_wgun" layername="timeline_0" frame="0" z_index="5" m_a="1.000000" m_b="0.000000" m_c="0.000000" m_d="1.000000" m_tx="9.100824" m_ty="-31.258656"/>
  </frame>
  <frame idx="925" w="241" h="258" x="8.765627" y="-84.314690">
   <element name="swap_wgun" layername="timeline_0" frame="0" z_index="5" m_a="1.000000" m_b="0.000000" m_c="0.000000" m_d="1.000000" m_tx="9.100824" m_ty="-31.258656"/>
  </frame>
  <frame idx="950" w="241" h="258" x="8.765627" y="-84.314690">
   <element name="swap_wgun" layername="timeline_0" frame="0" z_index="5" m_a="1.000000" m_b="0.000000" m_c="0.000000" m_d="1.000000" m_tx="9.100824" m_ty="-31.258656"/>
  </frame>
  <frame idx="975" w="241" h="258" x="8.765627" y="-84.314690">
   <element name="swap_wgun" layername="timeline_0" frame="0" z_index="5" m_a="1.000000" m_b="0.000000" m_c="0.000000" m_d="1.000000" m_tx="9.100824" m_ty="-31.258656"/>
  </frame>
 </anim>
 <anim name="BUILD" root="swap_wgunmoon" numframes="1000" framerate="40">
  <frame idx="0" w="241" h="260" x="9.500000" y="-86.000000">
   <element name="swap_wgun" layername="timeline_0" frame="1" z_index="5" m_a="1.000000" m_b="0.000000" m_c="0.000000" m_d="1.000000" m_tx="-70.000000" m_ty="-125.000000"/>
  </frame>
  <frame idx="25" w="241" h="260" x="9.500000" y="-86.000000">
   <element name="swap_wgun" layername="timeline_0" frame="1" z_index="5" m_a="1.000000" m_b="0.000000" m_c="0.000000" m_d="1.000000" m_tx="-70.000000" m_ty="-125.000000"/>
  </frame>
  <frame idx="50" w="241" h="260" x="9.500000" y="-86.000000">
   <element name="swap_wgun" layername="timeline_0" frame="1" z_index="5" m_a="1.000000" m_b="0.000000" m_c="0.000000" m_d="1.000000" m_tx="-70.000000" m_ty="-125.000000"/>
  </frame>
  <frame idx="75" w="241" h="260" x="9.500000" y="-86.000000">
   <element name="swap_wgun" layername="timeline_0" frame="1" z_index="5" m_a="1.000000" m_b="0.000000" m_c="0.000000" m_d="1.000000" m_tx="-70.000000" m_ty="-125.000000"/>
  </frame>
  <frame idx="100" w="241" h="260" x="9.500000" y="-86.000000">
   <element name="swap_wgun" layername="timeline_0" frame="1" z_index="5" m_a="1.000000" m_b="0.000000" m_c="0.000000" m_d="1.000000" m_tx="-70.000000" m_ty="-125.000000"/>
  </frame>
  <frame idx="125" w="241" h="260" x="9.500000" y="-86.000000">
   <element name="swap_wgun" layername="timeline_0" frame="1" z_index="5" m_a="1.000000" m_b="0.000000" m_c="0.000000" m_d="1.000000" m_tx="-70.000000" m_ty="-125.000000"/>
  </frame>
  <frame idx="150" w="241" h="260" x="9.500000" y="-86.000000">
   <element name="swap_wgun" layername="timeline_0" frame="1" z_index="5" m_a="1.000000" m_b="0.000000" m_c="0.000000" m_d="1.000000" m_tx="-70.000000" m_ty="-125.000000"/>
  </frame>
  <frame idx="175" w="241" h="260" x="9.500000" y="-86.000000">
   <element name="swap_wgun" layername="timeline_0" frame="1" z_index="5" m_a="1.000000" m_b="0.000000" m_c="0.000000" m_d="1.000000" m_tx="-70.000000" m_ty="-125.000000"/>
  </frame>
  <frame idx="200" w="241" h="260" x="9.500000" y="-86.000000">
   <element name="swap_wgun" layername="timeline_0" frame="1" z_index="5" m_a="1.000000" m_b="0.000000" m_c="0.000000" m_d="1.000000" m_tx="-70.000000" m_ty="-125.000000"/>
  </frame>
  <frame idx="225" w="241" h="260" x="9.500000" y="-86.000000">
   <element name="swap_wgun" layername="timeline_0" frame="1" z_index="5" m_a="1.000000" m_b="0.000000" m_c="0.000000" m_d="1.000000" m_tx="-70.000000" m_ty="-125.000000"/>
  </frame>
  <frame idx="250" w="241" h="260" x="9.500000" y="-86.000000">
   <element name="swap_wgun" layername="timeline_0" frame="1" z_index="5" m_a="1.000000" m_b="0.000000" m_c="0.000000" m_d="1.000000" m_tx="-70.000000" m_ty="-125.000000"/>
  </frame>
  <frame idx="275" w="241" h="260" x="9.500000" y="-86.000000">
   <element name="swap_wgun" layername="timeline_0" frame="1" z_index="5" m_a="1.000000" m_b="0.000000" m_c="0.000000" m_d="1.000000" m_tx="-70.000000" m_ty="-125.000000"/>
  </frame>
  <frame idx="300" w="241" h="260" x="9.500000" y="-86.000000">
   <element name="swap_wgun" layername="timeline_0" frame="1" z_index="5" m_a="1.000000" m_b="0.000000" m_c="0.000000" m_d="1.000000" m_tx="-70.000000" m_ty="-125.000000"/>
  </frame>
  <frame idx="325" w="241" h="260" x="9.500000" y="-86.000000">
   <element name="swap_wgun" layername="timeline_0" frame="1" z_index="5" m_a="1.000000" m_b="0.000000" m_c="0.000000" m_d="1.000000" m_tx="-70.000000" m_ty="-125.000000"/>
  </frame>
  <frame idx="350" w="241" h="260" x="9.500000" y="-86.000000">
   <element name="swap_wgun" layername="timeline_0" frame="1" z_index="5" m_a="1.000000" m_b="0.000000" m_c="0.000000" m_d="1.000000" m_tx="-70.000000" m_ty="-125.000000"/>
  </frame>
  <frame idx="375" w="241" h="260" x="9.500000" y="-86.000000">
   <element name="swap_wgun" layername="timeline_0" frame="1" z_index="5" m_a="1.000000" m_b="0.000000" m_c="0.000000" m_d="1.000000" m_tx="-70.000000" m_ty="-125.000000"/>
  </frame>
  <frame idx="400" w="241" h="260" x="9.500000" y="-86.000000">
   <element name="swap_wgun" layername="timeline_0" frame="1" z_index="5" m_a="1.000000" m_b="0.000000" m_c="0.000000" m_d="1.000000" m_tx="-70.000000" m_ty="-125.000000"/>
  </frame>
  <frame idx="425" w="241" h="260" x="9.500000" y="-86.000000">
   <element name="swap_wgun" layername="timeline_0" frame="1" z_index="5" m_a="1.000000" m_b="0.000000" m_c="0.000000" m_d="1.000000" m_tx="-70.000000" m_ty="-125.000000"/>
  </frame>
  <frame idx="450" w="241" h="260" x="9.500000" y="-86.000000">
   <element name="swap_wgun" layername="timeline_0" frame="1" z_index="5" m_a="1.000000" m_b="0.000000" m_c="0.000000" m_d="1.000000" m_tx="-70.000000" m_ty="-125.000000"/>
  </frame>
  <frame idx="475" w="241" h="260" x="9.500000" y="-86.000000">
   <element name="swap_wgun" layername="timeline_0" frame="1" z_index="5" m_a="1.000000" m_b="0.000000" m_c="0.000000" m_d="1.000000" m_tx="-70.000000" m_ty="-125.000000"/>
  </frame>
  <frame idx="500" w="241" h="260" x="9.500000" y="-86.000000">
   <element name="swap_wgun" layername="timeline_0" frame="1" z_index="5" m_a="1.000000" m_b="0.000000" m_c="0.000000" m_d="1.000000" m_tx="-70.000000" m_ty="-125.000000"/>
  </frame>
  <frame idx="525" w="241" h="260" x="9.500000" y="-86.000000">
   <element name="swap_wgun" layername="timeline_0" frame="1" z_index="5" m_a="1.000000" m_b="0.000000" m_c="0.000000" m_d="1.000000" m_tx="-70.000000" m_ty="-125.000000"/>
  </frame>
  <frame idx="550" w="241" h="260" x="9.500000" y="-86.000000">
   <element name="swap_wgun" layername="timeline_0" frame="1" z_index="5" m_a="1.000000" m_b="0.000000" m_c="0.000000" m_d="1.000000" m_tx="-70.000000" m_ty="-125.000000"/>
  </frame>
  <frame idx="575" w="241" h="260" x="9.500000" y="-86.000000">
   <element name="swap_wgun" layername="timeline_0" frame="1" z_index="5" m_a="1.000000" m_b="0.000000" m_c="0.000000" m_d="1.000000" m_tx="-70.000000" m_ty="-125.000000"/>
  </frame>
  <frame idx="600" w="241" h="260" x="9.500000" y="-86.000000">
   <element name="swap_wgun" layername="timeline_0" frame="1" z_index="5" m_a="1.000000" m_b="0.000000" m_c="0.000000" m_d="1.000000" m_tx="-70.000000" m_ty="-125.000000"/>
  </frame>
  <frame idx="625" w="241" h="260" x="9.500000" y="-86.000000">
   <element name="swap_wgun" layername="timeline_0" frame="1" z_index="5" m_a="1.000000" m_b="0.000000" m_c="0.000000" m_d="1.000000" m_tx="-70.000000" m_ty="-125.000000"/>
  </frame>
  <frame idx="650" w="241" h="260" x="9.500000" y="-86.000000">
   <element name="swap_wgun" layername="timeline_0" frame="1" z_index="5" m_a="1.000000" m_b="0.000000" m_c="0.000000" m_d="1.000000" m_tx="-70.000000" m_ty="-125.000000"/>
  </frame>
  <frame idx="675" w="241" h="260" x="9.500000" y="-86.000000">
   <element name="swap_wgun" layername="timeline_0" frame="1" z_index="5" m_a="1.000000" m_b="0.000000" m_c="0.000000" m_d="1.000000" m_tx="-70.000000" m_ty="-125.000000"/>
  </frame>
  <frame idx="700" w="241" h="260" x="9.500000" y="-86.000000">
   <element name="swap_wgun" layername="timeline_0" frame="1" z_index="5" m_a="1.000000" m_b="0.000000" m_c="0.000000" m_d="1.000000" m_tx="-70.000000" m_ty="-125.000000"/>
  </frame>
  <frame idx="725" w="241" h="260" x="9.500000" y="-86.000000">
   <element name="swap_wgun" layername="timeline_0" frame="1" z_index="5" m_a="1.000000" m_b="0.000000" m_c="0.000000" m_d="1.000000" m_tx="-70.000000" m_ty="-125.000000"/>
  </frame>
  <frame idx="750" w="241" h="260" x="9.500000" y="-86.000000">
   <element name="swap_wgun" layername="timeline_0" frame="1" z_index="5" m_a="1.000000" m_b="0.000000" m_c="0.000000" m_d="1.000000" m_tx="-70.000000" m_ty="-125.000000"/>
  </frame>
  <frame idx="775" w="241" h="260" x="9.500000" y="-86.000000">
   <element name="swap_wgun" layername="timeline_0" frame="1" z_index="5" m_a="1.000000" m_b="0.000000" m_c="0.000000" m_d="1.000000" m_tx="-70.000000" m_ty="-125.000000"/>
  </frame>
  <frame idx="800" w="241" h="260" x="9.500000" y="-86.000000">
   <element name="swap_wgun" layername="timeline_0" frame="1" z_index="5" m_a="1.000000" m_b="0.000000" m_c="0.000000" m_d="1.000000" m_tx="-70.000000" m_ty="-125.000000"/>
  </frame>
  <frame idx="825" w="241" h="260" x="9.500000" y="-86.000000">
   <element name="swap_wgun" layername="timeline_0" frame="1" z_index="5" m_a="1.000000" m_b="0.000000" m_c="0.000000" m_d="1.000000" m_tx="-70.000000" m_ty="-125.000000"/>
  </frame>
  <frame idx="850" w="241" h="260" x="9.500000" y="-86.000000">
   <element name="swap_wgun" layername="timeline_0" frame="1" z_index="5" m_a="1.000000" m_b="0.000000" m_c="0.000000" m_d="1.000000" m_tx="-70.000000" m_ty="-125.000000"/>
  </frame>
  <frame idx="875" w="241" h="260" x="9.500000" y="-86.000000">
   <element name="swap_wgun" layername="timeline_0" frame="1" z_index="5" m_a="1.000000" m_b="0.000000" m_c="0.000000" m_d="1.000000" m_tx="-70.000000" m_ty="-125.000000"/>
  </frame>
  <frame idx="900" w="241" h="260" x="9.500000" y="-86.000000">
   <element name="swap_wgun" layername="timeline_0" frame="1" z_index="5" m_a="1.000000" m_b="0.000000" m_c="0.000000" m_d="1.000000" m_tx="-70.000000" m_ty="-125.000000"/>
  </frame>
  <frame idx="925" w="241" h="260" x="9.500000" y="-86.000000">
   <element name="swap_wgun" layername="timeline_0" frame="1" z_index="5" m_a="1.000000" m_b="0.000000" m_c="0.000000" m_d="1.000000" m_tx="-70.000000" m_ty="-125.000000"/>
  </frame>
  <frame idx="950" w="241" h="260" x="9.500000" y="-86.000000">
   <element name="swap_wgun" layername="timeline_0" frame="1" z_index="5" m_a="1.000000" m_b="0.000000" m_c="0.000000" m_d="1.000000" m_tx="-70.000000" m_ty="-125.000000"/>
  </frame>
  <frame idx="975" w="241" h="260" x="9.500000" y="-86.000000">
   <element name="swap_wgun" layername="timeline_0" frame="1" z_index="5" m_a="1.000000" m_b="0.000000" m_c="0.000000" m_d="1.000000" m_tx="-70.000000" m_ty="-125.000000"/>
  </frame>
 </anim>
 <anim name="BUILD" root="swap_wgunlightning" numframes="1000" framerate="40">
  <frame idx="0" w="241" h="261" x="10.500000" y="-86.000000">
   <element name="swap_wgun" layername="timeline_0" frame="2" z_index="5" m_a="1.000000" m_b="0.000000" m_c="0.000000" m_d="1.000000" m_tx="-69.000000" m_ty="-125.000000"/>
  </frame>
  <frame idx="25" w="241" h="261" x="10.500000" y="-86.000000">
   <element name="swap_wgun" layername="timeline_0" frame="2" z_index="5" m_a="1.000000" m_b="0.000000" m_c="0.000000" m_d="1.000000" m_tx="-69.000000" m_ty="-125.000000"/>
  </frame>
  <frame idx="50" w="241" h="261" x="10.500000" y="-86.000000">
   <element name="swap_wgun" layername="timeline_0" frame="2" z_index="5" m_a="1.000000" m_b="0.000000" m_c="0.000000" m_d="1.000000" m_tx="-69.000000" m_ty="-125.000000"/>
  </frame>
  <frame idx="75" w="241" h="261" x="10.500000" y="-86.000000">
   <element name="swap_wgun" layername="timeline_0" frame="2" z_index="5" m_a="1.000000" m_b="0.000000" m_c="0.000000" m_d="1.000000" m_tx="-69.000000" m_ty="-125.000000"/>
  </frame>
  <frame idx="100" w="241" h="261" x="10.500000" y="-86.000000">
   <element name="swap_wgun" layername="timeline_0" frame="2" z_index="5" m_a="1.000000" m_b="0.000000" m_c="0.000000" m_d="1.000000" m_tx="-69.000000" m_ty="-125.000000"/>
  </frame>
  <frame idx="125" w="241" h="261" x="10.500000" y="-86.000000">
   <element name="swap_wgun" layername="timeline_0" frame="2" z_index="5" m_a="1.000000" m_b="0.000000" m_c="0.000000" m_d="1.000000" m_tx="-69.000000" m_ty="-125.000000"/>
  </frame>
  <frame idx="150" w="241" h="261" x="10.500000" y="-86.000000">
   <element name="swap_wgun" layername="timeline_0" frame="2" z_index="5" m_a="1.000000" m_b="0.000000" m_c="0.000000" m_d="1.000000" m_tx="-69.000000" m_ty="-125.000000"/>
  </frame>
  <frame idx="175" w="241" h="261" x="10.500000" y="-86.000000">
   <element name="swap_wgun" layername="timeline_0" frame="2" z_index="5" m_a="1.000000" m_b="0.000000" m_c="0.000000" m_d="1.000000" m_tx="-69.000000" m_ty="-125.000000"/>
  </frame>
  <frame idx="200" w="241" h="261" x="10.500000" y="-86.000000">
   <element name="swap_wgun" layername="timeline_0" frame="2" z_index="5" m_a="1.000000" m_b="0.000000" m_c="0.000000" m_d="1.000000" m_tx="-69.000000" m_ty="-125.000000"/>
  </frame>
  <frame idx="225" w="241" h="261" x="10.500000" y="-86.000000">
   <element name="swap_wgun" layername="timeline_0" frame="2" z_index="5" m_a="1.000000" m_b="0.000000" m_c="0.000000" m_d="1.000000" m_tx="-69.000000" m_ty="-125.000000"/>
  </frame>
  <frame idx="250" w="241" h="261" x="10.500000" y="-86.000000">
   <element name="swap_wgun" layername="timeline_0" frame="2" z_index="5" m_a="1.000000" m_b="0.000000" m_c="0.000000" m_d="1.000000" m_tx="-69.000000" m_ty="-125.000000"/>
  </frame>
  <frame idx="275" w="241" h="261" x="10.500000" y="-86.000000">
   <element name="swap_wgun" layername="timeline_0" frame="2" z_index="5" m_a="1.000000" m_b="0.000000" m_c="0.000000" m_d="1.000000" m_tx="-69.000000" m_ty="-125.000000"/>
  </frame>
  <frame idx="300" w="241" h="261" x="10.500000" y="-86.000000">
   <element name="swap_wgun" layername="timeline_0" frame="2" z_index="5" m_a="1.000000" m_b="0.000000" m_c="0.000000" m_d="1.000000" m_tx="-69.000000" m_ty="-125.000000"/>
  </frame>
  <frame idx="325" w="241" h="261" x="10.500000" y="-86.000000">
   <element name="swap_wgun" layername="timeline_0" frame="2" z_index="5" m_a="1.000000" m_b="0.000000" m_c="0.000000" m_d="1.000000" m_tx="-69.000000" m_ty="-125.000000"/>
  </frame>
  <frame idx="350" w="241" h="261" x="10.500000" y="-86.000000">
   <element name="swap_wgun" layername="timeline_0" frame="2" z_index="5" m_a="1.000000" m_b="0.000000" m_c="0.000000" m_d="1.000000" m_tx="-69.000000" m_ty="-125.000000"/>
  </frame>
  <frame idx="375" w="241" h="261" x="10.500000" y="-86.000000">
   <element name="swap_wgun" layername="timeline_0" frame="2" z_index="5" m_a="1.000000" m_b="0.000000" m_c="0.000000" m_d="1.000000" m_tx="-69.000000" m_ty="-125.000000"/>
  </frame>
  <frame idx="400" w="241" h="261" x="10.500000" y="-86.000000">
   <element name="swap_wgun" layername="timeline_0" frame="2" z_index="5" m_a="1.000000" m_b="0.000000" m_c="0.000000" m_d="1.000000" m_tx="-69.000000" m_ty="-125.000000"/>
  </frame>
  <frame idx="425" w="241" h="261" x="10.500000" y="-86.000000">
   <element name="swap_wgun" layername="timeline_0" frame="2" z_index="5" m_a="1.000000" m_b="0.000000" m_c="0.000000" m_d="1.000000" m_tx="-69.000000" m_ty="-125.000000"/>
  </frame>
  <frame idx="450" w="241" h="261" x="10.500000" y="-86.000000">
   <element name="swap_wgun" layername="timeline_0" frame="2" z_index="5" m_a="1.000000" m_b="0.000000" m_c="0.000000" m_d="1.000000" m_tx="-69.000000" m_ty="-125.000000"/>
  </frame>
  <frame idx="475" w="241" h="261" x="10.500000" y="-86.000000">
   <element name="swap_wgun" layername="timeline_0" frame="2" z_index="5" m_a="1.000000" m_b="0.000000" m_c="0.000000" m_d="1.000000" m_tx="-69.000000" m_ty="-125.000000"/>
  </frame>
  <frame idx="500" w="241" h="261" x="10.500000" y="-86.000000">
   <element name="swap_wgun" layername="timeline_0" frame="2" z_index="5" m_a="1.000000" m_b="0.000000" m_c="0.000000" m_d="1.000000" m_tx="-69.000000" m_ty="-125.000000"/>
  </frame>
  <frame idx="525" w="241" h="261" x="10.500000" y="-86.000000">
   <element name="swap_wgun" layername="timeline_0" frame="2" z_index="5" m_a="1.000000" m_b="0.000000" m_c="0.000000" m_d="1.000000" m_tx="-69.000000" m_ty="-125.000000"/>
  </frame>
  <frame idx="550" w="241" h="261" x="10.500000" y="-86.000000">
   <element name="swap_wgun" layername="timeline_0" frame="2" z_index="5" m_a="1.000000" m_b="0.000000" m_c="0.000000" m_d="1.000000" m_tx="-69.000000" m_ty="-125.000000"/>
  </frame>
  <frame idx="575" w="241" h="261" x="10.500000" y="-86.000000">
   <element name="swap_wgun" layername="timeline_0" frame="2" z_index="5" m_a="1.000000" m_b="0.000000" m_c="0.000000" m_d="1.000000" m_tx="-69.000000" m_ty="-125.000000"/>
  </frame>
  <frame idx="600" w="241" h="261" x="10.500000" y="-86.000000">
   <element name="swap_wgun" layername="timeline_0" frame="2" z_index="5" m_a="1.000000" m_b="0.000000" m_c="0.000000" m_d="1.000000" m_tx="-69.000000" m_ty="-125.000000"/>
  </frame>
  <frame idx="625" w="241" h="261" x="10.500000" y="-86.000000">
   <element name="swap_wgun" layername="timeline_0" frame="2" z_index="5" m_a="1.000000" m_b="0.000000" m_c="0.000000" m_d="1.000000" m_tx="-69.000000" m_ty="-125.000000"/>
  </frame>
  <frame idx="650" w="241" h="261" x="10.500000" y="-86.000000">
   <element name="swap_wgun" layername="timeline_0" frame="2" z_index="5" m_a="1.000000" m_b="0.000000" m_c="0.000000" m_d="1.000000" m_tx="-69.000000" m_ty="-125.000000"/>
  </frame>
  <frame idx="675" w="241" h="261" x="10.500000" y="-86.000000">
   <element name="swap_wgun" layername="timeline_0" frame="2" z_index="5" m_a="1.000000" m_b="0.000000" m_c="0.000000" m_d="1.000000" m_tx="-69.000000" m_ty="-125.000000"/>
  </frame>
  <frame idx="700" w="241" h="261" x="10.500000" y="-86.000000">
   <element name="swap_wgun" layername="timeline_0" frame="2" z_index="5" m_a="1.000000" m_b="0.000000" m_c="0.000000" m_d="1.000000" m_tx="-69.000000" m_ty="-125.000000"/>
  </frame>
  <frame idx="725" w="241" h="261" x="10.500000" y="-86.000000">
   <element name="swap_wgun" layername="timeline_0" frame="2" z_index="5" m_a="1.000000" m_b="0.000000" m_c="0.000000" m_d="1.000000" m_tx="-69.000000" m_ty="-125.000000"/>
  </frame>
  <frame idx="750" w="241" h="261" x="10.500000" y="-86.000000">
   <element name="swap_wgun" layername="timeline_0" frame="2" z_index="5" m_a="1.000000" m_b="0.000000" m_c="0.000000" m_d="1.000000" m_tx="-69.000000" m_ty="-125.000000"/>
  </frame>
  <frame idx="775" w="241" h="261" x="10.500000" y="-86.000000">
   <element name="swap_wgun" layername="timeline_0" frame="2" z_index="5" m_a="1.000000" m_b="0.000000" m_c="0.000000" m_d="1.000000" m_tx="-69.000000" m_ty="-125.000000"/>
  </frame>
  <frame idx="800" w="241" h="261" x="10.500000" y="-86.000000">
   <element name="swap_wgun" layername="timeline_0" frame="2" z_index="5" m_a="1.000000" m_b="0.000000" m_c="0.000000" m_d="1.000000" m_tx="-69.000000" m_ty="-125.000000"/>
  </frame>
  <frame idx="825" w="241" h="261" x="10.500000" y="-86.000000">
   <element name="swap_wgun" layername="timeline_0" frame="2" z_index="5" m_a="1.000000" m_b="0.000000" m_c="0.000000" m_d="1.000000" m_tx="-69.000000" m_ty="-125.000000"/>
  </frame>
  <frame idx="850" w="241" h="261" x="10.500000" y="-86.000000">
   <element name="swap_wgun" layername="timeline_0" frame="2" z_index="5" m_a="1.000000" m_b="0.000000" m_c="0.000000" m_d="1.000000" m_tx="-69.000000" m_ty="-125.000000"/>
  </frame>
  <frame idx="875" w="241" h="261" x="10.500000" y="-86.000000">
   <element name="swap_wgun" layername="timeline_0" frame="2" z_index="5" m_a="1.000000" m_b="0.000000" m_c="0.000000" m_d="1.000000" m_tx="-69.000000" m_ty="-125.000000"/>
  </frame>
  <frame idx="900" w="241" h="261" x="10.500000" y="-86.000000">
   <element name="swap_wgun" layername="timeline_0" frame="2" z_index="5" m_a="1.000000" m_b="0.000000" m_c="0.000000" m_d="1.000000" m_tx="-69.000000" m_ty="-125.000000"/>
  </frame>
  <frame idx="925" w="241" h="261" x="10.500000" y="-86.000000">
   <element name="swap_wgun" layername="timeline_0" frame="2" z_index="5" m_a="1.000000" m_b="0.000000" m_c="0.000000" m_d="1.000000" m_tx="-69.000000" m_ty="-125.000000"/>
  </frame>
  <frame idx="950" w="241" h="261" x="10.500000" y="-86.000000">
   <element name="swap_wgun" layername="timeline_0" frame="2" z_index="5" m_a="1.000000" m_b="0.000000" m_c="0.000000" m_d="1.000000" m_tx="-69.000000" m_ty="-125.000000"/>
  </frame>
  <frame idx="975" w="241" h="261" x="10.500000" y="-86.000000">
   <element name="swap_wgun" layername="timeline_0" frame="2" z_index="5" m_a="1.000000" m_b="0.000000" m_c="0.000000" m_d="1.000000" m_tx="-69.000000" m_ty="-125.000000"/>
  </frame>
 </anim>
 <anim name="BUILD" root="swap_wgunwinter" numframes="1000" framerate="40">
  <frame idx="0" w="241" h="257" x="9.499931" y="-83.500015">
   <element name="swap_wgun" layername="timeline_0" frame="5" z_index="5" m_a="1.000000" m_b="0.000000" m_c="0.000000" m_d="1.000000" m_tx="-70.000069" m_ty="-123.000015"/>
  </frame>
  <frame idx="25" w="241" h="257" x="9.499931" y="-83.500015">
   <element name="swap_wgun" layername="timeline_0" frame="5" z_index="5" m_a="1.000000" m_b="0.000000" m_c="0.000000" m_d="1.000000" m_tx="-70.000069" m_ty="-123.000015"/>
  </frame>
  <frame idx="50" w="241" h="257" x="9.499931" y="-83.500015">
   <element name="swap_wgun" layername="timeline_0" frame="5" z_index="5" m_a="1.000000" m_b="0.000000" m_c="0.000000" m_d="1.000000" m_tx="-70.000069" m_ty="-123.000015"/>
  </frame>
  <frame idx="75" w="241" h="257" x="9.499931" y="-83.500015">
   <element name="swap_wgun" layername="timeline_0" frame="5" z_index="5" m_a="1.000000" m_b="0.000000" m_c="0.000000" m_d="1.000000" m_tx="-70.000069" m_ty="-123.000015"/>
  </frame>
  <frame idx="100" w="241" h="257" x="9.499931" y="-83.500015">
   <element name="swap_wgun" layername="timeline_0" frame="5" z_index="5" m_a="1.000000" m_b="0.000000" m_c="0.000000" m_d="1.000000" m_tx="-70.000069" m_ty="-123.000015"/>
  </frame>
  <frame idx="125" w="241" h="257" x="9.499931" y="-83.500015">
   <element name="swap_wgun" layername="timeline_0" frame="5" z_index="5" m_a="1.000000" m_b="0.000000" m_c="0.000000" m_d="1.000000" m_tx="-70.000069" m_ty="-123.000015"/>
  </frame>
  <frame idx="150" w="241" h="257" x="9.499931" y="-83.500015">
   <element name="swap_wgun" layername="timeline_0" frame="5" z_index="5" m_a="1.000000" m_b="0.000000" m_c="0.000000" m_d="1.000000" m_tx="-70.000069" m_ty="-123.000015"/>
  </frame>
  <frame idx="175" w="241" h="257" x="9.499931" y="-83.500015">
   <element name="swap_wgun" layername="timeline_0" frame="5" z_index="5" m_a="1.000000" m_b="0.000000" m_c="0.000000" m_d="1.000000" m_tx="-70.000069" m_ty="-123.000015"/>
  </frame>
  <frame idx="200" w="241" h="257" x="9.499931" y="-83.500015">
   <element name="swap_wgun" layername="timeline_0" frame="5" z_index="5" m_a="1.000000" m_b="0.000000" m_c="0.000000" m_d="1.000000" m_tx="-70.000069" m_ty="-123.000015"/>
  </frame>
  <frame idx="225" w="241" h="257" x="9.499931" y="-83.500015">
   <element name="swap_wgun" layername="timeline_0" frame="5" z_index="5" m_a="1.000000" m_b="0.000000" m_c="0.000000" m_d="1.000000" m_tx="-70.000069" m_ty="-123.000015"/>
  </frame>
  <frame idx="250" w="241" h="257" x="9.499931" y="-83.500015">
   <element name="swap_wgun" layername="timeline_0" frame="5" z_index="5" m_a="1.000000" m_b="0.000000" m_c="0.000000" m_d="1.000000" m_tx="-70.000069" m_ty="-123.000015"/>
  </frame>
  <frame idx="275" w="241" h="257" x="9.499931" y="-83.500015">
   <element name="swap_wgun" layername="timeline_0" frame="5" z_index="5" m_a="1.000000" m_b="0.000000" m_c="0.000000" m_d="1.000000" m_tx="-70.000069" m_ty="-123.000015"/>
  </frame>
  <frame idx="300" w="241" h="257" x="9.499931" y="-83.500015">
   <element name="swap_wgun" layername="timeline_0" frame="5" z_index="5" m_a="1.000000" m_b="0.000000" m_c="0.000000" m_d="1.000000" m_tx="-70.000069" m_ty="-123.000015"/>
  </frame>
  <frame idx="325" w="241" h="257" x="9.499931" y="-83.500015">
   <element name="swap_wgun" layername="timeline_0" frame="5" z_index="5" m_a="1.000000" m_b="0.000000" m_c="0.000000" m_d="1.000000" m_tx="-70.000069" m_ty="-123.000015"/>
  </frame>
  <frame idx="350" w="241" h="257" x="9.499931" y="-83.500015">
   <element name="swap_wgun" layername="timeline_0" frame="5" z_index="5" m_a="1.000000" m_b="0.000000" m_c="0.000000" m_d="1.000000" m_tx="-70.000069" m_ty="-123.000015"/>
  </frame>
  <frame idx="375" w="241" h="257" x="9.499931" y="-83.500015">
   <element name="swap_wgun" layername="timeline_0" frame="5" z_index="5" m_a="1.000000" m_b="0.000000" m_c="0.000000" m_d="1.000000" m_tx="-70.000069" m_ty="-123.000015"/>
  </frame>
  <frame idx="400" w="241" h="257" x="9.499931" y="-83.500015">
   <element name="swap_wgun" layername="timeline_0" frame="5" z_index="5" m_a="1.000000" m_b="0.000000" m_c="0.000000" m_d="1.000000" m_tx="-70.000069" m_ty="-123.000015"/>
  </frame>
  <frame idx="425" w="241" h="257" x="9.499931" y="-83.500015">
   <element name="swap_wgun" layername="timeline_0" frame="5" z_index="5" m_a="1.000000" m_b="0.000000" m_c="0.000000" m_d="1.000000" m_tx="-70.000069" m_ty="-123.000015"/>
  </frame>
  <frame idx="450" w="241" h="257" x="9.499931" y="-83.500015">
   <element name="swap_wgun" layername="timeline_0" frame="5" z_index="5" m_a="1.000000" m_b="0.000000" m_c="0.000000" m_d="1.000000" m_tx="-70.000069" m_ty="-123.000015"/>
  </frame>
  <frame idx="475" w="241" h="257" x="9.499931" y="-83.500015">
   <element name="swap_wgun" layername="timeline_0" frame="5" z_index="5" m_a="1.000000" m_b="0.000000" m_c="0.000000" m_d="1.000000" m_tx="-70.000069" m_ty="-123.000015"/>
  </frame>
  <frame idx="500" w="241" h="257" x="9.499931" y="-83.500015">
   <element name="swap_wgun" layername="timeline_0" frame="5" z_index="5" m_a="1.000000" m_b="0.000000" m_c="0.000000" m_d="1.000000" m_tx="-70.000069" m_ty="-123.000015"/>
  </frame>
  <frame idx="525" w="241" h="257" x="9.499931" y="-83.500015">
   <element name="swap_wgun" layername="timeline_0" frame="5" z_index="5" m_a="1.000000" m_b="0.000000" m_c="0.000000" m_d="1.000000" m_tx="-70.000069" m_ty="-123.000015"/>
  </frame>
  <frame idx="550" w="241" h="257" x="9.499931" y="-83.500015">
   <element name="swap_wgun" layername="timeline_0" frame="5" z_index="5" m_a="1.000000" m_b="0.000000" m_c="0.000000" m_d="1.000000" m_tx="-70.000069" m_ty="-123.000015"/>
  </frame>
  <frame idx="575" w="241" h="257" x="9.499931" y="-83.500015">
   <element name="swap_wgun" layername="timeline_0" frame="5" z_index="5" m_a="1.000000" m_b="0.000000" m_c="0.000000" m_d="1.000000" m_tx="-70.000069" m_ty="-123.000015"/>
  </frame>
  <frame idx="600" w="241" h="257" x="9.499931" y="-83.500015">
   <element name="swap_wgun" layername="timeline_0" frame="5" z_index="5" m_a="1.000000" m_b="0.000000" m_c="0.000000" m_d="1.000000" m_tx="-70.000069" m_ty="-123.000015"/>
  </frame>
  <frame idx="625" w="241" h="257" x="9.499931" y="-83.500015">
   <element name="swap_wgun" layername="timeline_0" frame="5" z_index="5" m_a="1.000000" m_b="0.000000" m_c="0.000000" m_d="1.000000" m_tx="-70.000069" m_ty="-123.000015"/>
  </frame>
  <frame idx="650" w="241" h="257" x="9.499931" y="-83.500015">
   <element name="swap_wgun" layername="timeline_0" frame="5" z_index="5" m_a="1.000000" m_b="0.000000" m_c="0.000000" m_d="1.000000" m_tx="-70.000069" m_ty="-123.000015"/>
  </frame>
  <frame idx="675" w="241" h="257" x="9.499931" y="-83.500015">
   <element name="swap_wgun" layername="timeline_0" frame="5" z_index="5" m_a="1.000000" m_b="0.000000" m_c="0.000000" m_d="1.000000" m_tx="-70.000069" m_ty="-123.000015"/>
  </frame>
  <frame idx="700" w="241" h="257" x="9.499931" y="-83.500015">
   <element name="swap_wgun" layername="timeline_0" frame="5" z_index="5" m_a="1.000000" m_b="0.000000" m_c="0.000000" m_d="1.000000" m_tx="-70.000069" m_ty="-123.000015"/>
  </frame>
  <frame idx="725" w="241" h="257" x="9.499931" y="-83.500015">
   <element name="swap_wgun" layername="timeline_0" frame="5" z_index="5" m_a="1.000000" m_b="0.000000" m_c="0.000000" m_d="1.000000" m_tx="-70.000069" m_ty="-123.000015"/>
  </frame>
  <frame idx="750" w="241" h="257" x="9.499931" y="-83.500015">
   <element name="swap_wgun" layername="timeline_0" frame="5" z_index="5" m_a="1.000000" m_b="0.000000" m_c="0.000000" m_d="1.000000" m_tx="-70.000069" m_ty="-123.000015"/>
  </frame>
  <frame idx="775" w="241" h="257" x="9.499931" y="-83.500015">
   <element name="swap_wgun" layername="timeline_0" frame="5" z_index="5" m_a="1.000000" m_b="0.000000" m_c="0.000000" m_d="1.000000" m_tx="-70.000069" m_ty="-123.000015"/>
  </frame>
  <frame idx="800" w="241" h="257" x="9.499931" y="-83.500015">
   <element name="swap_wgun" layername="timeline_0" frame="5" z_index="5" m_a="1.000000" m_b="0.000000" m_c="0.000000" m_d="1.000000" m_tx="-70.000069" m_ty="-123.000015"/>
  </frame>
  <frame idx="825" w="241" h="257" x="9.499931" y="-83.500015">
   <element name="swap_wgun" layername="timeline_0" frame="5" z_index="5" m_a="1.000000" m_b="0.000000" m_c="0.000000" m_d="1.000000" m_tx="-70.000069" m_ty="-123.000015"/>
  </frame>
  <frame idx="850" w="241" h="257" x="9.499931" y="-83.500015">
   <element name="swap_wgun" layername="timeline_0" frame="5" z_index="5" m_a="1.000000" m_b="0.000000" m_c="0.000000" m_d="1.000000" m_tx="-70.000069" m_ty="-123.000015"/>
  </frame>
  <frame idx="875" w="241" h="257" x="9.499931" y="-83.500015">
   <element name="swap_wgun" layername="timeline_0" frame="5" z_index="5" m_a="1.000000" m_b="0.000000" m_c="0.000000" m_d="1.000000" m_tx="-70.000069" m_ty="-123.000015"/>
  </frame>
  <frame idx="900" w="241" h="257" x="9.499931" y="-83.500015">
   <element name="swap_wgun" layername="timeline_0" frame="5" z_index="5" m_a="1.000000" m_b="0.000000" m_c="0.000000" m_d="1.000000" m_tx="-70.000069" m_ty="-123.000015"/>
  </frame>
  <frame idx="925" w="241" h="257" x="9.499931" y="-83.500015">
   <element name="swap_wgun" layername="timeline_0" frame="5" z_index="5" m_a="1.000000" m_b="0.000000" m_c="0.000000" m_d="1.000000" m_tx="-70.000069" m_ty="-123.000015"/>
  </frame>
  <frame idx="950" w="241" h="257" x="9.499931" y="-83.500015">
   <element name="swap_wgun" layername="timeline_0" frame="5" z_index="5" m_a="1.000000" m_b="0.000000" m_c="0.000000" m_d="1.000000" m_tx="-70.000069" m_ty="-123.000015"/>
  </frame>
  <frame idx="975" w="241" h="257" x="9.499931" y="-83.500015">
   <element name="swap_wgun" layername="timeline_0" frame="5" z_index="5" m_a="1.000000" m_b="0.000000" m_c="0.000000" m_d="1.000000" m_tx="-70.000069" m_ty="-123.000015"/>
  </frame>
 </anim>
</Anims>
