<Anims>
 <anim name="idle" root="wgen" numframes="1000" framerate="40">
  <frame idx="0" w="303" h="737" x="-88.992485" y="-228.000198">
   <element name="wgenerator" layername="timeline_0" frame="0" z_index="13" m_a="1.000000" m_b="0.000000" m_c="0.000000" m_d="1.000000" m_tx="-3.025381" m_ty="-8.291699"/>
   <element name="wgenerator" layername="timeline_1" frame="1" z_index="14" m_a="1.668919" m_b="0.000000" m_c="0.000000" m_d="1.419540" m_tx="45.171841" m_ty="-160.957977"/>
   <element name="wgenerator" layername="timeline_2" frame="1" z_index="15" m_a="1.000000" m_b="0.000000" m_c="0.000000" m_d="1.000000" m_tx="-66.075737" m_ty="-109.376122"/>
  </frame>
  <frame idx="25" w="304" h="734" x="-89.550117" y="-227.024414">
   <element name="wgenerator" layername="timeline_0" frame="0" z_index="13" m_a="1.000000" m_b="0.000000" m_c="0.000000" m_d="0.995720" m_tx="-3.025381" m_ty="-7.993012"/>
   <element name="wgenerator" layername="timeline_1" frame="1" z_index="14" m_a="1.636779" m_b="-0.259240" m_c="0.221115" m_d="1.396063" m_tx="45.367153" m_ty="-160.044983"/>
   <element name="wgenerator" layername="timeline_2" frame="1" z_index="15" m_a="0.987688" m_b="-0.156434" m_c="0.155765" m_d="0.983461" m_tx="-66.075737" m_ty="-108.644814"/>
  </frame>
  <frame idx="50" w="318" h="731" x="-91.153152" y="-225.963959">
   <element name="wgenerator" layername="timeline_0" frame="0" z_index="13" m_a="1.000000" m_b="0.000000" m_c="0.000000" m_d="0.991440" m_tx="-3.025381" m_ty="-7.694324"/>
   <element name="wgenerator" layername="timeline_1" frame="1" z_index="14" m_a="1.564910" m_b="-0.508470" m_c="0.434907" m_d="1.338507" m_tx="45.562466" m_ty="-159.131973"/>
   <element name="wgenerator" layername="timeline_2" frame="1" z_index="15" m_a="0.951057" m_b="-0.309017" m_c="0.306372" m_d="0.942916" m_tx="-66.075737" m_ty="-107.913513"/>
  </frame>
  <frame idx="75" w="329" h="728" x="-92.786926" y="-225.349854">
   <element name="wgenerator" layername="timeline_0" frame="0" z_index="13" m_a="1.000000" m_b="0.000000" m_c="0.000000" m_d="0.987161" m_tx="-3.025381" m_ty="-7.395637"/>
   <element name="wgenerator" layername="timeline_1" frame="1" z_index="14" m_a="1.455643" m_b="-0.741687" m_c="0.636183" m_d="1.248580" m_tx="45.757778" m_ty="-158.218979"/>
   <element name="wgenerator" layername="timeline_2" frame="1" z_index="15" m_a="0.891007" m_b="-0.453991" m_c="0.448162" m_d="0.879567" m_tx="-66.075737" m_ty="-107.182205"/>
  </frame>
  <frame idx="100" w="335" h="724" x="-93.936096" y="-224.079224">
   <element name="wgenerator" layername="timeline_0" frame="0" z_index="13" m_a="1.000000" m_b="0.000000" m_c="0.000000" m_d="0.982881" m_tx="-3.025381" m_ty="-7.096949"/>
   <element name="wgenerator" layername="timeline_1" frame="1" z_index="14" m_a="1.312200" m_b="-0.953369" m_c="0.820101" m_d="1.128772" m_tx="45.953091" m_ty="-157.305969"/>
   <element name="wgenerator" layername="timeline_2" frame="1" z_index="15" m_a="0.809017" m_b="-0.587785" m_c="0.577723" m_d="0.795167" m_tx="-66.075737" m_ty="-106.450897"/>
  </frame>
  <frame idx="125" w="336" h="720" x="-94.585045" y="-222.650238">
   <element name="wgenerator" layername="timeline_0" frame="0" z_index="13" m_a="1.000000" m_b="0.000000" m_c="0.000000" m_d="0.978601" m_tx="-3.025381" m_ty="-6.798262"/>
   <element name="wgenerator" layername="timeline_1" frame="1" z_index="14" m_a="1.138605" m_b="-1.138605" m_c="0.982287" m_d="0.982287" m_tx="46.148403" m_ty="-156.392975"/>
   <element name="wgenerator" layername="timeline_2" frame="1" z_index="15" m_a="0.707107" m_b="-0.707107" m_c="0.691976" m_d="0.691976" m_tx="-66.075737" m_ty="-105.719589"/>
  </frame>
  <frame idx="150" w="334" h="717" x="-95.218254" y="-221.565018">
   <element name="wgenerator" layername="timeline_0" frame="0" z_index="13" m_a="1.000000" m_b="0.000000" m_c="0.000000" m_d="0.974321" m_tx="-3.025381" m_ty="-6.499574"/>
   <element name="wgenerator" layername="timeline_1" frame="1" z_index="14" m_a="0.939571" m_b="-1.293209" m_c="1.118942" m_d="0.812959" m_tx="46.343716" m_ty="-155.479980"/>
   <element name="wgenerator" layername="timeline_2" frame="1" z_index="15" m_a="0.587785" m_b="-0.809017" m_c="0.788243" m_d="0.572692" m_tx="-66.075737" m_ty="-104.988289"/>
  </frame>
  <frame idx="175" w="326" h="713" x="-95.320679" y="-219.829559">
   <element name="wgenerator" layername="timeline_0" frame="0" z_index="13" m_a="1.000000" m_b="0.000000" m_c="0.000000" m_d="0.970042" m_tx="-3.025381" m_ty="-6.200886"/>
   <element name="wgenerator" layername="timeline_1" frame="1" z_index="14" m_a="0.720372" m_b="-1.413810" m_c="1.226928" m_d="0.625151" m_tx="46.539028" m_ty="-154.566971"/>
   <element name="wgenerator" layername="timeline_2" frame="1" z_index="15" m_a="0.453991" m_b="-0.891007" m_c="0.864314" m_d="0.440390" m_tx="-66.075737" m_ty="-104.256981"/>
  </frame>
  <frame idx="200" w="312" h="710" x="-94.378082" y="-218.453629">
   <element name="wgenerator" layername="timeline_0" frame="0" z_index="13" m_a="1.000000" m_b="0.000000" m_c="0.000000" m_d="0.965762" m_tx="-3.025381" m_ty="-5.902199"/>
   <element name="wgenerator" layername="timeline_1" frame="1" z_index="14" m_a="0.486707" m_b="-1.497932" m_c="1.303840" m_d="0.423643" m_tx="46.734341" m_ty="-153.653976"/>
   <element name="wgenerator" layername="timeline_2" frame="1" z_index="15" m_a="0.309017" m_b="-0.951057" m_c="0.918494" m_d="0.298437" m_tx="-66.075737" m_ty="-103.525673"/>
  </frame>
  <frame idx="225" w="309" h="706" x="-94.877403" y="-216.718170">
   <element name="wgenerator" layername="timeline_0" frame="0" z_index="13" m_a="1.000000" m_b="0.000000" m_c="0.000000" m_d="0.961482" m_tx="-3.025381" m_ty="-5.603511"/>
   <element name="wgenerator" layername="timeline_1" frame="1" z_index="14" m_a="0.244551" m_b="-1.544034" m_c="1.348059" m_d="0.213511" m_tx="46.929653" m_ty="-152.740967"/>
   <element name="wgenerator" layername="timeline_2" frame="1" z_index="15" m_a="0.156434" m_b="-0.987688" m_c="0.949645" m_d="0.150409" m_tx="-66.075737" m_ty="-102.794373"/>
  </frame>
  <frame idx="250" w="310" h="702" x="-95.307022" y="-215.242386">
   <element name="wgenerator" layername="timeline_0" frame="0" z_index="13" m_a="1.000000" m_b="0.000000" m_c="0.000000" m_d="0.957202" m_tx="-3.025381" m_ty="-5.304824"/>
   <element name="wgenerator" layername="timeline_1" frame="1" z_index="14" m_a="-0.000000" m_b="-1.551543" m_c="1.358788" m_d="-0.000000" m_tx="47.124966" m_ty="-151.827972"/>
   <element name="wgenerator" layername="timeline_2" frame="1" z_index="15" m_a="-0.000000" m_b="-1.000000" m_c="0.957202" m_d="-0.000000" m_tx="-66.075737" m_ty="-102.063065"/>
  </frame>
  <frame idx="275" w="310" h="699" x="-95.657082" y="-214.266617">
   <element name="wgenerator" layername="timeline_0" frame="0" z_index="13" m_a="1.000000" m_b="0.000000" m_c="0.000000" m_d="0.952923" m_tx="-3.025381" m_ty="-5.006136"/>
   <element name="wgenerator" layername="timeline_1" frame="1" z_index="14" m_a="-0.240879" m_b="-1.520848" m_c="1.336058" m_d="-0.211611" m_tx="47.320278" m_ty="-150.914978"/>
   <element name="wgenerator" layername="timeline_2" frame="1" z_index="15" m_a="-0.156434" m_b="-0.987688" m_c="0.941191" m_d="-0.149070" m_tx="-66.075737" m_ty="-101.331757"/>
  </frame>
  <frame idx="300" w="310" h="707" x="-95.919662" y="-223.557419">
   <element name="wgenerator" layername="timeline_0" frame="0" z_index="13" m_a="1.000000" m_b="0.000000" m_c="0.000000" m_d="0.948643" m_tx="-3.025381" m_ty="-4.707448"/>
   <element name="wgenerator" layername="timeline_1" frame="1" z_index="14" m_a="-0.472199" m_b="-1.453279" m_c="1.280728" m_d="-0.416134" m_tx="47.515591" m_ty="-150.001968"/>
   <element name="wgenerator" layername="timeline_2" frame="1" z_index="15" m_a="-0.309017" m_b="-0.951056" m_c="0.902213" m_d="-0.293147" m_tx="-66.075737" m_ty="-100.600456"/>
  </frame>
  <frame idx="325" w="311" h="713" x="-96.088989" y="-231.503403">
   <element name="wgenerator" layername="timeline_0" frame="0" z_index="13" m_a="1.000000" m_b="0.000000" m_c="0.000000" m_d="0.944363" m_tx="-3.025381" m_ty="-4.408761"/>
   <element name="wgenerator" layername="timeline_1" frame="1" z_index="14" m_a="-0.688400" m_b="-1.351061" m_c="1.194449" m_d="-0.608602" m_tx="47.710903" m_ty="-149.088974"/>
   <element name="wgenerator" layername="timeline_2" frame="1" z_index="15" m_a="-0.453990" m_b="-0.891007" m_c="0.841434" m_d="-0.428732" m_tx="-66.075737" m_ty="-99.869148"/>
  </frame>
  <frame idx="350" w="311" h="717" x="-96.161545" y="-236.740570">
   <element name="wgenerator" layername="timeline_0" frame="0" z_index="13" m_a="1.000000" m_b="0.000000" m_c="0.000000" m_d="0.940084" m_tx="-3.025381" m_ty="-4.110074"/>
   <element name="wgenerator" layername="timeline_1" frame="1" z_index="14" m_a="-0.884378" m_b="-1.217242" m_c="1.079622" m_d="-0.784391" m_tx="47.906216" m_ty="-148.175964"/>
   <element name="wgenerator" layername="timeline_2" frame="1" z_index="15" m_a="-0.587785" m_b="-0.809017" m_c="0.760544" m_d="-0.552567" m_tx="-66.075737" m_ty="-99.137840"/>
  </frame>
  <frame idx="375" w="311" h="717" x="-96.136154" y="-238.662277">
   <element name="wgenerator" layername="timeline_0" frame="0" z_index="13" m_a="1.000000" m_b="0.000000" m_c="0.000000" m_d="0.935804" m_tx="-3.025381" m_ty="-3.811386"/>
   <element name="wgenerator" layername="timeline_1" frame="1" z_index="14" m_a="-1.055608" m_b="-1.055608" m_c="0.939329" m_d="-0.939329" m_tx="48.101528" m_ty="-147.262970"/>
   <element name="wgenerator" layername="timeline_2" frame="1" z_index="15" m_a="-0.707107" m_b="-0.707107" m_c="0.661713" m_d="-0.661713" m_tx="-66.075737" m_ty="-98.406540"/>
  </frame>
  <frame idx="400" w="324" h="713" x="-108.984131" y="-237.233521">
   <element name="wgenerator" layername="timeline_0" frame="0" z_index="13" m_a="1.000000" m_b="0.000000" m_c="0.000000" m_d="0.931524" m_tx="-3.025381" m_ty="-3.512698"/>
   <element name="wgenerator" layername="timeline_1" frame="1" z_index="14" m_a="-1.198250" m_b="-0.870579" m_c="0.777250" m_d="-1.069792" m_tx="48.296841" m_ty="-146.349976"/>
   <element name="wgenerator" layername="timeline_2" frame="1" z_index="15" m_a="-0.809017" m_b="-0.587785" m_c="0.547536" m_d="-0.753619" m_tx="-66.075737" m_ty="-97.675232"/>
  </frame>
  <frame idx="425" w="345" h="706" x="-127.639420" y="-232.991333">
   <element name="wgenerator" layername="timeline_0" frame="0" z_index="13" m_a="1.000000" m_b="0.000000" m_c="0.000000" m_d="0.927244" m_tx="-3.025381" m_ty="-3.214011"/>
   <element name="wgenerator" layername="timeline_1" frame="1" z_index="14" m_a="-1.309228" m_b="-0.667085" m_c="0.597570" m_d="-1.172797" m_tx="48.492153" m_ty="-145.436966"/>
   <element name="wgenerator" layername="timeline_2" frame="1" z_index="15" m_a="-0.891007" m_b="-0.453990" m_c="0.420960" m_d="-0.826181" m_tx="-66.075737" m_ty="-96.943924"/>
  </frame>
  <frame idx="450" w="364" h="696" x="-144.894302" y="-225.543655">
   <element name="wgenerator" layername="timeline_0" frame="0" z_index="13" m_a="1.000000" m_b="0.000000" m_c="0.000000" m_d="0.922965" m_tx="-3.025381" m_ty="-2.915323"/>
   <element name="wgenerator" layername="timeline_1" frame="1" z_index="14" m_a="-1.386301" m_b="-0.450436" m_c="0.404869" m_d="-1.246061" m_tx="48.687466" m_ty="-144.523972"/>
   <element name="wgenerator" layername="timeline_2" frame="1" z_index="15" m_a="-0.951057" m_b="-0.309017" m_c="0.285212" m_d="-0.877791" m_tx="-66.075737" m_ty="-96.212616"/>
  </frame>
  <frame idx="475" w="381" h="683" x="-160.854187" y="-215.566223">
   <element name="wgenerator" layername="timeline_0" frame="0" z_index="13" m_a="1.000000" m_b="0.000000" m_c="0.000000" m_d="0.918685" m_tx="-3.025381" m_ty="-2.616636"/>
   <element name="wgenerator" layername="timeline_1" frame="1" z_index="14" m_a="-1.428104" m_b="-0.226189" m_c="0.204008" m_d="-1.288055" m_tx="48.882778" m_ty="-143.610962"/>
   <element name="wgenerator" layername="timeline_2" frame="1" z_index="15" m_a="-0.987688" m_b="-0.156434" m_c="0.143714" m_d="-0.907374" m_tx="-66.075737" m_ty="-95.481316"/>
  </frame>
  <frame idx="500" w="397" h="668" x="-175.158997" y="-203.297806">
   <element name="wgenerator" layername="timeline_0" frame="0" z_index="11" m_a="1.000000" m_b="0.000000" m_c="0.000000" m_d="0.914405" m_tx="-3.025381" m_ty="-2.317948"/>
   <element name="wgenerator" layername="timeline_1" frame="1" z_index="12" m_a="-1.434168" m_b="0.000000" m_c="-0.000000" m_d="-1.298035" m_tx="49.078091" m_ty="-142.697968"/>
   <element name="wgenerator" layername="timeline_2" frame="1" z_index="13" m_a="-1.000000" m_b="0.000000" m_c="-0.000000" m_d="-0.914405" m_tx="-66.075737" m_ty="-94.750008"/>
   <element name="wgenerator" layername="timeline_3" frame="2" z_index="14" m_a="0.326651" m_b="0.000000" m_c="0.000000" m_d="0.269010" m_tx="-82.367928" m_ty="-57.396744"/>
   <element name="wgenerator" layername="timeline_4" frame="2" z_index="15" m_a="-0.374861" m_b="0.000000" m_c="0.000000" m_d="0.291007" m_tx="58.593750" m_ty="-61.718750"/>
  </frame>
  <frame idx="525" w="410" h="670" x="-187.250275" y="-203.960358">
   <element name="wgenerator" layername="timeline_0" frame="0" z_index="11" m_a="1.000000" m_b="0.000000" m_c="0.000000" m_d="0.918685" m_tx="-3.025381" m_ty="-2.616636"/>
   <element name="wgenerator" layername="timeline_1" frame="1" z_index="12" m_a="-1.438097" m_b="0.237908" m_c="-0.212849" m_d="-1.286623" m_tx="48.687466" m_ty="-143.571899"/>
   <element name="wgenerator" layername="timeline_2" frame="1" z_index="13" m_a="-0.987319" m_b="0.158746" m_c="-0.145838" m_d="-0.907035" m_tx="-66.075737" m_ty="-95.481316"/>
   <element name="wgenerator" layername="timeline_3" frame="2" z_index="14" m_a="0.326651" m_b="0.000000" m_c="0.000000" m_d="0.269010" m_tx="-88.055603" m_ty="-61.635670"/>
   <element name="wgenerator" layername="timeline_4" frame="2" z_index="15" m_a="-0.374861" m_b="0.000000" m_c="0.000000" m_d="0.291007" m_tx="65.730171" m_ty="-65.796707"/>
  </frame>
  <frame idx="550" w="421" h="674" x="-197.254257" y="-205.436157">
   <element name="wgenerator" layername="timeline_0" frame="0" z_index="11" m_a="1.000000" m_b="0.000000" m_c="0.000000" m_d="0.922965" m_tx="-3.025381" m_ty="-2.915323"/>
   <element name="wgenerator" layername="timeline_1" frame="1" z_index="12" m_a="-1.402207" m_b="0.476996" m_c="-0.421947" m_d="-1.240382" m_tx="48.296841" m_ty="-144.445847"/>
   <element name="wgenerator" layername="timeline_2" frame="1" z_index="13" m_a="-0.949599" m_b="0.313466" m_c="-0.289318" m_d="-0.876446" m_tx="-66.075737" m_ty="-96.212616"/>
   <element name="wgenerator" layername="timeline_3" frame="2" z_index="14" m_a="0.326651" m_b="0.000000" m_c="0.000000" m_d="0.269010" m_tx="-93.743271" m_ty="-65.874596"/>
   <element name="wgenerator" layername="timeline_4" frame="2" z_index="15" m_a="-0.374861" m_b="0.000000" m_c="0.000000" m_d="0.291007" m_tx="72.866585" m_ty="-69.874657"/>
  </frame>
  <frame idx="575" w="429" h="677" x="-204.438324" y="-206.411926">
   <element name="wgenerator" layername="timeline_0" frame="0" z_index="11" m_a="1.000000" m_b="0.000000" m_c="0.000000" m_d="0.927244" m_tx="-3.025381" m_ty="-3.214011"/>
   <element name="wgenerator" layername="timeline_1" frame="1" z_index="12" m_a="-1.326244" m_b="0.710546" m_c="-0.621606" m_d="-1.160236" m_tx="47.906216" m_ty="-145.319778"/>
   <element name="wgenerator" layername="timeline_2" frame="1" z_index="13" m_a="-0.887796" m_b="0.460237" m_c="-0.426752" m_d="-0.823204" m_tx="-66.075737" m_ty="-96.943924"/>
   <element name="wgenerator" layername="timeline_3" frame="2" z_index="14" m_a="0.326651" m_b="0.000000" m_c="0.000000" m_d="0.269010" m_tx="-99.430946" m_ty="-70.113518"/>
   <element name="wgenerator" layername="timeline_4" frame="2" z_index="15" m_a="-0.374861" m_b="0.000000" m_c="0.000000" m_d="0.291007" m_tx="80.003006" m_ty="-73.952614"/>
  </frame>
  <frame idx="600" w="434" h="681" x="-209.126022" y="-207.887711">
   <element name="wgenerator" layername="timeline_0" frame="0" z_index="11" m_a="1.000000" m_b="0.000000" m_c="0.000000" m_d="0.931524" m_tx="-3.025381" m_ty="-3.512698"/>
   <element name="wgenerator" layername="timeline_1" frame="1" z_index="12" m_a="-1.211094" m_b="0.931796" m_c="-0.806343" m_d="-1.048038" m_tx="47.515591" m_ty="-146.193726"/>
   <element name="wgenerator" layername="timeline_2" frame="1" z_index="13" m_a="-0.803478" m_b="0.595335" m_c="-0.554569" m_d="-0.748459" m_tx="-66.075737" m_ty="-97.675232"/>
   <element name="wgenerator" layername="timeline_3" frame="2" z_index="14" m_a="0.326651" m_b="0.000000" m_c="0.000000" m_d="0.269010" m_tx="-105.118614" m_ty="-74.352448"/>
   <element name="wgenerator" layername="timeline_4" frame="2" z_index="15" m_a="-0.374861" m_b="0.000000" m_c="0.000000" m_d="0.291007" m_tx="87.139420" m_ty="-78.030563"/>
  </frame>
  <frame idx="625" w="436" h="684" x="-210.701691" y="-208.863495">
   <element name="wgenerator" layername="timeline_0" frame="0" z_index="11" m_a="1.000000" m_b="0.000000" m_c="0.000000" m_d="0.935804" m_tx="-3.025381" m_ty="-3.811386"/>
   <element name="wgenerator" layername="timeline_1" frame="1" z_index="12" m_a="-1.058792" m_b="1.134128" m_c="-0.971026" m_d="-0.906524" m_tx="47.124966" m_ty="-147.067657"/>
   <element name="wgenerator" layername="timeline_2" frame="1" z_index="13" m_a="-0.698782" m_b="0.715335" m_c="-0.669413" m_d="-0.653923" m_tx="-66.075737" m_ty="-98.406540"/>
   <element name="wgenerator" layername="timeline_3" frame="2" z_index="14" m_a="0.326651" m_b="0.000000" m_c="0.000000" m_d="0.269010" m_tx="-110.806290" m_ty="-78.591370"/>
   <element name="wgenerator" layername="timeline_4" frame="2" z_index="15" m_a="-0.374861" m_b="0.000000" m_c="0.000000" m_d="0.291007" m_tx="94.275841" m_ty="-82.108521"/>
  </frame>
  <frame idx="650" w="435" h="688" x="-209.613632" y="-210.339264">
   <element name="wgenerator" layername="timeline_0" frame="0" z_index="11" m_a="1.000000" m_b="0.000000" m_c="0.000000" m_d="0.940084" m_tx="-3.025381" m_ty="-4.110074"/>
   <element name="wgenerator" layername="timeline_1" frame="1" z_index="12" m_a="-0.872492" m_b="1.311274" m_c="-1.111020" m_d="-0.739248" m_tx="46.734341" m_ty="-147.941589"/>
   <element name="wgenerator" layername="timeline_2" frame="1" z_index="13" m_a="-0.576364" m_b="0.817193" m_c="-0.768230" m_d="-0.541831" m_tx="-66.075737" m_ty="-99.137840"/>
   <element name="wgenerator" layername="timeline_3" frame="2" z_index="14" m_a="0.326651" m_b="0.000000" m_c="0.000000" m_d="0.269010" m_tx="-116.493958" m_ty="-82.830299"/>
   <element name="wgenerator" layername="timeline_4" frame="2" z_index="15" m_a="-0.374861" m_b="0.000000" m_c="0.000000" m_d="0.291007" m_tx="101.412262" m_ty="-86.186470"/>
  </frame>
  <frame idx="675" w="430" h="692" x="-205.375671" y="-211.815048">
   <element name="wgenerator" layername="timeline_0" frame="0" z_index="11" m_a="1.000000" m_b="0.000000" m_c="0.000000" m_d="0.944363" m_tx="-3.025381" m_ty="-4.408761"/>
   <element name="wgenerator" layername="timeline_1" frame="1" z_index="12" m_a="-0.656414" m_b="1.457499" m_c="-1.222317" m_d="-0.550496" m_tx="46.343716" m_ty="-148.815536"/>
   <element name="wgenerator" layername="timeline_2" frame="1" z_index="13" m_a="-0.439329" m_b="0.898326" m_c="-0.848346" m_d="-0.414887" m_tx="-66.075737" m_ty="-99.869148"/>
   <element name="wgenerator" layername="timeline_3" frame="2" z_index="14" m_a="0.326651" m_b="0.000000" m_c="0.000000" m_d="0.269010" m_tx="-122.181625" m_ty="-87.069221"/>
   <element name="wgenerator" layername="timeline_4" frame="2" z_index="15" m_a="-0.374861" m_b="0.000000" m_c="0.000000" m_d="0.291007" m_tx="108.548676" m_ty="-90.264420"/>
  </frame>
  <frame idx="700" w="423" h="695" x="-198.567200" y="-212.790833">
   <element name="wgenerator" layername="timeline_0" frame="0" z_index="11" m_a="1.000000" m_b="0.000000" m_c="0.000000" m_d="0.948643" m_tx="-3.025381" m_ty="-4.707448"/>
   <element name="wgenerator" layername="timeline_1" frame="1" z_index="12" m_a="-0.415744" m_b="1.567782" m_c="-1.301648" m_d="-0.345171" m_tx="45.953091" m_ty="-149.689468"/>
   <element name="wgenerator" layername="timeline_2" frame="1" z_index="13" m_a="-0.291152" m_b="0.956677" m_c="-0.907545" m_d="-0.276200" m_tx="-66.075737" m_ty="-100.600456"/>
   <element name="wgenerator" layername="timeline_3" frame="2" z_index="14" m_a="0.326651" m_b="0.000000" m_c="0.000000" m_d="0.269010" m_tx="-127.869301" m_ty="-91.308144"/>
   <element name="wgenerator" layername="timeline_4" frame="2" z_index="15" m_a="-0.374861" m_b="0.000000" m_c="0.000000" m_d="0.291007" m_tx="115.685097" m_ty="-94.342377"/>
  </frame>
  <frame idx="725" w="412" h="699" x="-188.831619" y="-214.266617">
   <element name="wgenerator" layername="timeline_0" frame="0" z_index="11" m_a="1.000000" m_b="0.000000" m_c="0.000000" m_d="0.952923" m_tx="-3.025381" m_ty="-5.006136"/>
   <element name="wgenerator" layername="timeline_1" frame="1" z_index="12" m_a="-0.156518" m_b="1.637983" m_c="-1.346578" m_d="-0.128673" m_tx="45.562466" m_ty="-150.563416"/>
   <element name="wgenerator" layername="timeline_2" frame="1" z_index="13" m_a="-0.135592" m_b="0.990765" m_c="-0.944123" m_d="-0.129208" m_tx="-66.075737" m_ty="-101.331757"/>
   <element name="wgenerator" layername="timeline_3" frame="2" z_index="14" m_a="0.326651" m_b="0.000000" m_c="0.000000" m_d="0.269010" m_tx="-133.556976" m_ty="-95.547066"/>
   <element name="wgenerator" layername="timeline_4" frame="2" z_index="15" m_a="-0.374861" m_b="0.000000" m_c="0.000000" m_d="0.291007" m_tx="122.821510" m_ty="-98.420326"/>
  </frame>
  <frame idx="750" w="399" h="702" x="-176.873001" y="-215.242386">
   <element name="wgenerator" layername="timeline_0" frame="0" z_index="11" m_a="1.000000" m_b="0.000000" m_c="0.000000" m_d="0.957202" m_tx="-3.025381" m_ty="-5.304824"/>
   <element name="wgenerator" layername="timeline_1" frame="1" z_index="14" m_a="0.114533" m_b="1.664984" m_c="-1.355583" m_d="0.093250" m_tx="45.171841" m_ty="-151.437347"/>
   <element name="wgenerator" layername="timeline_2" frame="1" z_index="15" m_a="0.023408" m_b="0.999726" m_c="-0.956941" m_d="0.022406" m_tx="-66.075737" m_ty="-102.063065"/>
   <element name="wgenerator" layername="timeline_3" frame="2" z_index="12" m_a="0.326651" m_b="0.000000" m_c="0.000000" m_d="0.269010" m_tx="-139.244644" m_ty="-99.785995"/>
   <element name="wgenerator" layername="timeline_4" frame="2" z_index="11" m_a="-0.374861" m_b="0.000000" m_c="0.000000" m_d="0.291007" m_tx="129.957932" m_ty="-102.498283"/>
  </frame>
  <frame idx="775" w="383" h="706" x="-162.866272" y="-216.718170">
   <element name="wgenerator" layername="timeline_0" frame="0" z_index="11" m_a="1.000000" m_b="0.000000" m_c="0.000000" m_d="0.961482" m_tx="-3.025381" m_ty="-5.603511"/>
   <element name="wgenerator" layername="timeline_1" frame="1" z_index="14" m_a="0.362404" m_b="1.629096" m_c="-1.332295" m_d="0.296378" m_tx="45.171841" m_ty="-152.389404"/>
   <element name="wgenerator" layername="timeline_2" frame="1" z_index="15" m_a="0.177208" m_b="0.984173" m_c="-0.946266" m_d="0.170382" m_tx="-66.075737" m_ty="-102.794373"/>
   <element name="wgenerator" layername="timeline_3" frame="2" z_index="12" m_a="0.326651" m_b="0.000000" m_c="0.000000" m_d="0.269010" m_tx="-144.435364" m_ty="-105.656487"/>
   <element name="wgenerator" layername="timeline_4" frame="2" z_index="11" m_a="-0.374861" m_b="0.000000" m_c="0.000000" m_d="0.291007" m_tx="133.878342" m_ty="-105.469673"/>
  </frame>
  <frame idx="800" w="366" h="710" x="-147.292007" y="-218.193954">
   <element name="wgenerator" layername="timeline_0" frame="0" z_index="11" m_a="1.000000" m_b="0.000000" m_c="0.000000" m_d="0.965762" m_tx="-3.025381" m_ty="-5.902199"/>
   <element name="wgenerator" layername="timeline_1" frame="1" z_index="14" m_a="0.602114" m_b="1.556518" m_c="-1.278606" m_d="0.494608" m_tx="45.171841" m_ty="-153.341476"/>
   <element name="wgenerator" layername="timeline_2" frame="1" z_index="15" m_a="0.326773" m_b="0.945103" m_c="-0.912745" m_d="0.315585" m_tx="-66.075737" m_ty="-103.525673"/>
   <element name="wgenerator" layername="timeline_3" frame="2" z_index="12" m_a="0.326651" m_b="0.000000" m_c="0.000000" m_d="0.269010" m_tx="-149.626099" m_ty="-111.526970"/>
   <element name="wgenerator" layername="timeline_4" frame="2" z_index="11" m_a="-0.374861" m_b="0.000000" m_c="0.000000" m_d="0.291007" m_tx="137.798752" m_ty="-108.441063"/>
  </frame>
  <frame idx="825" w="348" h="713" x="-130.470154" y="-219.169739">
   <element name="wgenerator" layername="timeline_0" frame="0" z_index="11" m_a="1.000000" m_b="0.000000" m_c="0.000000" m_d="0.970042" m_tx="-3.025381" m_ty="-6.200886"/>
   <element name="wgenerator" layername="timeline_1" frame="1" z_index="14" m_a="0.828262" m_b="1.448887" m_c="-1.195466" m_d="0.683393" m_tx="45.171841" m_ty="-154.293533"/>
   <element name="wgenerator" layername="timeline_2" frame="1" z_index="15" m_a="0.468530" m_b="0.883448" m_c="-0.856981" m_d="0.454494" m_tx="-66.075737" m_ty="-104.256981"/>
  </frame>
  <frame idx="850" w="329" h="716" x="-112.751472" y="-220.645508">
   <element name="wgenerator" layername="timeline_0" frame="0" z_index="11" m_a="1.000000" m_b="0.000000" m_c="0.000000" m_d="0.974321" m_tx="-3.025381" m_ty="-6.499574"/>
   <element name="wgenerator" layername="timeline_1" frame="1" z_index="14" m_a="1.035757" m_b="1.308624" m_c="-1.084500" m_d="0.858366" m_tx="45.171841" m_ty="-155.245605"/>
   <element name="wgenerator" layername="timeline_2" frame="1" z_index="15" m_a="0.599090" m_b="0.800681" m_c="-0.780121" m_d="0.583707" m_tx="-66.075737" m_ty="-104.988289"/>
  </frame>
  <frame idx="875" w="309" h="719" x="-94.509224" y="-221.621292">
   <element name="wgenerator" layername="timeline_0" frame="0" z_index="11" m_a="1.000000" m_b="0.000000" m_c="0.000000" m_d="0.978601" m_tx="-3.025381" m_ty="-6.798262"/>
   <element name="wgenerator" layername="timeline_1" frame="1" z_index="14" m_a="1.219926" m_b="1.138890" m_c="-0.947981" m_d="1.015434" m_tx="45.171841" m_ty="-156.197662"/>
   <element name="wgenerator" layername="timeline_2" frame="1" z_index="15" m_a="0.715335" m_b="0.698782" m_c="-0.683829" m_d="0.700028" m_tx="-66.075737" m_ty="-105.719589"/>
  </frame>
  <frame idx="900" w="302" h="723" x="-87.546684" y="-223.097076">
   <element name="wgenerator" layername="timeline_0" frame="0" z_index="11" m_a="1.000000" m_b="0.000000" m_c="0.000000" m_d="0.982881" m_tx="-3.025381" m_ty="-7.096949"/>
   <element name="wgenerator" layername="timeline_1" frame="1" z_index="14" m_a="1.376621" m_b="0.943507" m_c="-0.788785" m_d="1.150874" m_tx="45.171841" m_ty="-157.149719"/>
   <element name="wgenerator" layername="timeline_2" frame="1" z_index="15" m_a="0.814485" m_b="0.580184" m_c="-0.570252" m_d="0.800542" m_tx="-66.075737" m_ty="-106.450897"/>
  </frame>
  <frame idx="925" w="302" h="726" x="-87.773865" y="-224.072861">
   <element name="wgenerator" layername="timeline_0" frame="0" z_index="11" m_a="1.000000" m_b="0.000000" m_c="0.000000" m_d="0.987161" m_tx="-3.025381" m_ty="-7.395637"/>
   <element name="wgenerator" layername="timeline_1" frame="1" z_index="14" m_a="1.502313" m_b="0.726875" m_c="-0.610324" m_d="1.261422" m_tx="45.171841" m_ty="-158.101791"/>
   <element name="wgenerator" layername="timeline_2" frame="1" z_index="15" m_a="0.894173" m_b="0.447722" m_c="-0.441974" m_d="0.882692" m_tx="-66.075737" m_ty="-107.182205"/>
  </frame>
  <frame idx="950" w="302" h="730" x="-88.095886" y="-225.548630">
   <element name="wgenerator" layername="timeline_0" frame="0" z_index="11" m_a="1.000000" m_b="0.000000" m_c="0.000000" m_d="0.991440" m_tx="-3.025381" m_ty="-7.694324"/>
   <element name="wgenerator" layername="timeline_1" frame="1" z_index="14" m_a="1.594170" m_b="0.493874" m_c="-0.416481" m_d="1.344354" m_tx="45.171841" m_ty="-159.053848"/>
   <element name="wgenerator" layername="timeline_2" frame="1" z_index="15" m_a="0.952493" m_b="0.304561" m_c="-0.301954" m_d="0.944340" m_tx="-66.075737" m_ty="-107.913513"/>
  </frame>
  <frame idx="975" w="303" h="734" x="-88.505295" y="-227.024414">
   <element name="wgenerator" layername="timeline_0" frame="0" z_index="11" m_a="1.000000" m_b="0.000000" m_c="0.000000" m_d="0.995720" m_tx="-3.025381" m_ty="-7.993012"/>
   <element name="wgenerator" layername="timeline_1" frame="1" z_index="14" m_a="1.650126" m_b="0.249749" m_c="-0.211521" m_d="1.397548" m_tx="45.171841" m_ty="-160.005920"/>
   <element name="wgenerator" layername="timeline_2" frame="1" z_index="15" m_a="0.988052" m_b="0.154122" m_c="-0.153462" m_d="0.983823" m_tx="-66.075737" m_ty="-108.644814"/>
  </frame>
 </anim>
 <anim name="build" root="wgen" numframes="1000" framerate="40">
  <frame idx="0" w="303" h="412" x="-88.992485" y="-200.250000">
   <element name="wgenerator" layername="timeline_0" frame="0" z_index="13" m_a="1.000000" m_b="0.000000" m_c="0.000000" m_d="0.405593" m_tx="-3.025381" m_ty="-8.291699"/>
   <element name="wgenerator" layername="timeline_1" frame="1" z_index="14" m_a="1.668919" m_b="0.000000" m_c="0.000000" m_d="1.419540" m_tx="45.171841" m_ty="-160.957977"/>
   <element name="wgenerator" layername="timeline_2" frame="1" z_index="15" m_a="1.000000" m_b="0.000000" m_c="0.000000" m_d="1.000000" m_tx="-66.075737" m_ty="-109.376122"/>
  </frame>
  <frame idx="25" w="304" h="425" x="-89.550117" y="-200.927444">
   <element name="wgenerator" layername="timeline_0" frame="0" z_index="13" m_a="1.000000" m_b="0.000000" m_c="0.000000" m_d="0.431034" m_tx="-3.025381" m_ty="-7.993012"/>
   <element name="wgenerator" layername="timeline_1" frame="1" z_index="14" m_a="1.636779" m_b="-0.259240" m_c="0.221115" m_d="1.396063" m_tx="45.367153" m_ty="-160.044983"/>
   <element name="wgenerator" layername="timeline_2" frame="1" z_index="15" m_a="0.987688" m_b="-0.156434" m_c="0.155765" m_d="0.983461" m_tx="-66.075737" m_ty="-108.644814"/>
  </frame>
  <frame idx="50" w="318" h="439" x="-91.153152" y="-201.963959">
   <element name="wgenerator" layername="timeline_0" frame="0" z_index="13" m_a="1.000000" m_b="0.000000" m_c="0.000000" m_d="0.456474" m_tx="-3.025381" m_ty="-7.694324"/>
   <element name="wgenerator" layername="timeline_1" frame="1" z_index="14" m_a="1.564910" m_b="-0.508470" m_c="0.434907" m_d="1.338507" m_tx="45.562466" m_ty="-159.131973"/>
   <element name="wgenerator" layername="timeline_2" frame="1" z_index="15" m_a="0.951057" m_b="-0.309017" m_c="0.306372" m_d="0.942916" m_tx="-66.075737" m_ty="-107.913513"/>
  </frame>
  <frame idx="75" w="329" h="452" x="-92.786926" y="-202.349854">
   <element name="wgenerator" layername="timeline_0" frame="0" z_index="13" m_a="1.000000" m_b="0.000000" m_c="0.000000" m_d="0.481915" m_tx="-3.025381" m_ty="-7.395637"/>
   <element name="wgenerator" layername="timeline_1" frame="1" z_index="14" m_a="1.455643" m_b="-0.741687" m_c="0.636183" m_d="1.248580" m_tx="45.757778" m_ty="-158.218979"/>
   <element name="wgenerator" layername="timeline_2" frame="1" z_index="15" m_a="0.891007" m_b="-0.453991" m_c="0.448162" m_d="0.879567" m_tx="-66.075737" m_ty="-107.182205"/>
  </frame>
  <frame idx="100" w="335" h="465" x="-93.936096" y="-202.579224">
   <element name="wgenerator" layername="timeline_0" frame="0" z_index="13" m_a="1.000000" m_b="0.000000" m_c="0.000000" m_d="0.507355" m_tx="-3.025381" m_ty="-7.096949"/>
   <element name="wgenerator" layername="timeline_1" frame="1" z_index="14" m_a="1.312200" m_b="-0.953369" m_c="0.820101" m_d="1.128772" m_tx="45.953091" m_ty="-157.305969"/>
   <element name="wgenerator" layername="timeline_2" frame="1" z_index="15" m_a="0.809017" m_b="-0.587785" m_c="0.577723" m_d="0.795167" m_tx="-66.075737" m_ty="-106.450897"/>
  </frame>
  <frame idx="125" w="336" h="478" x="-94.585045" y="-202.650238">
   <element name="wgenerator" layername="timeline_0" frame="0" z_index="13" m_a="1.000000" m_b="0.000000" m_c="0.000000" m_d="0.532796" m_tx="-3.025381" m_ty="-6.798262"/>
   <element name="wgenerator" layername="timeline_1" frame="1" z_index="14" m_a="1.138605" m_b="-1.138605" m_c="0.982287" m_d="0.982287" m_tx="46.148403" m_ty="-156.392975"/>
   <element name="wgenerator" layername="timeline_2" frame="1" z_index="15" m_a="0.707107" m_b="-0.707107" m_c="0.691976" m_d="0.691976" m_tx="-66.075737" m_ty="-105.719589"/>
  </frame>
  <frame idx="150" w="334" h="490" x="-95.218254" y="-202.565018">
   <element name="wgenerator" layername="timeline_0" frame="0" z_index="13" m_a="1.000000" m_b="0.000000" m_c="0.000000" m_d="0.558237" m_tx="-3.025381" m_ty="-6.499574"/>
   <element name="wgenerator" layername="timeline_1" frame="1" z_index="14" m_a="0.939571" m_b="-1.293209" m_c="1.118942" m_d="0.812959" m_tx="46.343716" m_ty="-155.479980"/>
   <element name="wgenerator" layername="timeline_2" frame="1" z_index="15" m_a="0.587785" m_b="-0.809017" m_c="0.788243" m_d="0.572692" m_tx="-66.075737" m_ty="-104.988289"/>
  </frame>
  <frame idx="175" w="326" h="502" x="-95.320679" y="-202.329559">
   <element name="wgenerator" layername="timeline_0" frame="0" z_index="13" m_a="1.000000" m_b="0.000000" m_c="0.000000" m_d="0.583677" m_tx="-3.025381" m_ty="-6.200886"/>
   <element name="wgenerator" layername="timeline_1" frame="1" z_index="14" m_a="0.720372" m_b="-1.413810" m_c="1.226928" m_d="0.625151" m_tx="46.539028" m_ty="-154.566971"/>
   <element name="wgenerator" layername="timeline_2" frame="1" z_index="15" m_a="0.453991" m_b="-0.891007" m_c="0.864314" m_d="0.440390" m_tx="-66.075737" m_ty="-104.256981"/>
  </frame>
  <frame idx="200" w="312" h="515" x="-94.378082" y="-201.953629">
   <element name="wgenerator" layername="timeline_0" frame="0" z_index="13" m_a="1.000000" m_b="0.000000" m_c="0.000000" m_d="0.609118" m_tx="-3.025381" m_ty="-5.902199"/>
   <element name="wgenerator" layername="timeline_1" frame="1" z_index="14" m_a="0.486707" m_b="-1.497932" m_c="1.303840" m_d="0.423643" m_tx="46.734341" m_ty="-153.653976"/>
   <element name="wgenerator" layername="timeline_2" frame="1" z_index="15" m_a="0.309017" m_b="-0.951057" m_c="0.918494" m_d="0.298437" m_tx="-66.075737" m_ty="-103.525673"/>
  </frame>
  <frame idx="225" w="309" h="527" x="-94.877403" y="-201.450363">
   <element name="wgenerator" layername="timeline_0" frame="0" z_index="13" m_a="1.000000" m_b="0.000000" m_c="0.000000" m_d="0.634558" m_tx="-3.025381" m_ty="-5.603511"/>
   <element name="wgenerator" layername="timeline_1" frame="1" z_index="14" m_a="0.244551" m_b="-1.544034" m_c="1.348059" m_d="0.213511" m_tx="46.929653" m_ty="-152.740967"/>
   <element name="wgenerator" layername="timeline_2" frame="1" z_index="15" m_a="0.156434" m_b="-0.987688" m_c="0.949645" m_d="0.150409" m_tx="-66.075737" m_ty="-102.794373"/>
  </frame>
  <frame idx="250" w="310" h="539" x="-95.307022" y="-200.835999">
   <element name="wgenerator" layername="timeline_0" frame="0" z_index="13" m_a="1.000000" m_b="0.000000" m_c="0.000000" m_d="0.659999" m_tx="-3.025381" m_ty="-5.304824"/>
   <element name="wgenerator" layername="timeline_1" frame="1" z_index="14" m_a="-0.000000" m_b="-1.551543" m_c="1.358788" m_d="-0.000000" m_tx="47.124966" m_ty="-151.827972"/>
   <element name="wgenerator" layername="timeline_2" frame="1" z_index="15" m_a="-0.000000" m_b="-1.000000" m_c="0.957202" m_d="-0.000000" m_tx="-66.075737" m_ty="-102.063065"/>
  </frame>
  <frame idx="275" w="310" h="551" x="-95.657082" y="-200.578354">
   <element name="wgenerator" layername="timeline_0" frame="0" z_index="13" m_a="1.000000" m_b="0.000000" m_c="0.000000" m_d="0.685440" m_tx="-3.025381" m_ty="-5.006136"/>
   <element name="wgenerator" layername="timeline_1" frame="1" z_index="14" m_a="-0.240879" m_b="-1.520848" m_c="1.336058" m_d="-0.211611" m_tx="47.320278" m_ty="-150.914978"/>
   <element name="wgenerator" layername="timeline_2" frame="1" z_index="15" m_a="-0.156434" m_b="-0.987688" m_c="0.941191" m_d="-0.149070" m_tx="-66.075737" m_ty="-101.331757"/>
  </frame>
  <frame idx="300" w="310" h="578" x="-95.919662" y="-213.057419">
   <element name="wgenerator" layername="timeline_0" frame="0" z_index="13" m_a="1.000000" m_b="0.000000" m_c="0.000000" m_d="0.710880" m_tx="-3.025381" m_ty="-4.707448"/>
   <element name="wgenerator" layername="timeline_1" frame="1" z_index="14" m_a="-0.472199" m_b="-1.453279" m_c="1.280728" m_d="-0.416134" m_tx="47.515591" m_ty="-150.001968"/>
   <element name="wgenerator" layername="timeline_2" frame="1" z_index="15" m_a="-0.309017" m_b="-0.951056" m_c="0.902213" m_d="-0.293147" m_tx="-66.075737" m_ty="-100.600456"/>
  </frame>
  <frame idx="325" w="311" h="600" x="-96.088989" y="-222.003403">
   <element name="wgenerator" layername="timeline_0" frame="0" z_index="13" m_a="1.000000" m_b="0.000000" m_c="0.000000" m_d="0.736321" m_tx="-3.025381" m_ty="-4.408761"/>
   <element name="wgenerator" layername="timeline_1" frame="1" z_index="14" m_a="-0.688400" m_b="-1.351061" m_c="1.194449" m_d="-0.608602" m_tx="47.710903" m_ty="-149.088974"/>
   <element name="wgenerator" layername="timeline_2" frame="1" z_index="15" m_a="-0.453990" m_b="-0.891007" m_c="0.841434" m_d="-0.428732" m_tx="-66.075737" m_ty="-99.869148"/>
  </frame>
  <frame idx="350" w="311" h="620" x="-96.161545" y="-228.740570">
   <element name="wgenerator" layername="timeline_0" frame="0" z_index="13" m_a="1.000000" m_b="0.000000" m_c="0.000000" m_d="0.761761" m_tx="-3.025381" m_ty="-4.110074"/>
   <element name="wgenerator" layername="timeline_1" frame="1" z_index="14" m_a="-0.884378" m_b="-1.217242" m_c="1.079622" m_d="-0.784391" m_tx="47.906216" m_ty="-148.175964"/>
   <element name="wgenerator" layername="timeline_2" frame="1" z_index="15" m_a="-0.587785" m_b="-0.809017" m_c="0.760544" m_d="-0.552567" m_tx="-66.075737" m_ty="-99.137840"/>
  </frame>
  <frame idx="375" w="311" h="635" x="-96.136154" y="-231.662277">
   <element name="wgenerator" layername="timeline_0" frame="0" z_index="13" m_a="1.000000" m_b="0.000000" m_c="0.000000" m_d="0.787202" m_tx="-3.025381" m_ty="-3.811386"/>
   <element name="wgenerator" layername="timeline_1" frame="1" z_index="14" m_a="-1.055608" m_b="-1.055608" m_c="0.939329" m_d="-0.939329" m_tx="48.101528" m_ty="-147.262970"/>
   <element name="wgenerator" layername="timeline_2" frame="1" z_index="15" m_a="-0.707107" m_b="-0.707107" m_c="0.661713" m_d="-0.661713" m_tx="-66.075737" m_ty="-98.406540"/>
  </frame>
  <frame idx="400" w="324" h="648" x="-108.984131" y="-231.733521">
   <element name="wgenerator" layername="timeline_0" frame="0" z_index="13" m_a="1.000000" m_b="0.000000" m_c="0.000000" m_d="0.812643" m_tx="-3.025381" m_ty="-3.512698"/>
   <element name="wgenerator" layername="timeline_1" frame="1" z_index="14" m_a="-1.198250" m_b="-0.870579" m_c="0.777250" m_d="-1.069792" m_tx="48.296841" m_ty="-146.349976"/>
   <element name="wgenerator" layername="timeline_2" frame="1" z_index="15" m_a="-0.809017" m_b="-0.587785" m_c="0.547536" m_d="-0.753619" m_tx="-66.075737" m_ty="-97.675232"/>
  </frame>
  <frame idx="425" w="345" h="658" x="-127.639420" y="-228.991333">
   <element name="wgenerator" layername="timeline_0" frame="0" z_index="13" m_a="1.000000" m_b="0.000000" m_c="0.000000" m_d="0.838083" m_tx="-3.025381" m_ty="-3.214011"/>
   <element name="wgenerator" layername="timeline_1" frame="1" z_index="14" m_a="-1.309228" m_b="-0.667085" m_c="0.597570" m_d="-1.172797" m_tx="48.492153" m_ty="-145.436966"/>
   <element name="wgenerator" layername="timeline_2" frame="1" z_index="15" m_a="-0.891007" m_b="-0.453990" m_c="0.420960" m_d="-0.826181" m_tx="-66.075737" m_ty="-96.943924"/>
  </frame>
  <frame idx="450" w="364" h="664" x="-144.894302" y="-223.043655">
   <element name="wgenerator" layername="timeline_0" frame="0" z_index="13" m_a="1.000000" m_b="0.000000" m_c="0.000000" m_d="0.863524" m_tx="-3.025381" m_ty="-2.915323"/>
   <element name="wgenerator" layername="timeline_1" frame="1" z_index="14" m_a="-1.386301" m_b="-0.450436" m_c="0.404869" m_d="-1.246061" m_tx="48.687466" m_ty="-144.523972"/>
   <element name="wgenerator" layername="timeline_2" frame="1" z_index="15" m_a="-0.951057" m_b="-0.309017" m_c="0.285212" m_d="-0.877791" m_tx="-66.075737" m_ty="-96.212616"/>
  </frame>
  <frame idx="475" w="381" h="668" x="-160.854187" y="-214.566223">
   <element name="wgenerator" layername="timeline_0" frame="0" z_index="13" m_a="1.000000" m_b="0.000000" m_c="0.000000" m_d="0.888964" m_tx="-3.025381" m_ty="-2.616636"/>
   <element name="wgenerator" layername="timeline_1" frame="1" z_index="14" m_a="-1.428104" m_b="-0.226189" m_c="0.204008" m_d="-1.288055" m_tx="48.882778" m_ty="-143.610962"/>
   <element name="wgenerator" layername="timeline_2" frame="1" z_index="15" m_a="-0.987688" m_b="-0.156434" m_c="0.143714" m_d="-0.907374" m_tx="-66.075737" m_ty="-95.481316"/>
  </frame>
  <frame idx="500" w="397" h="668" x="-175.158997" y="-203.297806">
   <element name="wgenerator" layername="timeline_0" frame="0" z_index="11" m_a="1.000000" m_b="0.000000" m_c="0.000000" m_d="0.914405" m_tx="-3.025381" m_ty="-2.317948"/>
   <element name="wgenerator" layername="timeline_1" frame="1" z_index="12" m_a="-1.434168" m_b="0.000000" m_c="-0.000000" m_d="-1.298035" m_tx="49.078091" m_ty="-142.697968"/>
   <element name="wgenerator" layername="timeline_2" frame="1" z_index="13" m_a="-1.000000" m_b="0.000000" m_c="-0.000000" m_d="-0.914405" m_tx="-66.075737" m_ty="-94.750008"/>
   <element name="wgenerator" layername="timeline_3" frame="2" z_index="14" m_a="0.326651" m_b="0.000000" m_c="0.000000" m_d="0.269010" m_tx="-82.367928" m_ty="-57.396744"/>
   <element name="wgenerator" layername="timeline_4" frame="2" z_index="15" m_a="-0.374861" m_b="0.000000" m_c="0.000000" m_d="0.291007" m_tx="58.593750" m_ty="-61.718750"/>
  </frame>
  <frame idx="525" w="410" h="671" x="-187.250275" y="-204.046417">
   <element name="wgenerator" layername="timeline_0" frame="0" z_index="11" m_a="1.000000" m_b="0.000000" m_c="0.000000" m_d="0.919229" m_tx="-3.025381" m_ty="-2.616636"/>
   <element name="wgenerator" layername="timeline_1" frame="1" z_index="12" m_a="-1.438097" m_b="0.237908" m_c="-0.212849" m_d="-1.286623" m_tx="48.687466" m_ty="-143.571899"/>
   <element name="wgenerator" layername="timeline_2" frame="1" z_index="13" m_a="-0.987319" m_b="0.158746" m_c="-0.145838" m_d="-0.907035" m_tx="-66.075737" m_ty="-95.481316"/>
   <element name="wgenerator" layername="timeline_3" frame="2" z_index="14" m_a="0.326651" m_b="0.000000" m_c="0.000000" m_d="0.269010" m_tx="-88.055595" m_ty="-61.635670"/>
   <element name="wgenerator" layername="timeline_4" frame="2" z_index="15" m_a="-0.374861" m_b="0.000000" m_c="0.000000" m_d="0.291007" m_tx="65.730171" m_ty="-65.796707"/>
  </frame>
  <frame idx="550" w="421" h="675" x="-197.254257" y="-205.608246">
   <element name="wgenerator" layername="timeline_0" frame="0" z_index="11" m_a="1.000000" m_b="0.000000" m_c="0.000000" m_d="0.924052" m_tx="-3.025381" m_ty="-2.915323"/>
   <element name="wgenerator" layername="timeline_1" frame="1" z_index="12" m_a="-1.402207" m_b="0.476996" m_c="-0.421947" m_d="-1.240382" m_tx="48.296841" m_ty="-144.445847"/>
   <element name="wgenerator" layername="timeline_2" frame="1" z_index="13" m_a="-0.949599" m_b="0.313466" m_c="-0.289318" m_d="-0.876446" m_tx="-66.075737" m_ty="-96.212616"/>
   <element name="wgenerator" layername="timeline_3" frame="2" z_index="14" m_a="0.326651" m_b="0.000000" m_c="0.000000" m_d="0.269010" m_tx="-93.743271" m_ty="-65.874596"/>
   <element name="wgenerator" layername="timeline_4" frame="2" z_index="15" m_a="-0.374861" m_b="0.000000" m_c="0.000000" m_d="0.291007" m_tx="72.866585" m_ty="-69.874657"/>
  </frame>
  <frame idx="575" w="429" h="678" x="-204.438324" y="-206.670074">
   <element name="wgenerator" layername="timeline_0" frame="0" z_index="11" m_a="1.000000" m_b="0.000000" m_c="0.000000" m_d="0.928876" m_tx="-3.025381" m_ty="-3.214011"/>
   <element name="wgenerator" layername="timeline_1" frame="1" z_index="12" m_a="-1.326244" m_b="0.710546" m_c="-0.621606" m_d="-1.160236" m_tx="47.906216" m_ty="-145.319778"/>
   <element name="wgenerator" layername="timeline_2" frame="1" z_index="13" m_a="-0.887796" m_b="0.460237" m_c="-0.426752" m_d="-0.823204" m_tx="-66.075737" m_ty="-96.943924"/>
   <element name="wgenerator" layername="timeline_3" frame="2" z_index="14" m_a="0.326651" m_b="0.000000" m_c="0.000000" m_d="0.269010" m_tx="-99.430939" m_ty="-70.113518"/>
   <element name="wgenerator" layername="timeline_4" frame="2" z_index="15" m_a="-0.374861" m_b="0.000000" m_c="0.000000" m_d="0.291007" m_tx="80.003006" m_ty="-73.952614"/>
  </frame>
  <frame idx="600" w="434" h="683" x="-209.126022" y="-208.231903">
   <element name="wgenerator" layername="timeline_0" frame="0" z_index="11" m_a="1.000000" m_b="0.000000" m_c="0.000000" m_d="0.933700" m_tx="-3.025381" m_ty="-3.512698"/>
   <element name="wgenerator" layername="timeline_1" frame="1" z_index="12" m_a="-1.211094" m_b="0.931796" m_c="-0.806343" m_d="-1.048038" m_tx="47.515591" m_ty="-146.193726"/>
   <element name="wgenerator" layername="timeline_2" frame="1" z_index="13" m_a="-0.803478" m_b="0.595335" m_c="-0.554569" m_d="-0.748459" m_tx="-66.075737" m_ty="-97.675232"/>
   <element name="wgenerator" layername="timeline_3" frame="2" z_index="14" m_a="0.326651" m_b="0.000000" m_c="0.000000" m_d="0.269010" m_tx="-105.118614" m_ty="-74.352448"/>
   <element name="wgenerator" layername="timeline_4" frame="2" z_index="15" m_a="-0.374861" m_b="0.000000" m_c="0.000000" m_d="0.291007" m_tx="87.139427" m_ty="-78.030563"/>
  </frame>
  <frame idx="625" w="436" h="687" x="-210.701691" y="-209.793732">
   <element name="wgenerator" layername="timeline_0" frame="0" z_index="11" m_a="1.000000" m_b="0.000000" m_c="0.000000" m_d="0.938523" m_tx="-3.025381" m_ty="-3.811386"/>
   <element name="wgenerator" layername="timeline_1" frame="1" z_index="12" m_a="-1.058792" m_b="1.134128" m_c="-0.971026" m_d="-0.906524" m_tx="47.124966" m_ty="-147.067657"/>
   <element name="wgenerator" layername="timeline_2" frame="1" z_index="13" m_a="-0.698782" m_b="0.715335" m_c="-0.669413" m_d="-0.653923" m_tx="-66.075737" m_ty="-98.406540"/>
   <element name="wgenerator" layername="timeline_3" frame="2" z_index="14" m_a="0.326651" m_b="0.000000" m_c="0.000000" m_d="0.269010" m_tx="-110.806282" m_ty="-78.591370"/>
   <element name="wgenerator" layername="timeline_4" frame="2" z_index="15" m_a="-0.374861" m_b="0.000000" m_c="0.000000" m_d="0.291007" m_tx="94.275841" m_ty="-82.108513"/>
  </frame>
  <frame idx="650" w="435" h="690" x="-209.613632" y="-210.855560">
   <element name="wgenerator" layername="timeline_0" frame="0" z_index="11" m_a="1.000000" m_b="0.000000" m_c="0.000000" m_d="0.943347" m_tx="-3.025381" m_ty="-4.110074"/>
   <element name="wgenerator" layername="timeline_1" frame="1" z_index="12" m_a="-0.872492" m_b="1.311274" m_c="-1.111020" m_d="-0.739248" m_tx="46.734341" m_ty="-147.941589"/>
   <element name="wgenerator" layername="timeline_2" frame="1" z_index="13" m_a="-0.576364" m_b="0.817193" m_c="-0.768230" m_d="-0.541831" m_tx="-66.075737" m_ty="-99.137840"/>
   <element name="wgenerator" layername="timeline_3" frame="2" z_index="14" m_a="0.326651" m_b="0.000000" m_c="0.000000" m_d="0.269010" m_tx="-116.493958" m_ty="-82.830292"/>
   <element name="wgenerator" layername="timeline_4" frame="2" z_index="15" m_a="-0.374861" m_b="0.000000" m_c="0.000000" m_d="0.291007" m_tx="101.412262" m_ty="-86.186470"/>
  </frame>
  <frame idx="675" w="430" h="694" x="-205.375671" y="-212.417404">
   <element name="wgenerator" layername="timeline_0" frame="0" z_index="11" m_a="1.000000" m_b="0.000000" m_c="0.000000" m_d="0.948171" m_tx="-3.025381" m_ty="-4.408761"/>
   <element name="wgenerator" layername="timeline_1" frame="1" z_index="12" m_a="-0.656414" m_b="1.457499" m_c="-1.222317" m_d="-0.550496" m_tx="46.343716" m_ty="-148.815536"/>
   <element name="wgenerator" layername="timeline_2" frame="1" z_index="13" m_a="-0.439329" m_b="0.898326" m_c="-0.848346" m_d="-0.414887" m_tx="-66.075737" m_ty="-99.869148"/>
   <element name="wgenerator" layername="timeline_3" frame="2" z_index="14" m_a="0.326651" m_b="0.000000" m_c="0.000000" m_d="0.269010" m_tx="-122.181625" m_ty="-87.069221"/>
   <element name="wgenerator" layername="timeline_4" frame="2" z_index="15" m_a="-0.374861" m_b="0.000000" m_c="0.000000" m_d="0.291007" m_tx="108.548676" m_ty="-90.264420"/>
  </frame>
  <frame idx="700" w="423" h="699" x="-198.567200" y="-213.979218">
   <element name="wgenerator" layername="timeline_0" frame="0" z_index="11" m_a="1.000000" m_b="0.000000" m_c="0.000000" m_d="0.952994" m_tx="-3.025381" m_ty="-4.707448"/>
   <element name="wgenerator" layername="timeline_1" frame="1" z_index="12" m_a="-0.415744" m_b="1.567782" m_c="-1.301648" m_d="-0.345171" m_tx="45.953091" m_ty="-149.689468"/>
   <element name="wgenerator" layername="timeline_2" frame="1" z_index="13" m_a="-0.291152" m_b="0.956677" m_c="-0.907545" m_d="-0.276200" m_tx="-66.075737" m_ty="-100.600456"/>
   <element name="wgenerator" layername="timeline_3" frame="2" z_index="14" m_a="0.326651" m_b="0.000000" m_c="0.000000" m_d="0.269010" m_tx="-127.869301" m_ty="-91.308144"/>
   <element name="wgenerator" layername="timeline_4" frame="2" z_index="15" m_a="-0.374861" m_b="0.000000" m_c="0.000000" m_d="0.291007" m_tx="115.685097" m_ty="-94.342377"/>
  </frame>
  <frame idx="725" w="412" h="702" x="-188.831619" y="-215.041061">
   <element name="wgenerator" layername="timeline_0" frame="0" z_index="11" m_a="1.000000" m_b="0.000000" m_c="0.000000" m_d="0.957818" m_tx="-3.025381" m_ty="-5.006136"/>
   <element name="wgenerator" layername="timeline_1" frame="1" z_index="12" m_a="-0.156518" m_b="1.637983" m_c="-1.346578" m_d="-0.128673" m_tx="45.562466" m_ty="-150.563416"/>
   <element name="wgenerator" layername="timeline_2" frame="1" z_index="13" m_a="-0.135592" m_b="0.990765" m_c="-0.944123" m_d="-0.129208" m_tx="-66.075737" m_ty="-101.331757"/>
   <element name="wgenerator" layername="timeline_3" frame="2" z_index="14" m_a="0.326651" m_b="0.000000" m_c="0.000000" m_d="0.269010" m_tx="-133.556976" m_ty="-95.547073"/>
   <element name="wgenerator" layername="timeline_4" frame="2" z_index="15" m_a="-0.374861" m_b="0.000000" m_c="0.000000" m_d="0.291007" m_tx="122.821518" m_ty="-98.420334"/>
  </frame>
  <frame idx="750" w="399" h="706" x="-176.873001" y="-216.602890">
   <element name="wgenerator" layername="timeline_0" frame="0" z_index="11" m_a="1.000000" m_b="0.000000" m_c="0.000000" m_d="0.962641" m_tx="-3.025381" m_ty="-5.304824"/>
   <element name="wgenerator" layername="timeline_1" frame="1" z_index="14" m_a="0.114533" m_b="1.664984" m_c="-1.355583" m_d="0.093250" m_tx="45.171841" m_ty="-151.437347"/>
   <element name="wgenerator" layername="timeline_2" frame="1" z_index="15" m_a="0.023408" m_b="0.999726" m_c="-0.956941" m_d="0.022406" m_tx="-66.075737" m_ty="-102.063065"/>
   <element name="wgenerator" layername="timeline_3" frame="2" z_index="14" m_a="0.326651" m_b="0.000000" m_c="0.000000" m_d="0.269010" m_tx="-139.244644" m_ty="-99.785995"/>
   <element name="wgenerator" layername="timeline_4" frame="2" z_index="15" m_a="-0.374861" m_b="0.000000" m_c="0.000000" m_d="0.291007" m_tx="129.957932" m_ty="-102.498283"/>
  </frame>
  <frame idx="775" w="383" h="710" x="-162.866272" y="-218.164703">
   <element name="wgenerator" layername="timeline_0" frame="0" z_index="11" m_a="1.000000" m_b="0.000000" m_c="0.000000" m_d="0.967465" m_tx="-3.025381" m_ty="-5.603511"/>
   <element name="wgenerator" layername="timeline_1" frame="1" z_index="14" m_a="0.362404" m_b="1.629096" m_c="-1.332295" m_d="0.296378" m_tx="45.171841" m_ty="-152.389404"/>
   <element name="wgenerator" layername="timeline_2" frame="1" z_index="15" m_a="0.177208" m_b="0.984173" m_c="-0.946266" m_d="0.170382" m_tx="-66.075737" m_ty="-102.794373"/>
   <element name="wgenerator" layername="timeline_3" frame="2" z_index="14" m_a="0.326651" m_b="0.000000" m_c="0.000000" m_d="0.269010" m_tx="-144.932312" m_ty="-104.024925"/>
   <element name="wgenerator" layername="timeline_4" frame="2" z_index="15" m_a="-0.374861" m_b="0.000000" m_c="0.000000" m_d="0.291007" m_tx="137.094360" m_ty="-106.576241"/>
  </frame>
  <frame idx="800" w="366" h="714" x="-147.292007" y="-219.226547">
   <element name="wgenerator" layername="timeline_0" frame="0" z_index="11" m_a="1.000000" m_b="0.000000" m_c="0.000000" m_d="0.972289" m_tx="-3.025381" m_ty="-5.902199"/>
   <element name="wgenerator" layername="timeline_1" frame="1" z_index="14" m_a="0.602114" m_b="1.556518" m_c="-1.278606" m_d="0.494608" m_tx="45.171841" m_ty="-153.341476"/>
   <element name="wgenerator" layername="timeline_2" frame="1" z_index="15" m_a="0.326773" m_b="0.945103" m_c="-0.912745" m_d="0.315585" m_tx="-66.075737" m_ty="-103.525673"/>
   <element name="wgenerator" layername="timeline_3" frame="2" z_index="14" m_a="0.326651" m_b="0.000000" m_c="0.000000" m_d="0.269010" m_tx="-150.619980" m_ty="-108.263847"/>
   <element name="wgenerator" layername="timeline_4" frame="2" z_index="15" m_a="-0.374861" m_b="0.000000" m_c="0.000000" m_d="0.291007" m_tx="144.230774" m_ty="-110.654190"/>
  </frame>
  <frame idx="825" w="372" h="718" x="-152.845978" y="-220.788376">
   <element name="wgenerator" layername="timeline_0" frame="0" z_index="11" m_a="1.000000" m_b="0.000000" m_c="0.000000" m_d="0.977112" m_tx="-3.025381" m_ty="-6.200886"/>
   <element name="wgenerator" layername="timeline_1" frame="1" z_index="14" m_a="0.828262" m_b="1.448887" m_c="-1.195466" m_d="0.683393" m_tx="45.171841" m_ty="-154.293533"/>
   <element name="wgenerator" layername="timeline_2" frame="1" z_index="15" m_a="0.468530" m_b="0.883448" m_c="-0.856981" m_d="0.454494" m_tx="-66.075737" m_ty="-104.256981"/>
   <element name="wgenerator" layername="timeline_3" frame="2" z_index="14" m_a="0.326651" m_b="0.000000" m_c="0.000000" m_d="0.269010" m_tx="-156.307648" m_ty="-112.502769"/>
   <element name="wgenerator" layername="timeline_4" frame="2" z_index="15" m_a="-0.374861" m_b="0.000000" m_c="0.000000" m_d="0.291007" m_tx="151.367188" m_ty="-114.732140"/>
  </frame>
  <frame idx="850" w="380" h="722" x="-159.533630" y="-222.350204">
   <element name="wgenerator" layername="timeline_0" frame="0" z_index="11" m_a="1.000000" m_b="0.000000" m_c="0.000000" m_d="0.981936" m_tx="-3.025381" m_ty="-6.499574"/>
   <element name="wgenerator" layername="timeline_1" frame="1" z_index="14" m_a="1.035757" m_b="1.308624" m_c="-1.084500" m_d="0.858366" m_tx="45.171841" m_ty="-155.245605"/>
   <element name="wgenerator" layername="timeline_2" frame="1" z_index="15" m_a="0.599090" m_b="0.800681" m_c="-0.780121" m_d="0.583707" m_tx="-66.075737" m_ty="-104.988289"/>
   <element name="wgenerator" layername="timeline_3" frame="2" z_index="14" m_a="0.326651" m_b="0.000000" m_c="0.000000" m_d="0.269010" m_tx="-161.995316" m_ty="-116.741692"/>
   <element name="wgenerator" layername="timeline_4" frame="2" z_index="15" m_a="-0.374861" m_b="0.000000" m_c="0.000000" m_d="0.291007" m_tx="158.503601" m_ty="-118.810097"/>
  </frame>
  <frame idx="875" w="380" h="725" x="-159.533661" y="-223.412033">
   <element name="wgenerator" layername="timeline_0" frame="0" z_index="11" m_a="1.000000" m_b="0.000000" m_c="0.000000" m_d="0.986760" m_tx="-3.025381" m_ty="-6.798262"/>
   <element name="wgenerator" layername="timeline_1" frame="1" z_index="14" m_a="1.219926" m_b="1.138890" m_c="-0.947981" m_d="1.015434" m_tx="45.171841" m_ty="-156.197662"/>
   <element name="wgenerator" layername="timeline_2" frame="1" z_index="15" m_a="0.715335" m_b="0.698782" m_c="-0.683829" m_d="0.700028" m_tx="-66.075737" m_ty="-105.719589"/>
   <element name="wgenerator" layername="timeline_3" frame="2" z_index="15" m_a="0.326651" m_b="0.000000" m_c="0.000000" m_d="0.269010" m_tx="-161.995331" m_ty="-116.741699"/>
   <element name="wgenerator" layername="timeline_4" frame="2" z_index="15" m_a="-0.374861" m_b="0.000000" m_c="0.000000" m_d="0.291007" m_tx="158.503601" m_ty="-118.810097"/>
  </frame>
  <frame idx="900" w="360" h="730" x="-141.608154" y="-224.973862">
   <element name="wgenerator" layername="timeline_0" frame="0" z_index="11" m_a="1.000000" m_b="0.000000" m_c="0.000000" m_d="0.991583" m_tx="-3.025381" m_ty="-7.096949"/>
   <element name="wgenerator" layername="timeline_1" frame="1" z_index="14" m_a="1.376621" m_b="0.943507" m_c="-0.788785" m_d="1.150874" m_tx="45.171841" m_ty="-157.149719"/>
   <element name="wgenerator" layername="timeline_2" frame="1" z_index="15" m_a="0.814485" m_b="0.580184" m_c="-0.570252" m_d="0.800542" m_tx="-66.075737" m_ty="-106.450897"/>
   <element name="wgenerator" layername="timeline_3" frame="2" z_index="15" m_a="0.326651" m_b="0.000000" m_c="0.000000" m_d="0.269010" m_tx="-146.069839" m_ty="-104.872704"/>
   <element name="wgenerator" layername="timeline_4" frame="2" z_index="15" m_a="-0.374861" m_b="0.000000" m_c="0.000000" m_d="0.291007" m_tx="138.521637" m_ty="-107.391830"/>
  </frame>
  <frame idx="925" w="341" h="734" x="-124.182686" y="-226.535690">
   <element name="wgenerator" layername="timeline_0" frame="0" z_index="11" m_a="1.000000" m_b="0.000000" m_c="0.000000" m_d="0.996407" m_tx="-3.025381" m_ty="-7.395637"/>
   <element name="wgenerator" layername="timeline_1" frame="1" z_index="14" m_a="1.502313" m_b="0.726875" m_c="-0.610324" m_d="1.261422" m_tx="45.171841" m_ty="-158.101791"/>
   <element name="wgenerator" layername="timeline_2" frame="1" z_index="15" m_a="0.894173" m_b="0.447722" m_c="-0.441974" m_d="0.882692" m_tx="-66.075737" m_ty="-107.182205"/>
   <element name="wgenerator" layername="timeline_3" frame="2" z_index="15" m_a="0.326651" m_b="0.000000" m_c="0.000000" m_d="0.269010" m_tx="-130.144363" m_ty="-93.003716"/>
   <element name="wgenerator" layername="timeline_4" frame="2" z_index="15" m_a="-0.374861" m_b="0.000000" m_c="0.000000" m_d="0.291007" m_tx="118.539665" m_ty="-95.973557"/>
  </frame>
  <frame idx="950" w="322" h="737" x="-106.757210" y="-227.597534">
   <element name="wgenerator" layername="timeline_0" frame="0" z_index="11" m_a="1.000000" m_b="0.000000" m_c="0.000000" m_d="1.001231" m_tx="-3.025381" m_ty="-7.694324"/>
   <element name="wgenerator" layername="timeline_1" frame="1" z_index="14" m_a="1.594170" m_b="0.493874" m_c="-0.416481" m_d="1.344354" m_tx="45.171841" m_ty="-159.053848"/>
   <element name="wgenerator" layername="timeline_2" frame="1" z_index="15" m_a="0.952493" m_b="0.304561" m_c="-0.301954" m_d="0.944340" m_tx="-66.075737" m_ty="-107.913513"/>
   <element name="wgenerator" layername="timeline_3" frame="2" z_index="15" m_a="0.326651" m_b="0.000000" m_c="0.000000" m_d="0.269010" m_tx="-114.218887" m_ty="-81.134720"/>
   <element name="wgenerator" layername="timeline_4" frame="2" z_index="15" m_a="-0.374861" m_b="0.000000" m_c="0.000000" m_d="0.291007" m_tx="98.557693" m_ty="-84.555290"/>
  </frame>
  <frame idx="975" w="303" h="741" x="-89.331726" y="-229.159348">
   <element name="wgenerator" layername="timeline_0" frame="0" z_index="11" m_a="1.000000" m_b="0.000000" m_c="0.000000" m_d="1.006054" m_tx="-3.025381" m_ty="-7.993012"/>
   <element name="wgenerator" layername="timeline_1" frame="1" z_index="14" m_a="1.650126" m_b="0.249749" m_c="-0.211521" m_d="1.397548" m_tx="45.171841" m_ty="-160.005920"/>
   <element name="wgenerator" layername="timeline_2" frame="1" z_index="15" m_a="0.988052" m_b="0.154122" m_c="-0.153462" m_d="0.983823" m_tx="-66.075737" m_ty="-108.644814"/>
   <element name="wgenerator" layername="timeline_3" frame="2" z_index="15" m_a="0.326651" m_b="0.000000" m_c="0.000000" m_d="0.269010" m_tx="-98.293411" m_ty="-69.265732"/>
   <element name="wgenerator" layername="timeline_4" frame="2" z_index="15" m_a="-0.374861" m_b="0.000000" m_c="0.000000" m_d="0.291007" m_tx="78.575722" m_ty="-73.137024"/>
  </frame>
 </anim>
 <anim name="hit" root="wgen" numframes="1000" framerate="40">
  <frame idx="0" w="303" h="737" x="-88.992485" y="-228.000198">
   <element name="wgenerator" layername="timeline_0" frame="0" z_index="13" m_a="1.000000" m_b="0.000000" m_c="0.000000" m_d="1.000000" m_tx="-3.025381" m_ty="-8.291699"/>
   <element name="wgenerator" layername="timeline_1" frame="1" z_index="14" m_a="1.668919" m_b="0.000000" m_c="0.000000" m_d="1.419540" m_tx="45.171841" m_ty="-160.957977"/>
   <element name="wgenerator" layername="timeline_2" frame="1" z_index="15" m_a="1.000000" m_b="0.000000" m_c="0.000000" m_d="1.000000" m_tx="-66.075737" m_ty="-109.376122"/>
  </frame>
  <frame idx="25" w="306" h="729" x="-90.000114" y="-227.577438">
   <element name="wgenerator" layername="timeline_0" frame="0" z_index="13" m_a="0.999990" m_b="0.004512" m_c="-0.004429" m_d="0.981541" m_tx="-3.025381" m_ty="-7.993012"/>
   <element name="wgenerator" layername="timeline_1" frame="1" z_index="14" m_a="1.636779" m_b="-0.259240" m_c="0.221115" m_d="1.396063" m_tx="48.367153" m_ty="-161.194977"/>
   <element name="wgenerator" layername="timeline_2" frame="1" z_index="15" m_a="0.987688" m_b="-0.156434" m_c="0.155765" m_d="0.983461" m_tx="-66.525734" m_ty="-108.494812"/>
  </frame>
  <frame idx="50" w="327" h="722" x="-93.053154" y="-227.763962">
   <element name="wgenerator" layername="timeline_0" frame="0" z_index="13" m_a="0.999959" m_b="0.009024" m_c="-0.008691" m_d="0.963064" m_tx="-3.025381" m_ty="-7.694324"/>
   <element name="wgenerator" layername="timeline_1" frame="1" z_index="14" m_a="1.564910" m_b="-0.508470" m_c="0.434907" m_d="1.338507" m_tx="51.562466" m_ty="-161.431976"/>
   <element name="wgenerator" layername="timeline_2" frame="1" z_index="15" m_a="0.951057" m_b="-0.309017" m_c="0.306372" m_d="0.942916" m_tx="-66.975739" m_ty="-107.613510"/>
  </frame>
  <frame idx="75" w="341" h="714" x="-95.136925" y="-227.299850">
   <element name="wgenerator" layername="timeline_0" frame="0" z_index="13" m_a="0.999908" m_b="0.013536" m_c="-0.012787" m_d="0.944568" m_tx="-3.025381" m_ty="-7.395637"/>
   <element name="wgenerator" layername="timeline_1" frame="1" z_index="14" m_a="1.455643" m_b="-0.741687" m_c="0.636183" m_d="1.248580" m_tx="54.757778" m_ty="-161.668976"/>
   <element name="wgenerator" layername="timeline_2" frame="1" z_index="15" m_a="0.891007" m_b="-0.453991" m_c="0.448162" m_d="0.879567" m_tx="-67.425735" m_ty="-106.732201"/>
  </frame>
  <frame idx="100" w="352" h="706" x="-97.236099" y="-227.179230">
   <element name="wgenerator" layername="timeline_0" frame="0" z_index="13" m_a="0.999837" m_b="0.018047" m_c="-0.016716" m_d="0.926055" m_tx="-3.025381" m_ty="-7.096949"/>
   <element name="wgenerator" layername="timeline_1" frame="1" z_index="14" m_a="1.312200" m_b="-0.953369" m_c="0.820101" m_d="1.128772" m_tx="57.953091" m_ty="-161.905975"/>
   <element name="wgenerator" layername="timeline_2" frame="1" z_index="15" m_a="0.809017" m_b="-0.587785" m_c="0.577723" m_d="0.795167" m_tx="-67.875740" m_ty="-105.850899"/>
  </frame>
  <frame idx="125" w="358" h="698" x="-98.835045" y="-226.900238">
   <element name="wgenerator" layername="timeline_0" frame="0" z_index="13" m_a="0.999746" m_b="0.022559" m_c="-0.020478" m_d="0.907526" m_tx="-3.025381" m_ty="-6.798262"/>
   <element name="wgenerator" layername="timeline_1" frame="1" z_index="14" m_a="1.138605" m_b="-1.138605" m_c="0.982287" m_d="0.982287" m_tx="61.148403" m_ty="-162.142975"/>
   <element name="wgenerator" layername="timeline_2" frame="1" z_index="15" m_a="0.707107" m_b="-0.707107" m_c="0.691976" m_d="0.691976" m_tx="-68.325737" m_ty="-104.969589"/>
  </frame>
  <frame idx="150" w="358" h="690" x="-99.918251" y="-225.965012">
   <element name="wgenerator" layername="timeline_0" frame="0" z_index="13" m_a="0.999634" m_b="0.027069" m_c="-0.024073" m_d="0.888983" m_tx="-3.025381" m_ty="-6.499574"/>
   <element name="wgenerator" layername="timeline_1" frame="1" z_index="14" m_a="0.939571" m_b="-1.293209" m_c="1.118942" m_d="0.812959" m_tx="64.343712" m_ty="-162.379974"/>
   <element name="wgenerator" layername="timeline_2" frame="1" z_index="15" m_a="0.587785" m_b="-0.809017" m_c="0.788243" m_d="0.572692" m_tx="-68.775734" m_ty="-104.088287"/>
  </frame>
  <frame idx="175" w="354" h="681" x="-100.470680" y="-225.379562">
   <element name="wgenerator" layername="timeline_0" frame="0" z_index="13" m_a="0.999501" m_b="0.031580" m_c="-0.027501" m_d="0.870426" m_tx="-3.025381" m_ty="-6.200886"/>
   <element name="wgenerator" layername="timeline_1" frame="1" z_index="14" m_a="0.720372" m_b="-1.413810" m_c="1.226928" m_d="0.625151" m_tx="67.539024" m_ty="-162.616974"/>
   <element name="wgenerator" layername="timeline_2" frame="1" z_index="15" m_a="0.453991" m_b="-0.891007" m_c="0.864314" m_d="0.440390" m_tx="-69.225739" m_ty="-103.206985"/>
  </frame>
  <frame idx="200" w="346" h="672" x="-100.978081" y="-224.153625">
   <element name="wgenerator" layername="timeline_0" frame="0" z_index="13" m_a="0.999349" m_b="0.036089" m_c="-0.030763" m_d="0.851856" m_tx="-3.025381" m_ty="-5.902199"/>
   <element name="wgenerator" layername="timeline_1" frame="1" z_index="14" m_a="0.486707" m_b="-1.497932" m_c="1.303840" m_d="0.423643" m_tx="70.734337" m_ty="-162.853973"/>
   <element name="wgenerator" layername="timeline_2" frame="1" z_index="15" m_a="0.309017" m_b="-0.951057" m_c="0.918494" m_d="0.298437" m_tx="-69.675735" m_ty="-102.325676"/>
  </frame>
  <frame idx="225" w="333" h="664" x="-100.927406" y="-223.300369">
   <element name="wgenerator" layername="timeline_0" frame="0" z_index="13" m_a="0.999176" m_b="0.040598" m_c="-0.033857" m_d="0.833275" m_tx="-3.025381" m_ty="-5.603511"/>
   <element name="wgenerator" layername="timeline_1" frame="1" z_index="14" m_a="0.244551" m_b="-1.544034" m_c="1.348059" m_d="0.213511" m_tx="73.929649" m_ty="-163.090973"/>
   <element name="wgenerator" layername="timeline_2" frame="1" z_index="15" m_a="0.156434" m_b="-0.987688" m_c="0.949645" m_d="0.150409" m_tx="-70.125740" m_ty="-101.444374"/>
  </frame>
  <frame idx="250" w="317" h="654" x="-100.307022" y="-221.835999">
   <element name="wgenerator" layername="timeline_0" frame="0" z_index="13" m_a="0.998982" m_b="0.045106" m_c="-0.036784" m_d="0.814684" m_tx="-3.025381" m_ty="-5.304824"/>
   <element name="wgenerator" layername="timeline_1" frame="1" z_index="14" m_a="-0.000000" m_b="-1.551543" m_c="1.358788" m_d="-0.000000" m_tx="77.124962" m_ty="-163.327972"/>
   <element name="wgenerator" layername="timeline_2" frame="1" z_index="15" m_a="-0.000000" m_b="-1.000000" m_c="0.957202" m_d="-0.000000" m_tx="-70.575737" m_ty="-100.563065"/>
  </frame>
  <frame idx="275" w="302" h="645" x="-100.107079" y="-220.779358">
   <element name="wgenerator" layername="timeline_0" frame="0" z_index="13" m_a="0.998769" m_b="0.049613" m_c="-0.039545" m_d="0.796084" m_tx="-3.025381" m_ty="-5.006136"/>
   <element name="wgenerator" layername="timeline_1" frame="1" z_index="14" m_a="-0.240879" m_b="-1.520848" m_c="1.336058" m_d="-0.211611" m_tx="80.320274" m_ty="-163.564972"/>
   <element name="wgenerator" layername="timeline_2" frame="1" z_index="15" m_a="-0.156434" m_b="-0.987688" m_c="0.941191" m_d="-0.149070" m_tx="-71.025734" m_ty="-99.681755"/>
  </frame>
  <frame idx="300" w="302" h="640" x="-100.819664" y="-223.457428">
   <element name="wgenerator" layername="timeline_0" frame="0" z_index="13" m_a="0.998535" m_b="0.054119" m_c="-0.042138" m_d="0.777476" m_tx="-3.025381" m_ty="-4.707448"/>
   <element name="wgenerator" layername="timeline_1" frame="1" z_index="14" m_a="-0.472199" m_b="-1.453279" m_c="1.280728" m_d="-0.416134" m_tx="83.515587" m_ty="-163.801971"/>
   <element name="wgenerator" layername="timeline_2" frame="1" z_index="15" m_a="-0.309017" m_b="-0.951056" m_c="0.902213" m_d="-0.293147" m_tx="-71.475739" m_ty="-98.800453"/>
  </frame>
  <frame idx="325" w="302" h="641" x="-101.438988" y="-231.353409">
   <element name="wgenerator" layername="timeline_0" frame="0" z_index="13" m_a="0.998280" m_b="0.058624" m_c="-0.044564" m_d="0.758861" m_tx="-3.025381" m_ty="-4.408761"/>
   <element name="wgenerator" layername="timeline_1" frame="1" z_index="14" m_a="-0.688400" m_b="-1.351061" m_c="1.194449" m_d="-0.608602" m_tx="86.710899" m_ty="-164.038971"/>
   <element name="wgenerator" layername="timeline_2" frame="1" z_index="15" m_a="-0.453990" m_b="-0.891007" m_c="0.841434" m_d="-0.428732" m_tx="-71.925735" m_ty="-97.919151"/>
  </frame>
  <frame idx="350" w="302" h="639" x="-101.961548" y="-236.540573">
   <element name="wgenerator" layername="timeline_0" frame="0" z_index="13" m_a="0.998005" m_b="0.063128" m_c="-0.046823" m_d="0.740241" m_tx="-3.025381" m_ty="-4.110074"/>
   <element name="wgenerator" layername="timeline_1" frame="1" z_index="14" m_a="-0.884378" m_b="-1.217242" m_c="1.079622" m_d="-0.784391" m_tx="89.906212" m_ty="-164.275970"/>
   <element name="wgenerator" layername="timeline_2" frame="1" z_index="15" m_a="-0.587785" m_b="-0.809017" m_c="0.760544" m_d="-0.552567" m_tx="-72.375740" m_ty="-97.037842"/>
  </frame>
  <frame idx="375" w="300" h="633" x="-101.886154" y="-238.412277">
   <element name="wgenerator" layername="timeline_0" frame="0" z_index="13" m_a="0.997710" m_b="0.067630" m_c="-0.048915" m_d="0.721616" m_tx="-3.025381" m_ty="-3.811386"/>
   <element name="wgenerator" layername="timeline_1" frame="1" z_index="14" m_a="-1.055608" m_b="-1.055608" m_c="0.939329" m_d="-0.939329" m_tx="93.101524" m_ty="-164.512970"/>
   <element name="wgenerator" layername="timeline_2" frame="1" z_index="15" m_a="-0.707107" m_b="-0.707107" m_c="0.661713" m_d="-0.661713" m_tx="-72.825737" m_ty="-96.156540"/>
  </frame>
  <frame idx="400" w="315" h="623" x="-115.684128" y="-236.933517">
   <element name="wgenerator" layername="timeline_0" frame="0" z_index="13" m_a="0.997395" m_b="0.072131" m_c="-0.050840" m_d="0.702987" m_tx="-3.025381" m_ty="-3.512698"/>
   <element name="wgenerator" layername="timeline_1" frame="1" z_index="14" m_a="-1.198250" m_b="-0.870579" m_c="0.777250" m_d="-1.069792" m_tx="96.296837" m_ty="-164.749969"/>
   <element name="wgenerator" layername="timeline_2" frame="1" z_index="15" m_a="-0.809017" m_b="-0.587785" m_c="0.547536" m_d="-0.753619" m_tx="-73.275734" m_ty="-95.275230"/>
  </frame>
  <frame idx="425" w="335" h="611" x="-134.289429" y="-232.641342">
   <element name="wgenerator" layername="timeline_0" frame="0" z_index="13" m_a="0.997060" m_b="0.076631" m_c="-0.052597" m_d="0.684356" m_tx="-3.025381" m_ty="-3.214011"/>
   <element name="wgenerator" layername="timeline_1" frame="1" z_index="14" m_a="-1.309228" m_b="-0.667085" m_c="0.597570" m_d="-1.172797" m_tx="99.492149" m_ty="-164.986969"/>
   <element name="wgenerator" layername="timeline_2" frame="1" z_index="15" m_a="-0.891007" m_b="-0.453990" m_c="0.420960" m_d="-0.826181" m_tx="-73.725739" m_ty="-94.393921"/>
  </frame>
  <frame idx="450" w="353" h="596" x="-151.994293" y="-225.643646">
   <element name="wgenerator" layername="timeline_0" frame="0" z_index="13" m_a="0.996704" m_b="0.081129" m_c="-0.054188" m_d="0.665724" m_tx="-3.025381" m_ty="-2.915323"/>
   <element name="wgenerator" layername="timeline_1" frame="1" z_index="14" m_a="-1.386301" m_b="-0.450436" m_c="0.404869" m_d="-1.246061" m_tx="102.687462" m_ty="-165.223969"/>
   <element name="wgenerator" layername="timeline_2" frame="1" z_index="15" m_a="-0.951057" m_b="-0.309017" m_c="0.285212" m_d="-0.877791" m_tx="-74.175735" m_ty="-93.512619"/>
  </frame>
  <frame idx="475" w="371" h="576" x="-168.404190" y="-215.116226">
   <element name="wgenerator" layername="timeline_0" frame="0" z_index="13" m_a="0.996327" m_b="0.085625" m_c="-0.055612" m_d="0.647092" m_tx="-3.025381" m_ty="-2.616636"/>
   <element name="wgenerator" layername="timeline_1" frame="1" z_index="14" m_a="-1.428104" m_b="-0.226189" m_c="0.204008" m_d="-1.288055" m_tx="105.882774" m_ty="-165.460968"/>
   <element name="wgenerator" layername="timeline_2" frame="1" z_index="15" m_a="-0.987688" m_b="-0.156434" m_c="0.143714" m_d="-0.907374" m_tx="-74.625740" m_ty="-92.631317"/>
  </frame>
  <frame idx="500" w="387" h="560" x="-183.158997" y="-208.316116">
   <element name="wgenerator" layername="timeline_0" frame="0" z_index="11" m_a="0.995931" m_b="0.090120" m_c="-0.056868" m_d="0.628461" m_tx="-3.025381" m_ty="-2.317948"/>
   <element name="wgenerator" layername="timeline_1" frame="1" z_index="12" m_a="-1.434168" m_b="0.000000" m_c="-0.000000" m_d="-1.298035" m_tx="109.078087" m_ty="-165.697968"/>
   <element name="wgenerator" layername="timeline_2" frame="1" z_index="13" m_a="-1.000000" m_b="0.000000" m_c="-0.000000" m_d="-0.914405" m_tx="-75.075737" m_ty="-91.750008"/>
   <element name="wgenerator" layername="timeline_3" frame="2" z_index="14" m_a="0.326651" m_b="0.000000" m_c="0.000000" m_d="0.269010" m_tx="-82.367928" m_ty="-57.396744"/>
   <element name="wgenerator" layername="timeline_4" frame="2" z_index="15" m_a="-0.374861" m_b="0.000000" m_c="0.000000" m_d="0.291007" m_tx="58.593750" m_ty="-61.718750"/>
  </frame>
  <frame idx="525" w="399" h="567" x="-194.350281" y="-206.814011">
   <element name="wgenerator" layername="timeline_0" frame="0" z_index="11" m_a="0.996327" m_b="0.085625" m_c="-0.055612" m_d="0.647092" m_tx="-3.025381" m_ty="-2.616636"/>
   <element name="wgenerator" layername="timeline_1" frame="1" z_index="12" m_a="-1.438097" m_b="0.237908" m_c="-0.212849" m_d="-1.286623" m_tx="102.687462" m_ty="-164.271912"/>
   <element name="wgenerator" layername="timeline_2" frame="1" z_index="13" m_a="-0.987319" m_b="0.158746" m_c="-0.145838" m_d="-0.907035" m_tx="-74.175735" m_ty="-92.781311"/>
   <element name="wgenerator" layername="timeline_3" frame="2" z_index="14" m_a="0.326651" m_b="0.000000" m_c="0.000000" m_d="0.269010" m_tx="-88.055595" m_ty="-61.635670"/>
   <element name="wgenerator" layername="timeline_4" frame="2" z_index="15" m_a="-0.374861" m_b="0.000000" m_c="0.000000" m_d="0.291007" m_tx="65.730171" m_ty="-65.796707"/>
  </frame>
  <frame idx="550" w="410" h="573" x="-203.454254" y="-205.426407">
   <element name="wgenerator" layername="timeline_0" frame="0" z_index="11" m_a="0.996704" m_b="0.081128" m_c="-0.054188" m_d="0.665724" m_tx="-3.025381" m_ty="-2.915323"/>
   <element name="wgenerator" layername="timeline_1" frame="1" z_index="12" m_a="-1.402207" m_b="0.476996" m_c="-0.421947" m_d="-1.240382" m_tx="96.296837" m_ty="-162.845840"/>
   <element name="wgenerator" layername="timeline_2" frame="1" z_index="13" m_a="-0.949599" m_b="0.313466" m_c="-0.289318" m_d="-0.876446" m_tx="-73.275734" m_ty="-93.812622"/>
   <element name="wgenerator" layername="timeline_3" frame="2" z_index="14" m_a="0.326651" m_b="0.000000" m_c="0.000000" m_d="0.269010" m_tx="-93.743271" m_ty="-65.874596"/>
   <element name="wgenerator" layername="timeline_4" frame="2" z_index="15" m_a="-0.374861" m_b="0.000000" m_c="0.000000" m_d="0.291007" m_tx="72.866585" m_ty="-69.874657"/>
  </frame>
  <frame idx="575" w="417" h="580" x="-209.738327" y="-204.167587">
   <element name="wgenerator" layername="timeline_0" frame="0" z_index="11" m_a="0.997060" m_b="0.076631" m_c="-0.052597" m_d="0.684356" m_tx="-3.025381" m_ty="-3.214011"/>
   <element name="wgenerator" layername="timeline_1" frame="1" z_index="12" m_a="-1.326244" m_b="0.710546" m_c="-0.621606" m_d="-1.160236" m_tx="89.906212" m_ty="-161.419785"/>
   <element name="wgenerator" layername="timeline_2" frame="1" z_index="13" m_a="-0.887796" m_b="0.460237" m_c="-0.426752" m_d="-0.823204" m_tx="-72.375740" m_ty="-94.843925"/>
   <element name="wgenerator" layername="timeline_3" frame="2" z_index="14" m_a="0.326651" m_b="0.000000" m_c="0.000000" m_d="0.269010" m_tx="-99.430939" m_ty="-70.113518"/>
   <element name="wgenerator" layername="timeline_4" frame="2" z_index="15" m_a="-0.374861" m_b="0.000000" m_c="0.000000" m_d="0.291007" m_tx="80.003006" m_ty="-73.952614"/>
  </frame>
  <frame idx="600" w="422" h="587" x="-213.526016" y="-203.048721">
   <element name="wgenerator" layername="timeline_0" frame="0" z_index="11" m_a="0.997395" m_b="0.072131" m_c="-0.050840" m_d="0.702987" m_tx="-3.025381" m_ty="-3.512698"/>
   <element name="wgenerator" layername="timeline_1" frame="1" z_index="12" m_a="-1.211094" m_b="0.931796" m_c="-0.806343" m_d="-1.048038" m_tx="83.515587" m_ty="-159.993713"/>
   <element name="wgenerator" layername="timeline_2" frame="1" z_index="13" m_a="-0.803478" m_b="0.595335" m_c="-0.554569" m_d="-0.748459" m_tx="-71.475739" m_ty="-95.875229"/>
   <element name="wgenerator" layername="timeline_3" frame="2" z_index="14" m_a="0.326651" m_b="0.000000" m_c="0.000000" m_d="0.269010" m_tx="-105.118614" m_ty="-74.352448"/>
   <element name="wgenerator" layername="timeline_4" frame="2" z_index="15" m_a="-0.374861" m_b="0.000000" m_c="0.000000" m_d="0.291007" m_tx="87.139427" m_ty="-78.030563"/>
  </frame>
  <frame idx="625" w="423" h="593" x="-214.201691" y="-202.077713">
   <element name="wgenerator" layername="timeline_0" frame="0" z_index="11" m_a="0.997710" m_b="0.067630" m_c="-0.048915" m_d="0.721616" m_tx="-3.025381" m_ty="-3.811386"/>
   <element name="wgenerator" layername="timeline_1" frame="1" z_index="12" m_a="-1.058792" m_b="1.134128" m_c="-0.971026" m_d="-0.906524" m_tx="77.124962" m_ty="-158.567657"/>
   <element name="wgenerator" layername="timeline_2" frame="1" z_index="13" m_a="-0.698782" m_b="0.715335" m_c="-0.669413" m_d="-0.653923" m_tx="-70.575737" m_ty="-96.906540"/>
   <element name="wgenerator" layername="timeline_3" frame="2" z_index="14" m_a="0.326651" m_b="0.000000" m_c="0.000000" m_d="0.269010" m_tx="-110.806282" m_ty="-78.591370"/>
   <element name="wgenerator" layername="timeline_4" frame="2" z_index="15" m_a="-0.374861" m_b="0.000000" m_c="0.000000" m_d="0.291007" m_tx="94.275841" m_ty="-82.108513"/>
  </frame>
  <frame idx="650" w="422" h="600" x="-212.213623" y="-201.258728">
   <element name="wgenerator" layername="timeline_0" frame="0" z_index="11" m_a="0.998006" m_b="0.063127" m_c="-0.046823" m_d="0.740241" m_tx="-3.025381" m_ty="-4.110074"/>
   <element name="wgenerator" layername="timeline_1" frame="1" z_index="12" m_a="-0.872492" m_b="1.311274" m_c="-1.111020" m_d="-0.739248" m_tx="70.734337" m_ty="-157.141602"/>
   <element name="wgenerator" layername="timeline_2" frame="1" z_index="13" m_a="-0.576364" m_b="0.817193" m_c="-0.768230" m_d="-0.541831" m_tx="-69.675735" m_ty="-97.937843"/>
   <element name="wgenerator" layername="timeline_3" frame="2" z_index="14" m_a="0.326651" m_b="0.000000" m_c="0.000000" m_d="0.269010" m_tx="-116.493958" m_ty="-82.830292"/>
   <element name="wgenerator" layername="timeline_4" frame="2" z_index="15" m_a="-0.374861" m_b="0.000000" m_c="0.000000" m_d="0.291007" m_tx="101.412262" m_ty="-86.186470"/>
  </frame>
  <frame idx="675" w="417" h="608" x="-207.075668" y="-201.092102">
   <element name="wgenerator" layername="timeline_0" frame="0" z_index="11" m_a="0.998280" m_b="0.058624" m_c="-0.044564" m_d="0.758861" m_tx="-3.025381" m_ty="-4.408761"/>
   <element name="wgenerator" layername="timeline_1" frame="1" z_index="12" m_a="-0.656414" m_b="1.457499" m_c="-1.222317" m_d="-0.550496" m_tx="64.343712" m_ty="-155.715530"/>
   <element name="wgenerator" layername="timeline_2" frame="1" z_index="13" m_a="-0.439329" m_b="0.898326" m_c="-0.848346" m_d="-0.414887" m_tx="-68.775734" m_ty="-98.969147"/>
   <element name="wgenerator" layername="timeline_3" frame="2" z_index="14" m_a="0.326651" m_b="0.000000" m_c="0.000000" m_d="0.269010" m_tx="-122.181625" m_ty="-87.069221"/>
   <element name="wgenerator" layername="timeline_4" frame="2" z_index="15" m_a="-0.374861" m_b="0.000000" m_c="0.000000" m_d="0.291007" m_tx="108.548676" m_ty="-90.264420"/>
  </frame>
  <frame idx="700" w="410" h="616" x="-199.367203" y="-200.574280">
   <element name="wgenerator" layername="timeline_0" frame="0" z_index="11" m_a="0.998535" m_b="0.054119" m_c="-0.042138" m_d="0.777476" m_tx="-3.025381" m_ty="-4.707448"/>
   <element name="wgenerator" layername="timeline_1" frame="1" z_index="12" m_a="-0.415744" m_b="1.567782" m_c="-1.301648" m_d="-0.345171" m_tx="57.953091" m_ty="-154.289474"/>
   <element name="wgenerator" layername="timeline_2" frame="1" z_index="13" m_a="-0.291152" m_b="0.956677" m_c="-0.907545" m_d="-0.276200" m_tx="-67.875740" m_ty="-100.000450"/>
   <element name="wgenerator" layername="timeline_3" frame="2" z_index="14" m_a="0.326651" m_b="0.000000" m_c="0.000000" m_d="0.269010" m_tx="-127.869301" m_ty="-91.308144"/>
   <element name="wgenerator" layername="timeline_4" frame="2" z_index="15" m_a="-0.374861" m_b="0.000000" m_c="0.000000" m_d="0.291007" m_tx="115.685097" m_ty="-94.342377"/>
  </frame>
  <frame idx="725" w="399" h="623" x="-188.731628" y="-200.197708">
   <element name="wgenerator" layername="timeline_0" frame="0" z_index="11" m_a="0.998769" m_b="0.049613" m_c="-0.039545" m_d="0.796084" m_tx="-3.025381" m_ty="-5.006136"/>
   <element name="wgenerator" layername="timeline_1" frame="1" z_index="12" m_a="-0.156518" m_b="1.637983" m_c="-1.346578" m_d="-0.128673" m_tx="51.562466" m_ty="-152.863403"/>
   <element name="wgenerator" layername="timeline_2" frame="1" z_index="13" m_a="-0.135592" m_b="0.990765" m_c="-0.944123" m_d="-0.129208" m_tx="-66.975739" m_ty="-101.031761"/>
   <element name="wgenerator" layername="timeline_3" frame="2" z_index="14" m_a="0.326651" m_b="0.000000" m_c="0.000000" m_d="0.269010" m_tx="-133.556976" m_ty="-95.547073"/>
   <element name="wgenerator" layername="timeline_4" frame="2" z_index="15" m_a="-0.374861" m_b="0.000000" m_c="0.000000" m_d="0.291007" m_tx="122.821518" m_ty="-98.420334"/>
  </frame>
  <frame idx="750" w="386" h="630" x="-175.873001" y="-199.951065">
   <element name="wgenerator" layername="timeline_0" frame="0" z_index="11" m_a="0.998982" m_b="0.045106" m_c="-0.036784" m_d="0.814684" m_tx="-3.025381" m_ty="-5.304824"/>
   <element name="wgenerator" layername="timeline_1" frame="1" z_index="14" m_a="0.114533" m_b="1.664984" m_c="-1.355583" m_d="0.093250" m_tx="45.171841" m_ty="-151.437347"/>
   <element name="wgenerator" layername="timeline_2" frame="1" z_index="15" m_a="0.023408" m_b="0.999726" m_c="-0.956941" m_d="0.022406" m_tx="-66.075737" m_ty="-102.063065"/>
   <element name="wgenerator" layername="timeline_3" frame="2" z_index="14" m_a="0.326651" m_b="0.000000" m_c="0.000000" m_d="0.269010" m_tx="-139.244644" m_ty="-99.785995"/>
   <element name="wgenerator" layername="timeline_4" frame="2" z_index="15" m_a="-0.374861" m_b="0.000000" m_c="0.000000" m_d="0.291007" m_tx="129.957932" m_ty="-102.498283"/>
  </frame>
  <frame idx="775" w="371" h="641" x="-161.866272" y="-202.681534">
   <element name="wgenerator" layername="timeline_0" frame="0" z_index="11" m_a="0.999176" m_b="0.040598" m_c="-0.033857" m_d="0.833275" m_tx="-3.025381" m_ty="-5.603511"/>
   <element name="wgenerator" layername="timeline_1" frame="1" z_index="14" m_a="0.362404" m_b="1.629096" m_c="-1.332295" m_d="0.296378" m_tx="45.171841" m_ty="-152.389404"/>
   <element name="wgenerator" layername="timeline_2" frame="1" z_index="15" m_a="0.177208" m_b="0.984173" m_c="-0.946266" m_d="0.170382" m_tx="-66.075737" m_ty="-102.794373"/>
   <element name="wgenerator" layername="timeline_3" frame="2" z_index="14" m_a="0.326651" m_b="0.000000" m_c="0.000000" m_d="0.269010" m_tx="-144.932312" m_ty="-104.024925"/>
   <element name="wgenerator" layername="timeline_4" frame="2" z_index="15" m_a="-0.374861" m_b="0.000000" m_c="0.000000" m_d="0.291007" m_tx="137.094360" m_ty="-106.576241"/>
  </frame>
  <frame idx="800" w="356" h="652" x="-146.792007" y="-205.490280">
   <element name="wgenerator" layername="timeline_0" frame="0" z_index="11" m_a="0.999349" m_b="0.036089" m_c="-0.030763" m_d="0.851856" m_tx="-3.025381" m_ty="-5.902199"/>
   <element name="wgenerator" layername="timeline_1" frame="1" z_index="14" m_a="0.602114" m_b="1.556518" m_c="-1.278606" m_d="0.494608" m_tx="45.171841" m_ty="-153.341476"/>
   <element name="wgenerator" layername="timeline_2" frame="1" z_index="15" m_a="0.326773" m_b="0.945103" m_c="-0.912745" m_d="0.315585" m_tx="-66.075737" m_ty="-103.525673"/>
   <element name="wgenerator" layername="timeline_3" frame="2" z_index="14" m_a="0.326651" m_b="0.000000" m_c="0.000000" m_d="0.269010" m_tx="-150.619980" m_ty="-108.263847"/>
   <element name="wgenerator" layername="timeline_4" frame="2" z_index="15" m_a="-0.374861" m_b="0.000000" m_c="0.000000" m_d="0.291007" m_tx="144.230774" m_ty="-110.654190"/>
  </frame>
  <frame idx="825" w="363" h="663" x="-152.345978" y="-208.357666">
   <element name="wgenerator" layername="timeline_0" frame="0" z_index="11" m_a="0.999501" m_b="0.031579" m_c="-0.027501" m_d="0.870426" m_tx="-3.025381" m_ty="-6.200886"/>
   <element name="wgenerator" layername="timeline_1" frame="1" z_index="14" m_a="0.828262" m_b="1.448887" m_c="-1.195466" m_d="0.683393" m_tx="45.171841" m_ty="-154.293533"/>
   <element name="wgenerator" layername="timeline_2" frame="1" z_index="15" m_a="0.468530" m_b="0.883448" m_c="-0.856981" m_d="0.454494" m_tx="-66.075737" m_ty="-104.256981"/>
   <element name="wgenerator" layername="timeline_3" frame="2" z_index="14" m_a="0.326651" m_b="0.000000" m_c="0.000000" m_d="0.269010" m_tx="-156.307648" m_ty="-112.502769"/>
   <element name="wgenerator" layername="timeline_4" frame="2" z_index="15" m_a="-0.374861" m_b="0.000000" m_c="0.000000" m_d="0.291007" m_tx="151.367188" m_ty="-114.732140"/>
  </frame>
  <frame idx="850" w="371" h="674" x="-158.533630" y="-211.262741">
   <element name="wgenerator" layername="timeline_0" frame="0" z_index="11" m_a="0.999634" m_b="0.027069" m_c="-0.024073" m_d="0.888983" m_tx="-3.025381" m_ty="-6.499574"/>
   <element name="wgenerator" layername="timeline_1" frame="1" z_index="14" m_a="1.035757" m_b="1.308624" m_c="-1.084500" m_d="0.858366" m_tx="45.171841" m_ty="-155.245605"/>
   <element name="wgenerator" layername="timeline_2" frame="1" z_index="15" m_a="0.599090" m_b="0.800681" m_c="-0.780121" m_d="0.583707" m_tx="-66.075737" m_ty="-104.988289"/>
   <element name="wgenerator" layername="timeline_3" frame="2" z_index="14" m_a="0.326651" m_b="0.000000" m_c="0.000000" m_d="0.269010" m_tx="-161.995316" m_ty="-116.741692"/>
   <element name="wgenerator" layername="timeline_4" frame="2" z_index="15" m_a="-0.374861" m_b="0.000000" m_c="0.000000" m_d="0.291007" m_tx="158.503601" m_ty="-118.810097"/>
  </frame>
  <frame idx="875" w="372" h="684" x="-158.533661" y="-213.683487">
   <element name="wgenerator" layername="timeline_0" frame="0" z_index="11" m_a="0.999746" m_b="0.022559" m_c="-0.020478" m_d="0.907526" m_tx="-3.025381" m_ty="-6.798262"/>
   <element name="wgenerator" layername="timeline_1" frame="1" z_index="14" m_a="1.219926" m_b="1.138890" m_c="-0.947981" m_d="1.015434" m_tx="45.171841" m_ty="-156.197662"/>
   <element name="wgenerator" layername="timeline_2" frame="1" z_index="15" m_a="0.715335" m_b="0.698782" m_c="-0.683829" m_d="0.700028" m_tx="-66.075737" m_ty="-105.719589"/>
   <element name="wgenerator" layername="timeline_3" frame="2" z_index="15" m_a="0.326651" m_b="0.000000" m_c="0.000000" m_d="0.269010" m_tx="-161.995331" m_ty="-116.741699"/>
   <element name="wgenerator" layername="timeline_4" frame="2" z_index="15" m_a="-0.374861" m_b="0.000000" m_c="0.000000" m_d="0.291007" m_tx="158.503601" m_ty="-118.810097"/>
  </frame>
  <frame idx="900" w="354" h="695" x="-141.108154" y="-216.597473">
   <element name="wgenerator" layername="timeline_0" frame="0" z_index="11" m_a="0.999837" m_b="0.018047" m_c="-0.016715" m_d="0.926055" m_tx="-3.025381" m_ty="-7.096949"/>
   <element name="wgenerator" layername="timeline_1" frame="1" z_index="14" m_a="1.376621" m_b="0.943507" m_c="-0.788785" m_d="1.150874" m_tx="45.171841" m_ty="-157.149719"/>
   <element name="wgenerator" layername="timeline_2" frame="1" z_index="15" m_a="0.814485" m_b="0.580184" m_c="-0.570252" m_d="0.800542" m_tx="-66.075737" m_ty="-106.450897"/>
   <element name="wgenerator" layername="timeline_3" frame="2" z_index="15" m_a="0.326651" m_b="0.000000" m_c="0.000000" m_d="0.269010" m_tx="-146.069839" m_ty="-104.872704"/>
   <element name="wgenerator" layername="timeline_4" frame="2" z_index="15" m_a="-0.374861" m_b="0.000000" m_c="0.000000" m_d="0.291007" m_tx="138.521637" m_ty="-107.391830"/>
  </frame>
  <frame idx="925" w="336" h="705" x="-123.682686" y="-219.482346">
   <element name="wgenerator" layername="timeline_0" frame="0" z_index="11" m_a="0.999908" m_b="0.013536" m_c="-0.012787" m_d="0.944568" m_tx="-3.025381" m_ty="-7.395637"/>
   <element name="wgenerator" layername="timeline_1" frame="1" z_index="14" m_a="1.502313" m_b="0.726875" m_c="-0.610324" m_d="1.261422" m_tx="45.171841" m_ty="-158.101791"/>
   <element name="wgenerator" layername="timeline_2" frame="1" z_index="15" m_a="0.894173" m_b="0.447722" m_c="-0.441974" m_d="0.882692" m_tx="-66.075737" m_ty="-107.182205"/>
   <element name="wgenerator" layername="timeline_3" frame="2" z_index="15" m_a="0.326651" m_b="0.000000" m_c="0.000000" m_d="0.269010" m_tx="-130.144363" m_ty="-93.003716"/>
   <element name="wgenerator" layername="timeline_4" frame="2" z_index="15" m_a="-0.374861" m_b="0.000000" m_c="0.000000" m_d="0.291007" m_tx="118.539665" m_ty="-95.973557"/>
  </frame>
  <frame idx="950" w="320" h="716" x="-106.757210" y="-222.316269">
   <element name="wgenerator" layername="timeline_0" frame="0" z_index="11" m_a="0.999959" m_b="0.009024" m_c="-0.008691" m_d="0.963064" m_tx="-3.025381" m_ty="-7.694324"/>
   <element name="wgenerator" layername="timeline_1" frame="1" z_index="14" m_a="1.594170" m_b="0.493874" m_c="-0.416481" m_d="1.344354" m_tx="45.171841" m_ty="-159.053848"/>
   <element name="wgenerator" layername="timeline_2" frame="1" z_index="15" m_a="0.952493" m_b="0.304561" m_c="-0.301954" m_d="0.944340" m_tx="-66.075737" m_ty="-107.913513"/>
   <element name="wgenerator" layername="timeline_3" frame="2" z_index="15" m_a="0.326651" m_b="0.000000" m_c="0.000000" m_d="0.269010" m_tx="-114.218887" m_ty="-81.134720"/>
   <element name="wgenerator" layername="timeline_4" frame="2" z_index="15" m_a="-0.374861" m_b="0.000000" m_c="0.000000" m_d="0.291007" m_tx="98.557693" m_ty="-84.555290"/>
  </frame>
  <frame idx="975" w="302" h="726" x="-89.331726" y="-224.578537">
   <element name="wgenerator" layername="timeline_0" frame="0" z_index="11" m_a="0.999990" m_b="0.004512" m_c="-0.004428" m_d="0.981541" m_tx="-3.025381" m_ty="-7.993012"/>
   <element name="wgenerator" layername="timeline_1" frame="1" z_index="14" m_a="1.650126" m_b="0.249749" m_c="-0.211521" m_d="1.397548" m_tx="45.171841" m_ty="-160.005920"/>
   <element name="wgenerator" layername="timeline_2" frame="1" z_index="15" m_a="0.988052" m_b="0.154122" m_c="-0.153462" m_d="0.983823" m_tx="-66.075737" m_ty="-108.644814"/>
   <element name="wgenerator" layername="timeline_3" frame="2" z_index="15" m_a="0.326651" m_b="0.000000" m_c="0.000000" m_d="0.269010" m_tx="-98.293411" m_ty="-69.265732"/>
   <element name="wgenerator" layername="timeline_4" frame="2" z_index="15" m_a="-0.374861" m_b="0.000000" m_c="0.000000" m_d="0.291007" m_tx="78.575722" m_ty="-73.137024"/>
  </frame>
 </anim>
</Anims>
