<Anims>
 <anim name="idle" root="tstaff" numframes="1000" framerate="40">
  <frame idx="0" w="106" h="350" x="-37.257236" y="-168.054642">
   <element name="tstaff" layername="timeline_0" frame="0" z_index="3" m_a="0.221699" m_b="0.000000" m_c="0.000000" m_d="0.235768" m_tx="-1.538081" m_ty="-10.702288"/>
   <element name="tstaff" layername="timeline_1" frame="1" z_index="5" m_a="0.200000" m_b="0.000000" m_c="0.000000" m_d="0.200000" m_tx="-20.971800" m_ty="-138.646362"/>
   <element name="tstaff" layername="timeline_2" frame="2" z_index="4" m_a="0.200000" m_b="0.000000" m_c="0.000000" m_d="0.200000" m_tx="19.063053" m_ty="-136.451950"/>
   <element name="tstaff" layername="timeline_3" frame="3" z_index="2" m_a="0.128424" m_b="0.000000" m_c="0.000000" m_d="0.181387" m_tx="-3.045572" m_ty="-116.768280"/>
   <element name="tstaff" layername="timeline_4" frame="3" z_index="1" m_a="-0.129670" m_b="0.000000" m_c="0.000000" m_d="0.133390" m_tx="-2.913002" m_ty="-117.239632"/>
  </frame>
  <frame idx="25" w="109" h="350" x="-40.118423" y="-168.173660">
   <element name="tstaff" layername="timeline_0" frame="0" z_index="3" m_a="0.221699" m_b="0.000000" m_c="0.000000" m_d="0.235768" m_tx="-1.538081" m_ty="-10.702288"/>
   <element name="tstaff" layername="timeline_1" frame="1" z_index="5" m_a="0.197943" m_b="-0.028611" m_c="0.028611" m_d="0.197943" m_tx="-20.971800" m_ty="-138.646362"/>
   <element name="tstaff" layername="timeline_2" frame="2" z_index="4" m_a="0.197952" m_b="0.028545" m_c="-0.028545" m_d="0.197952" m_tx="19.063053" m_ty="-136.445679"/>
   <element name="tstaff" layername="timeline_3" frame="3" z_index="2" m_a="0.127014" m_b="-0.018978" m_c="0.026482" m_d="0.177239" m_tx="-3.032327" m_ty="-116.788147"/>
   <element name="tstaff" layername="timeline_4" frame="3" z_index="1" m_a="-0.128248" m_b="-0.019148" m_c="-0.019625" m_d="0.131443" m_tx="-2.917728" m_ty="-117.253807"/>
  </frame>
  <frame idx="50" w="110" h="351" x="-41.853062" y="-168.292114">
   <element name="tstaff" layername="timeline_0" frame="0" z_index="3" m_a="0.221699" m_b="0.000000" m_c="0.000000" m_d="0.235768" m_tx="-1.538081" m_ty="-10.702288"/>
   <element name="tstaff" layername="timeline_1" frame="1" z_index="5" m_a="0.191814" m_b="-0.056634" m_c="0.056634" m_d="0.191814" m_tx="-20.971800" m_ty="-138.646362"/>
   <element name="tstaff" layername="timeline_2" frame="2" z_index="4" m_a="0.191852" m_b="0.056506" m_c="-0.056506" m_d="0.191852" m_tx="19.063053" m_ty="-136.439392"/>
   <element name="tstaff" layername="timeline_3" frame="3" z_index="2" m_a="0.122815" m_b="-0.037539" m_c="0.051746" m_d="0.169295" m_tx="-3.019082" m_ty="-116.808014"/>
   <element name="tstaff" layername="timeline_4" frame="3" z_index="1" m_a="-0.124015" m_b="-0.037876" m_c="-0.038676" m_d="0.126636" m_tx="-2.922454" m_ty="-117.267990"/>
  </frame>
  <frame idx="75" w="111" h="351" x="-42.923851" y="-168.407578">
   <element name="tstaff" layername="timeline_0" frame="0" z_index="3" m_a="0.221699" m_b="0.000000" m_c="0.000000" m_d="0.235768" m_tx="-1.538081" m_ty="-10.702288"/>
   <element name="tstaff" layername="timeline_1" frame="1" z_index="5" m_a="0.181739" m_b="-0.083491" m_c="0.083491" m_d="0.181739" m_tx="-20.971800" m_ty="-138.646362"/>
   <element name="tstaff" layername="timeline_2" frame="2" z_index="4" m_a="0.181822" m_b="0.083310" m_c="-0.083310" m_d="0.181822" m_tx="19.063053" m_ty="-136.433121"/>
   <element name="tstaff" layername="timeline_3" frame="3" z_index="2" m_a="0.115919" m_b="-0.055276" m_c="0.075257" m_d="0.157821" m_tx="-3.005837" m_ty="-116.827881"/>
   <element name="tstaff" layername="timeline_4" frame="3" z_index="1" m_a="-0.117063" m_b="-0.055773" m_c="-0.056741" m_d="0.119094" m_tx="-2.927180" m_ty="-117.282166"/>
  </frame>
  <frame idx="100" w="112" h="351" x="-43.308464" y="-168.517654">
   <element name="tstaff" layername="timeline_0" frame="0" z_index="3" m_a="0.221699" m_b="0.000000" m_c="0.000000" m_d="0.235768" m_tx="-1.538081" m_ty="-10.702288"/>
   <element name="tstaff" layername="timeline_1" frame="1" z_index="5" m_a="0.167926" m_b="-0.108632" m_c="0.108632" m_d="0.167926" m_tx="-20.971800" m_ty="-138.646362"/>
   <element name="tstaff" layername="timeline_2" frame="2" z_index="4" m_a="0.168070" m_b="0.108408" m_c="-0.108408" m_d="0.168070" m_tx="19.063053" m_ty="-136.426834"/>
   <element name="tstaff" layername="timeline_3" frame="3" z_index="2" m_a="0.106478" m_b="-0.071799" m_c="0.096534" m_d="0.143159" m_tx="-2.992592" m_ty="-116.847748"/>
   <element name="tstaff" layername="timeline_4" frame="3" z_index="1" m_a="-0.107544" m_b="-0.072448" m_c="-0.073431" m_d="0.109003" m_tx="-2.931906" m_ty="-117.296341"/>
  </frame>
  <frame idx="125" w="112" h="351" x="-42.999992" y="-168.620102">
   <element name="tstaff" layername="timeline_0" frame="0" z_index="3" m_a="0.221699" m_b="0.000000" m_c="0.000000" m_d="0.235768" m_tx="-1.538081" m_ty="-10.702288"/>
   <element name="tstaff" layername="timeline_1" frame="1" z_index="5" m_a="0.150659" m_b="-0.131537" m_c="0.131537" m_d="0.150659" m_tx="-20.971800" m_ty="-138.646362"/>
   <element name="tstaff" layername="timeline_2" frame="2" z_index="4" m_a="0.150877" m_b="0.131287" m_c="-0.131287" m_d="0.150877" m_tx="19.063053" m_ty="-136.420563"/>
   <element name="tstaff" layername="timeline_3" frame="3" z_index="2" m_a="0.094699" m_b="-0.086746" m_c="0.115157" m_d="0.125714" m_tx="-2.979347" m_ty="-116.867615"/>
   <element name="tstaff" layername="timeline_4" frame="3" z_index="1" m_a="-0.095667" m_b="-0.087534" m_c="-0.088391" m_d="0.096604" m_tx="-2.936632" m_ty="-117.310516"/>
  </frame>
  <frame idx="150" w="111" h="351" x="-42.007088" y="-168.712799">
   <element name="tstaff" layername="timeline_0" frame="0" z_index="3" m_a="0.221699" m_b="0.000000" m_c="0.000000" m_d="0.235768" m_tx="-1.538081" m_ty="-10.702288"/>
   <element name="tstaff" layername="timeline_1" frame="1" z_index="5" m_a="0.130292" m_b="-0.151737" m_c="0.151737" m_d="0.130292" m_tx="-20.971800" m_ty="-138.646362"/>
   <element name="tstaff" layername="timeline_2" frame="2" z_index="4" m_a="0.130594" m_b="0.151477" m_c="-0.151477" m_d="0.130594" m_tx="19.063053" m_ty="-136.414291"/>
   <element name="tstaff" layername="timeline_3" frame="3" z_index="2" m_a="0.080840" m_b="-0.099788" m_c="0.130776" m_d="0.105944" m_tx="-2.966102" m_ty="-116.887482"/>
   <element name="tstaff" layername="timeline_4" frame="3" z_index="1" m_a="-0.081692" m_b="-0.100701" m_c="-0.101307" m_d="0.082184" m_tx="-2.941357" m_ty="-117.324699"/>
  </frame>
  <frame idx="175" w="109" h="351" x="-40.353714" y="-168.793854">
   <element name="tstaff" layername="timeline_0" frame="0" z_index="3" m_a="0.221699" m_b="0.000000" m_c="0.000000" m_d="0.235768" m_tx="-1.538081" m_ty="-10.702288"/>
   <element name="tstaff" layername="timeline_1" frame="1" z_index="5" m_a="0.107245" m_b="-0.168815" m_c="0.168815" m_d="0.107245" m_tx="-20.971800" m_ty="-138.646362"/>
   <element name="tstaff" layername="timeline_2" frame="2" z_index="4" m_a="0.107637" m_b="0.168565" m_c="-0.168565" m_d="0.107637" m_tx="19.063053" m_ty="-136.408005"/>
   <element name="tstaff" layername="timeline_3" frame="3" z_index="2" m_a="0.065206" m_b="-0.110638" m_c="0.143117" m_d="0.084348" m_tx="-2.952857" m_ty="-116.907349"/>
   <element name="tstaff" layername="timeline_4" frame="3" z_index="1" m_a="-0.065927" m_b="-0.111660" m_c="-0.111910" m_d="0.066074" m_tx="-2.946083" m_ty="-117.338875"/>
  </frame>
  <frame idx="200" w="106" h="351" x="-37.578587" y="-168.861572">
   <element name="tstaff" layername="timeline_0" frame="0" z_index="3" m_a="0.221699" m_b="0.000000" m_c="0.000000" m_d="0.235768" m_tx="-1.538081" m_ty="-10.702288"/>
   <element name="tstaff" layername="timeline_1" frame="1" z_index="5" m_a="0.081992" m_b="-0.182421" m_c="0.182421" m_d="0.081992" m_tx="-20.971800" m_ty="-138.646362"/>
   <element name="tstaff" layername="timeline_2" frame="2" z_index="4" m_a="0.082477" m_b="0.182202" m_c="-0.182202" m_d="0.082477" m_tx="19.063053" m_ty="-136.401733"/>
   <element name="tstaff" layername="timeline_3" frame="3" z_index="2" m_a="0.048141" m_b="-0.119060" m_c="0.151989" m_d="0.061456" m_tx="-2.939612" m_ty="-116.927216"/>
   <element name="tstaff" layername="timeline_4" frame="3" z_index="1" m_a="-0.048716" m_b="-0.120171" m_c="-0.119986" m_d="0.048641" m_tx="-2.950809" m_ty="-117.353050"/>
  </frame>
  <frame idx="225" w="103" h="351" x="-34.734272" y="-168.914597">
   <element name="tstaff" layername="timeline_0" frame="0" z_index="3" m_a="0.221699" m_b="0.000000" m_c="0.000000" m_d="0.235768" m_tx="-1.538081" m_ty="-10.702288"/>
   <element name="tstaff" layername="timeline_1" frame="1" z_index="5" m_a="0.055052" m_b="-0.192274" m_c="0.192274" m_d="0.055052" m_tx="-20.971800" m_ty="-138.646362"/>
   <element name="tstaff" layername="timeline_2" frame="2" z_index="4" m_a="0.055627" m_b="0.192108" m_c="-0.192108" m_d="0.055627" m_tx="19.063053" m_ty="-136.395447"/>
   <element name="tstaff" layername="timeline_3" frame="3" z_index="2" m_a="0.030018" m_b="-0.124866" m_c="0.157282" m_d="0.037811" m_tx="-2.926367" m_ty="-116.947083"/>
   <element name="tstaff" layername="timeline_4" frame="3" z_index="1" m_a="-0.030437" m_b="-0.126047" m_c="-0.125377" m_d="0.030275" m_tx="-2.955535" m_ty="-117.367233"/>
  </frame>
  <frame idx="250" w="98" h="351" x="-30.885969" y="-168.951797">
   <element name="tstaff" layername="timeline_0" frame="0" z_index="3" m_a="0.221699" m_b="0.000000" m_c="0.000000" m_d="0.235768" m_tx="-1.538081" m_ty="-10.702288"/>
   <element name="tstaff" layername="timeline_1" frame="1" z_index="5" m_a="0.026980" m_b="-0.198172" m_c="0.198172" m_d="0.026980" m_tx="-20.971800" m_ty="-138.646362"/>
   <element name="tstaff" layername="timeline_2" frame="2" z_index="4" m_a="0.027638" m_b="0.198081" m_c="-0.198081" m_d="0.027638" m_tx="19.063053" m_ty="-136.389175"/>
   <element name="tstaff" layername="timeline_3" frame="3" z_index="2" m_a="0.011236" m_b="-0.127932" m_c="0.158971" m_d="0.013962" m_tx="-2.913122" m_ty="-116.966949"/>
   <element name="tstaff" layername="timeline_4" frame="3" z_index="1" m_a="-0.011490" m_b="-0.129160" m_c="-0.127985" m_d="0.011386" m_tx="-2.960261" m_ty="-117.381409"/>
  </frame>
  <frame idx="275" w="98" h="351" x="-30.650490" y="-168.972366">
   <element name="tstaff" layername="timeline_0" frame="0" z_index="3" m_a="0.221699" m_b="0.000000" m_c="0.000000" m_d="0.235768" m_tx="-1.538081" m_ty="-10.702288"/>
   <element name="tstaff" layername="timeline_1" frame="1" z_index="5" m_a="-0.001446" m_b="-0.199995" m_c="0.199995" m_d="-0.001446" m_tx="-20.971800" m_ty="-138.646362"/>
   <element name="tstaff" layername="timeline_2" frame="2" z_index="4" m_a="-0.001928" m_b="0.199991" m_c="-0.199991" m_d="-0.001928" m_tx="19.063053" m_ty="-136.382904"/>
   <element name="tstaff" layername="timeline_3" frame="3" z_index="2" m_a="-0.007745" m_b="-0.128190" m_c="0.160018" m_d="-0.009667" m_tx="-2.917537" m_ty="-116.960327"/>
   <element name="tstaff" layername="timeline_4" frame="3" z_index="1" m_a="0.006384" m_b="-0.129513" m_c="-0.128497" m_d="-0.006334" m_tx="-2.958686" m_ty="-117.376686"/>
  </frame>
  <frame idx="300" w="105" h="351" x="-36.616966" y="-168.976166">
   <element name="tstaff" layername="timeline_0" frame="0" z_index="3" m_a="0.221699" m_b="0.000000" m_c="0.000000" m_d="0.235768" m_tx="-1.538081" m_ty="-10.702288"/>
   <element name="tstaff" layername="timeline_1" frame="1" z_index="5" m_a="-0.029842" m_b="-0.197761" m_c="0.197761" m_d="-0.029842" m_tx="-20.971800" m_ty="-138.646362"/>
   <element name="tstaff" layername="timeline_2" frame="2" z_index="4" m_a="-0.031453" m_b="0.197511" m_c="-0.197511" m_d="-0.031453" m_tx="19.063053" m_ty="-136.376617"/>
   <element name="tstaff" layername="timeline_3" frame="3" z_index="2" m_a="-0.026556" m_b="-0.125648" m_c="0.157556" m_d="-0.033300" m_tx="-2.921952" m_ty="-116.953705"/>
   <element name="tstaff" layername="timeline_4" frame="3" z_index="1" m_a="0.024137" m_b="-0.127404" m_c="-0.126565" m_d="-0.023978" m_tx="-2.957110" m_ty="-117.371956"/>
  </frame>
  <frame idx="325" w="110" h="351" x="-41.559010" y="-168.963135">
   <element name="tstaff" layername="timeline_0" frame="0" z_index="3" m_a="0.221699" m_b="0.000000" m_c="0.000000" m_d="0.235768" m_tx="-1.538081" m_ty="-10.702288"/>
   <element name="tstaff" layername="timeline_1" frame="1" z_index="5" m_a="-0.057633" m_b="-0.191516" m_c="0.191516" m_d="-0.057633" m_tx="-20.971800" m_ty="-138.646362"/>
   <element name="tstaff" layername="timeline_2" frame="2" z_index="4" m_a="-0.060287" m_b="0.190697" m_c="-0.190697" m_d="-0.060287" m_tx="19.063053" m_ty="-136.370346"/>
   <element name="tstaff" layername="timeline_3" frame="3" z_index="2" m_a="-0.044788" m_b="-0.120361" m_c="0.151607" m_d="-0.056415" m_tx="-2.926367" m_ty="-116.947083"/>
   <element name="tstaff" layername="timeline_4" frame="3" z_index="1" m_a="0.041431" m_b="-0.122873" m_c="-0.122219" m_d="-0.041210" m_tx="-2.955535" m_ty="-117.367233"/>
  </frame>
  <frame idx="350" w="113" h="351" x="-44.879124" y="-168.933548">
   <element name="tstaff" layername="timeline_0" frame="0" z_index="3" m_a="0.221699" m_b="0.000000" m_c="0.000000" m_d="0.235768" m_tx="-1.538081" m_ty="-10.702288"/>
   <element name="tstaff" layername="timeline_1" frame="1" z_index="5" m_a="-0.084255" m_b="-0.181386" m_c="0.181386" m_d="-0.084255" m_tx="-20.971800" m_ty="-138.646362"/>
   <element name="tstaff" layername="timeline_2" frame="2" z_index="4" m_a="-0.087798" m_b="0.179698" m_c="-0.179698" m_d="-0.087798" m_tx="19.063053" m_ty="-136.364059"/>
   <element name="tstaff" layername="timeline_3" frame="3" z_index="2" m_a="-0.062041" m_b="-0.112444" m_c="0.142272" m_d="-0.078498" m_tx="-2.930782" m_ty="-116.940460"/>
   <element name="tstaff" layername="timeline_4" frame="3" z_index="1" m_a="0.057937" m_b="-0.116007" m_c="-0.115536" m_d="-0.057702" m_tx="-2.953960" m_ty="-117.362503"/>
  </frame>
  <frame idx="375" w="117" h="351" x="-47.504429" y="-168.887985">
   <element name="tstaff" layername="timeline_0" frame="0" z_index="3" m_a="0.221699" m_b="0.000000" m_c="0.000000" m_d="0.235768" m_tx="-1.538081" m_ty="-10.702288"/>
   <element name="tstaff" layername="timeline_1" frame="1" z_index="5" m_a="-0.109169" m_b="-0.167578" m_c="0.167578" m_d="-0.109169" m_tx="-20.971800" m_ty="-138.646362"/>
   <element name="tstaff" layername="timeline_2" frame="2" z_index="4" m_a="-0.113383" m_b="0.164756" m_c="-0.164756" m_d="-0.113383" m_tx="19.063053" m_ty="-136.357788"/>
   <element name="tstaff" layername="timeline_3" frame="3" z_index="2" m_a="-0.077938" m_b="-0.102071" m_c="0.129724" m_d="-0.099053" m_tx="-2.935197" m_ty="-116.933838"/>
   <element name="tstaff" layername="timeline_4" frame="3" z_index="1" m_a="0.073343" m_b="-0.106935" m_c="-0.106636" m_d="-0.073137" m_tx="-2.952384" m_ty="-117.357780"/>
  </frame>
  <frame idx="400" w="117" h="351" x="-48.388302" y="-168.827377">
   <element name="tstaff" layername="timeline_0" frame="0" z_index="3" m_a="0.221699" m_b="0.000000" m_c="0.000000" m_d="0.235768" m_tx="-1.538081" m_ty="-10.702288"/>
   <element name="tstaff" layername="timeline_1" frame="1" z_index="5" m_a="-0.131867" m_b="-0.150370" m_c="0.150370" m_d="-0.131867" m_tx="-20.971800" m_ty="-138.646362"/>
   <element name="tstaff" layername="timeline_2" frame="2" z_index="4" m_a="-0.136479" m_b="0.146197" m_c="-0.146197" m_d="-0.136479" m_tx="19.063053" m_ty="-136.351517"/>
   <element name="tstaff" layername="timeline_3" frame="3" z_index="2" m_a="-0.092133" m_b="-0.089467" m_c="0.114212" m_d="-0.117615" m_tx="-2.939612" m_ty="-116.927216"/>
   <element name="tstaff" layername="timeline_4" frame="3" z_index="1" m_a="0.087354" m_b="-0.095831" m_c="-0.095684" m_d="-0.087219" m_tx="-2.950809" m_ty="-117.353050"/>
  </frame>
  <frame idx="425" w="117" h="351" x="-48.011345" y="-168.752960">
   <element name="tstaff" layername="timeline_0" frame="0" z_index="3" m_a="0.221699" m_b="0.000000" m_c="0.000000" m_d="0.235768" m_tx="-1.538081" m_ty="-10.702288"/>
   <element name="tstaff" layername="timeline_1" frame="1" z_index="5" m_a="-0.151891" m_b="-0.130112" m_c="0.130112" m_d="-0.151891" m_tx="-20.971800" m_ty="-138.646362"/>
   <element name="tstaff" layername="timeline_2" frame="2" z_index="4" m_a="-0.156580" m_b="0.124430" m_c="-0.124430" m_d="-0.156580" m_tx="19.063053" m_ty="-136.345230"/>
   <element name="tstaff" layername="timeline_3" frame="3" z_index="2" m_a="-0.104314" m_b="-0.074908" m_c="0.096051" m_d="-0.133756" m_tx="-2.944027" m_ty="-116.920593"/>
   <element name="tstaff" layername="timeline_4" frame="3" z_index="1" m_a="0.099704" m_b="-0.082906" m_c="-0.082882" m_d="-0.099676" m_tx="-2.949234" m_ty="-117.348328"/>
  </frame>
  <frame idx="450" w="115" h="351" x="-46.381828" y="-168.666245">
   <element name="tstaff" layername="timeline_0" frame="0" z_index="3" m_a="0.221699" m_b="0.000000" m_c="0.000000" m_d="0.235768" m_tx="-1.538081" m_ty="-10.702288"/>
   <element name="tstaff" layername="timeline_1" frame="1" z_index="5" m_a="-0.168834" m_b="-0.107215" m_c="0.107215" m_d="-0.168834" m_tx="-20.971800" m_ty="-138.646362"/>
   <element name="tstaff" layername="timeline_2" frame="2" z_index="4" m_a="-0.173244" m_b="0.099932" m_c="-0.099932" m_d="-0.173244" m_tx="19.063053" m_ty="-136.338959"/>
   <element name="tstaff" layername="timeline_3" frame="3" z_index="2" m_a="-0.114217" m_b="-0.058713" m_c="0.075617" m_d="-0.147100" m_tx="-2.948442" m_ty="-116.913971"/>
   <element name="tstaff" layername="timeline_4" frame="3" z_index="1" m_a="0.110160" m_b="-0.068404" m_c="-0.068471" m_d="-0.110267" m_tx="-2.947659" m_ty="-117.343597"/>
  </frame>
  <frame idx="475" w="122" h="351" x="-52.228725" y="-168.568970">
   <element name="tstaff" layername="timeline_0" frame="0" z_index="3" m_a="0.221699" m_b="0.000000" m_c="0.000000" m_d="0.235768" m_tx="-1.538081" m_ty="-10.702288"/>
   <element name="tstaff" layername="timeline_1" frame="1" z_index="5" m_a="-0.182353" m_b="-0.082143" m_c="0.082143" m_d="-0.182353" m_tx="-20.971800" m_ty="-138.646362"/>
   <element name="tstaff" layername="timeline_2" frame="2" z_index="4" m_a="-0.186107" m_b="0.073242" m_c="-0.073242" m_d="-0.186107" m_tx="19.063053" m_ty="-136.332672"/>
   <element name="tstaff" layername="timeline_3" frame="3" z_index="2" m_a="-0.121624" m_b="-0.041236" m_c="0.053341" m_d="-0.157328" m_tx="-2.952857" m_ty="-116.907349"/>
   <element name="tstaff" layername="timeline_4" frame="3" z_index="1" m_a="0.118521" m_b="-0.052602" m_c="-0.052720" m_d="-0.118786" m_tx="-2.946083" m_ty="-117.338875"/>
  </frame>
  <frame idx="500" w="130" h="351" x="-60.093040" y="-168.463135">
   <element name="tstaff" layername="timeline_0" frame="0" z_index="3" m_a="0.221699" m_b="0.000000" m_c="0.000000" m_d="0.235768" m_tx="-1.538081" m_ty="-10.702288"/>
   <element name="tstaff" layername="timeline_1" frame="1" z_index="5" m_a="-0.192173" m_b="-0.055405" m_c="0.055405" m_d="-0.192173" m_tx="-20.971800" m_ty="-138.646362"/>
   <element name="tstaff" layername="timeline_2" frame="2" z_index="4" m_a="-0.194885" m_b="0.044943" m_c="-0.044943" m_d="-0.194885" m_tx="19.063053" m_ty="-136.326401"/>
   <element name="tstaff" layername="timeline_3" frame="3" z_index="2" m_a="-0.126374" m_b="-0.022857" m_c="0.029696" m_d="-0.164187" m_tx="-2.957272" m_ty="-116.900726"/>
   <element name="tstaff" layername="timeline_4" frame="3" z_index="1" m_a="0.124630" m_b="-0.035801" m_c="-0.035926" m_d="-0.125066" m_tx="-2.944508" m_ty="-117.334152"/>
  </frame>
  <frame idx="525" w="138" h="351" x="-67.386963" y="-168.350876">
   <element name="tstaff" layername="timeline_0" frame="0" z_index="3" m_a="0.221699" m_b="0.000000" m_c="0.000000" m_d="0.235768" m_tx="-1.538081" m_ty="-10.702288"/>
   <element name="tstaff" layername="timeline_1" frame="1" z_index="5" m_a="-0.198094" m_b="-0.027543" m_c="0.027543" m_d="-0.198094" m_tx="-20.971800" m_ty="-138.646362"/>
   <element name="tstaff" layername="timeline_2" frame="2" z_index="4" m_a="-0.199386" m_b="0.015659" m_c="-0.015659" m_d="-0.199386" m_tx="19.063053" m_ty="-136.320129"/>
   <element name="tstaff" layername="timeline_3" frame="3" z_index="2" m_a="-0.128362" m_b="-0.003979" m_c="0.005192" m_d="-0.167497" m_tx="-2.961687" m_ty="-116.894104"/>
   <element name="tstaff" layername="timeline_4" frame="3" z_index="1" m_a="0.128370" m_b="-0.018319" m_c="-0.018406" m_d="-0.128980" m_tx="-2.942933" m_ty="-117.329422"/>
  </frame>
  <frame idx="550" w="146" h="350" x="-74.472687" y="-168.234451">
   <element name="tstaff" layername="timeline_0" frame="0" z_index="3" m_a="0.221699" m_b="0.000000" m_c="0.000000" m_d="0.235768" m_tx="-1.538081" m_ty="-10.702288"/>
   <element name="tstaff" layername="timeline_1" frame="1" z_index="5" m_a="-0.199998" m_b="0.000878" m_c="-0.000878" m_d="-0.199998" m_tx="-20.971800" m_ty="-138.646362"/>
   <element name="tstaff" layername="timeline_2" frame="2" z_index="4" m_a="-0.199512" m_b="-0.013969" m_c="0.013969" m_d="-0.199512" m_tx="19.063053" m_ty="-136.313843"/>
   <element name="tstaff" layername="timeline_3" frame="3" z_index="2" m_a="-0.127547" m_b="0.014986" m_c="-0.019640" m_d="-0.167155" m_tx="-2.966102" m_ty="-116.887482"/>
   <element name="tstaff" layername="timeline_4" frame="3" z_index="1" m_a="0.129669" m_b="-0.000488" m_c="-0.000491" m_d="-0.130449" m_tx="-2.941357" m_ty="-117.324699"/>
  </frame>
  <frame idx="575" w="152" h="350" x="-80.226761" y="-168.116257">
   <element name="tstaff" layername="timeline_0" frame="0" z_index="3" m_a="0.221699" m_b="0.000000" m_c="0.000000" m_d="0.235768" m_tx="-1.538081" m_ty="-10.702288"/>
   <element name="tstaff" layername="timeline_1" frame="1" z_index="5" m_a="-0.197845" m_b="0.029280" m_c="-0.029280" m_d="-0.197845" m_tx="-20.971800" m_ty="-138.646362"/>
   <element name="tstaff" layername="timeline_2" frame="2" z_index="4" m_a="-0.195259" m_b="-0.043291" m_c="0.043291" m_d="-0.195259" m_tx="19.063053" m_ty="-136.307571"/>
   <element name="tstaff" layername="timeline_3" frame="3" z_index="2" m_a="-0.123944" m_b="0.033624" m_c="-0.044256" m_d="-0.163135" m_tx="-2.970517" m_ty="-116.880859"/>
   <element name="tstaff" layername="timeline_4" frame="3" z_index="1" m_a="0.128504" m_b="0.017351" m_c="0.017478" m_d="-0.129439" m_tx="-2.939782" m_ty="-117.319969"/>
  </frame>
  <frame idx="600" w="158" h="350" x="-85.042603" y="-167.998672">
   <element name="tstaff" layername="timeline_0" frame="0" z_index="3" m_a="0.221699" m_b="0.000000" m_c="0.000000" m_d="0.235768" m_tx="-1.538081" m_ty="-10.702288"/>
   <element name="tstaff" layername="timeline_1" frame="1" z_index="5" m_a="-0.191679" m_b="0.057089" m_c="-0.057089" m_d="-0.191679" m_tx="-20.971800" m_ty="-138.646362"/>
   <element name="tstaff" layername="timeline_2" frame="2" z_index="4" m_a="-0.186720" m_b="-0.071662" m_c="0.071662" m_d="-0.186720" m_tx="19.063053" m_ty="-136.301285"/>
   <element name="tstaff" layername="timeline_3" frame="3" z_index="2" m_a="-0.117634" m_b="0.051527" m_c="-0.068111" m_d="-0.155495" m_tx="-2.974932" m_ty="-116.874237"/>
   <element name="tstaff" layername="timeline_4" frame="3" z_index="1" m_a="0.124896" m_b="0.034861" m_c="0.035159" m_d="-0.125962" m_tx="-2.938207" m_ty="-117.315247"/>
  </frame>
  <frame idx="625" w="161" h="350" x="-88.332695" y="-167.884079">
   <element name="tstaff" layername="timeline_0" frame="0" z_index="3" m_a="0.221699" m_b="0.000000" m_c="0.000000" m_d="0.235768" m_tx="-1.538081" m_ty="-10.702288"/>
   <element name="tstaff" layername="timeline_1" frame="1" z_index="5" m_a="-0.181625" m_b="0.083740" m_c="-0.083740" m_d="-0.181625" m_tx="-20.971800" m_ty="-138.646362"/>
   <element name="tstaff" layername="timeline_2" frame="2" z_index="4" m_a="-0.174084" m_b="-0.098461" m_c="0.098461" m_d="-0.174084" m_tx="19.063053" m_ty="-136.295013"/>
   <element name="tstaff" layername="timeline_3" frame="3" z_index="2" m_a="-0.108753" m_b="0.068304" m_c="-0.090675" m_d="-0.144372" m_tx="-2.979347" m_ty="-116.867615"/>
   <element name="tstaff" layername="timeline_4" frame="3" z_index="1" m_a="0.118914" m_b="0.051709" m_c="0.052215" m_d="-0.120079" m_tx="-2.936632" m_ty="-117.310516"/>
  </frame>
  <frame idx="650" w="164" h="350" x="-91.030289" y="-167.774811">
   <element name="tstaff" layername="timeline_0" frame="0" z_index="3" m_a="0.221699" m_b="0.000000" m_c="0.000000" m_d="0.235768" m_tx="-1.538081" m_ty="-10.702288"/>
   <element name="tstaff" layername="timeline_1" frame="1" z_index="5" m_a="-0.167887" m_b="0.108692" m_c="-0.108692" m_d="-0.167887" m_tx="-20.971800" m_ty="-138.646362"/>
   <element name="tstaff" layername="timeline_2" frame="2" z_index="4" m_a="-0.157628" m_b="-0.123099" m_c="0.123099" m_d="-0.157628" m_tx="19.063053" m_ty="-136.288742"/>
   <element name="tstaff" layername="timeline_3" frame="3" z_index="2" m_a="-0.097497" m_b="0.083589" m_c="-0.111439" m_d="-0.129980" m_tx="-2.983762" m_ty="-116.860992"/>
   <element name="tstaff" layername="timeline_4" frame="3" z_index="1" m_a="0.110672" m_b="0.067573" m_c="0.068320" m_d="-0.111895" m_tx="-2.935056" m_ty="-117.305794"/>
  </frame>
  <frame idx="675" w="165" h="350" x="-92.090805" y="-167.673065">
   <element name="tstaff" layername="timeline_0" frame="0" z_index="3" m_a="0.221699" m_b="0.000000" m_c="0.000000" m_d="0.235768" m_tx="-1.538081" m_ty="-10.702288"/>
   <element name="tstaff" layername="timeline_1" frame="1" z_index="5" m_a="-0.150744" m_b="0.131440" m_c="-0.131440" m_d="-0.150744" m_tx="-20.971800" m_ty="-138.646362"/>
   <element name="tstaff" layername="timeline_2" frame="2" z_index="4" m_a="-0.137712" m_b="-0.145036" m_c="0.145036" m_d="-0.137712" m_tx="19.063053" m_ty="-136.282455"/>
   <element name="tstaff" layername="timeline_3" frame="3" z_index="2" m_a="-0.084110" m_b="0.097048" m_c="-0.129931" m_d="-0.112609" m_tx="-2.988177" m_ty="-116.854370"/>
   <element name="tstaff" layername="timeline_4" frame="3" z_index="1" m_a="0.100326" m_b="0.082153" m_c="0.083164" m_d="-0.101561" m_tx="-2.933481" m_ty="-117.301064"/>
  </frame>
  <frame idx="700" w="165" h="350" x="-91.992744" y="-167.580933">
   <element name="tstaff" layername="timeline_0" frame="0" z_index="3" m_a="0.221699" m_b="0.000000" m_c="0.000000" m_d="0.235768" m_tx="-1.538081" m_ty="-10.702288"/>
   <element name="tstaff" layername="timeline_1" frame="1" z_index="5" m_a="-0.130543" m_b="0.151521" m_c="-0.151521" m_d="-0.130543" m_tx="-20.971800" m_ty="-138.646362"/>
   <element name="tstaff" layername="timeline_2" frame="2" z_index="4" m_a="-0.114774" m_b="-0.163789" m_c="0.163789" m_d="-0.114774" m_tx="19.063053" m_ty="-136.276184"/>
   <element name="tstaff" layername="timeline_3" frame="3" z_index="2" m_a="-0.068885" m_b="0.108386" m_c="-0.145724" m_d="-0.092616" m_tx="-2.992592" m_ty="-116.847748"/>
   <element name="tstaff" layername="timeline_4" frame="3" z_index="1" m_a="0.088073" m_b="0.095171" m_c="0.096463" m_d="-0.089268" m_tx="-2.931906" m_ty="-117.296341"/>
  </frame>
  <frame idx="725" w="164" h="350" x="-90.738083" y="-167.500259">
   <element name="tstaff" layername="timeline_0" frame="0" z_index="3" m_a="0.221699" m_b="0.000000" m_c="0.000000" m_d="0.235768" m_tx="-1.538081" m_ty="-10.702288"/>
   <element name="tstaff" layername="timeline_1" frame="1" z_index="5" m_a="-0.107694" m_b="0.168529" m_c="-0.168529" m_d="-0.107694" m_tx="-20.971800" m_ty="-138.646362"/>
   <element name="tstaff" layername="timeline_2" frame="2" z_index="4" m_a="-0.089317" m_b="-0.178948" m_c="0.178948" m_d="-0.089317" m_tx="19.063053" m_ty="-136.269897"/>
   <element name="tstaff" layername="timeline_3" frame="3" z_index="2" m_a="-0.052156" m_b="0.117356" m_c="-0.158449" m_d="-0.070419" m_tx="-2.997007" m_ty="-116.841125"/>
   <element name="tstaff" layername="timeline_4" frame="3" z_index="1" m_a="0.074146" m_b="0.106380" m_c="0.107958" m_d="-0.075246" m_tx="-2.930330" m_ty="-117.291611"/>
  </frame>
  <frame idx="750" w="160" h="350" x="-87.852287" y="-167.432709">
   <element name="tstaff" layername="timeline_0" frame="0" z_index="3" m_a="0.221699" m_b="0.000000" m_c="0.000000" m_d="0.235768" m_tx="-1.538081" m_ty="-10.702288"/>
   <element name="tstaff" layername="timeline_1" frame="1" z_index="5" m_a="-0.082660" m_b="0.182119" m_c="-0.182119" m_d="-0.082660" m_tx="-20.971800" m_ty="-138.646362"/>
   <element name="tstaff" layername="timeline_2" frame="2" z_index="4" m_a="-0.061900" m_b="-0.190180" m_c="0.190180" m_d="-0.061900" m_tx="19.063053" m_ty="-136.263626"/>
   <element name="tstaff" layername="timeline_3" frame="3" z_index="2" m_a="-0.034287" m_b="0.123762" m_c="-0.167799" m_d="-0.046487" m_tx="-3.001422" m_ty="-116.834503"/>
   <element name="tstaff" layername="timeline_4" frame="3" z_index="1" m_a="0.058809" m_b="0.115567" m_c="0.117427" m_d="-0.059756" m_tx="-2.928755" m_ty="-117.286888"/>
  </frame>
  <frame idx="775" w="154" h="350" x="-82.204201" y="-167.362656">
   <element name="tstaff" layername="timeline_0" frame="0" z_index="3" m_a="0.221699" m_b="0.000000" m_c="0.000000" m_d="0.235768" m_tx="-1.538081" m_ty="-10.702288"/>
   <element name="tstaff" layername="timeline_1" frame="1" z_index="5" m_a="-0.044892" m_b="0.194897" m_c="-0.194897" m_d="-0.044892" m_tx="-20.971800" m_ty="-138.646362"/>
   <element name="tstaff" layername="timeline_2" frame="2" z_index="4" m_a="-0.025158" m_b="-0.198411" m_c="0.198411" m_d="-0.025158" m_tx="19.063053" m_ty="-136.282455"/>
   <element name="tstaff" layername="timeline_3" frame="3" z_index="2" m_a="-0.011051" m_b="0.127948" m_c="-0.174197" m_d="-0.015045" m_tx="-3.005837" m_ty="-116.827881"/>
   <element name="tstaff" layername="timeline_4" frame="3" z_index="1" m_a="0.034158" m_b="0.125090" m_c="0.127261" m_d="-0.034751" m_tx="-2.927180" m_ty="-117.282166"/>
  </frame>
  <frame idx="800" w="150" h="350" x="-74.639236" y="-167.323746">
   <element name="tstaff" layername="timeline_0" frame="0" z_index="3" m_a="0.221699" m_b="0.000000" m_c="0.000000" m_d="0.235768" m_tx="-1.538081" m_ty="-10.702288"/>
   <element name="tstaff" layername="timeline_1" frame="1" z_index="5" m_a="-0.005340" m_b="0.199929" m_c="-0.199929" m_d="-0.005340" m_tx="-20.971800" m_ty="-138.646362"/>
   <element name="tstaff" layername="timeline_2" frame="2" z_index="4" m_a="0.012477" m_b="-0.199610" m_c="0.199610" m_d="0.012477" m_tx="19.063053" m_ty="-136.301285"/>
   <element name="tstaff" layername="timeline_3" frame="3" z_index="2" m_a="0.012559" m_b="0.127808" m_c="-0.174731" m_d="0.017170" m_tx="-3.010252" m_ty="-116.821259"/>
   <element name="tstaff" layername="timeline_4" frame="3" z_index="1" m_a="0.008088" m_b="0.129417" m_c="0.131826" m_d="-0.008239" m_tx="-2.925604" m_ty="-117.277435"/>
  </frame>
  <frame idx="825" w="148" h="350" x="-65.938171" y="-167.317535">
   <element name="tstaff" layername="timeline_0" frame="0" z_index="3" m_a="0.221699" m_b="0.000000" m_c="0.000000" m_d="0.235768" m_tx="-1.538081" m_ty="-10.702288"/>
   <element name="tstaff" layername="timeline_1" frame="1" z_index="5" m_a="0.034425" m_b="0.197015" m_c="-0.197015" m_d="0.034425" m_tx="-20.971800" m_ty="-138.646362"/>
   <element name="tstaff" layername="timeline_2" frame="2" z_index="4" m_a="0.049669" m_b="-0.193734" m_c="0.193734" m_d="0.049669" m_tx="19.063053" m_ty="-136.320129"/>
   <element name="tstaff" layername="timeline_3" frame="3" z_index="2" m_a="0.035744" m_b="0.123349" m_c="-0.169333" m_d="0.049070" m_tx="-3.014667" m_ty="-116.814636"/>
   <element name="tstaff" layername="timeline_4" frame="3" z_index="1" m_a="-0.018317" m_b="0.128370" m_c="0.130921" m_d="0.018681" m_tx="-2.924029" m_ty="-117.272713"/>
  </frame>
  <frame idx="850" w="141" h="350" x="-55.446796" y="-167.344269">
   <element name="tstaff" layername="timeline_0" frame="0" z_index="3" m_a="0.221699" m_b="0.000000" m_c="0.000000" m_d="0.235768" m_tx="-1.538081" m_ty="-10.702288"/>
   <element name="tstaff" layername="timeline_1" frame="1" z_index="5" m_a="0.072821" m_b="0.186272" m_c="-0.186272" m_d="0.072821" m_tx="-20.971800" m_ty="-138.646362"/>
   <element name="tstaff" layername="timeline_2" frame="2" z_index="4" m_a="0.085101" m_b="-0.180991" m_c="0.180991" m_d="0.085101" m_tx="19.063053" m_ty="-136.338959"/>
   <element name="tstaff" layername="timeline_3" frame="3" z_index="2" m_a="0.057722" m_b="0.114721" m_c="-0.158137" m_d="0.079566" m_tx="-3.019082" m_ty="-116.808014"/>
   <element name="tstaff" layername="timeline_4" frame="3" z_index="1" m_a="-0.043962" m_b="0.121990" m_c="0.124568" m_d="0.044891" m_tx="-2.922454" m_ty="-117.267982"/>
  </frame>
  <frame idx="875" w="131" h="350" x="-43.562202" y="-167.402863">
   <element name="tstaff" layername="timeline_0" frame="0" z_index="3" m_a="0.221699" m_b="0.000000" m_c="0.000000" m_d="0.235768" m_tx="-1.538081" m_ty="-10.702288"/>
   <element name="tstaff" layername="timeline_1" frame="1" z_index="5" m_a="0.108323" m_b="0.168125" m_c="-0.168125" m_d="0.108323" m_tx="-20.971800" m_ty="-138.646362"/>
   <element name="tstaff" layername="timeline_2" frame="2" z_index="4" m_a="0.117516" m_b="-0.161833" m_c="0.161833" m_d="0.117516" m_tx="19.063053" m_ty="-136.357788"/>
   <element name="tstaff" layername="timeline_3" frame="3" z_index="2" m_a="0.077748" m_b="0.102215" m_c="-0.141477" m_d="0.107612" m_tx="-3.023497" m_ty="-116.801392"/>
   <element name="tstaff" layername="timeline_4" frame="3" z_index="1" m_a="-0.067781" m_b="0.110544" m_c="0.113020" m_d="0.069299" m_tx="-2.920878" m_ty="-117.263260"/>
  </frame>
  <frame idx="900" w="118" h="350" x="-31.216967" y="-167.491028">
   <element name="tstaff" layername="timeline_0" frame="0" z_index="3" m_a="0.221699" m_b="0.000000" m_c="0.000000" m_d="0.235768" m_tx="-1.538081" m_ty="-10.702288"/>
   <element name="tstaff" layername="timeline_1" frame="1" z_index="5" m_a="0.139521" m_b="0.143297" m_c="-0.143297" m_d="0.139521" m_tx="-20.971800" m_ty="-138.646362"/>
   <element name="tstaff" layername="timeline_2" frame="2" z_index="4" m_a="0.145766" m_b="-0.136939" m_c="0.136939" m_d="0.145766" m_tx="19.063053" m_ty="-136.376617"/>
   <element name="tstaff" layername="timeline_3" frame="3" z_index="2" m_a="0.095146" m_b="0.086255" m_c="-0.119875" m_d="0.132231" m_tx="-3.027912" m_ty="-116.794769"/>
   <element name="tstaff" layername="timeline_4" frame="3" z_index="1" m_a="-0.088785" m_b="0.094507" m_c="0.096742" m_d="0.090885" m_tx="-2.919303" m_ty="-117.258537"/>
  </frame>
  <frame idx="925" w="116" h="350" x="-30.341881" y="-167.605225">
   <element name="tstaff" layername="timeline_0" frame="0" z_index="3" m_a="0.221699" m_b="0.000000" m_c="0.000000" m_d="0.235768" m_tx="-1.538081" m_ty="-10.702288"/>
   <element name="tstaff" layername="timeline_1" frame="1" z_index="5" m_a="0.165173" m_b="0.112774" m_c="-0.112774" m_d="0.165173" m_tx="-20.971800" m_ty="-138.646362"/>
   <element name="tstaff" layername="timeline_2" frame="2" z_index="4" m_a="0.168849" m_b="-0.107191" m_c="0.107191" m_d="0.168849" m_tx="19.063053" m_ty="-136.395447"/>
   <element name="tstaff" layername="timeline_3" frame="3" z_index="2" m_a="0.109329" m_b="0.067379" m_c="-0.094023" m_d="0.152561" m_tx="-3.032327" m_ty="-116.788147"/>
   <element name="tstaff" layername="timeline_4" frame="3" z_index="1" m_a="-0.106101" m_b="0.074544" m_c="0.076401" m_d="0.108744" m_tx="-2.917728" m_ty="-117.253807"/>
  </frame>
  <frame idx="950" w="111" h="350" x="-29.747057" y="-167.740921">
   <element name="tstaff" layername="timeline_0" frame="0" z_index="3" m_a="0.221699" m_b="0.000000" m_c="0.000000" m_d="0.235768" m_tx="-1.538081" m_ty="-10.702288"/>
   <element name="tstaff" layername="timeline_1" frame="1" z_index="5" m_a="0.184261" m_b="0.077768" m_c="-0.077768" m_d="0.184261" m_tx="-20.971800" m_ty="-138.646362"/>
   <element name="tstaff" layername="timeline_2" frame="2" z_index="4" m_a="0.185948" m_b="-0.073644" m_c="0.073644" m_d="0.185948" m_tx="19.063053" m_ty="-136.414291"/>
   <element name="tstaff" layername="timeline_3" frame="3" z_index="2" m_a="0.119816" m_b="0.046226" m_c="-0.064766" m_d="0.167873" m_tx="-3.036742" m_ty="-116.781525"/>
   <element name="tstaff" layername="timeline_4" frame="3" z_index="1" m_a="-0.119011" m_b="0.051486" m_c="0.052833" m_d="0.122125" m_tx="-2.916153" m_ty="-117.249084"/>
  </frame>
  <frame idx="975" w="110" h="350" x="-33.606838" y="-167.892746">
   <element name="tstaff" layername="timeline_0" frame="0" z_index="3" m_a="0.221699" m_b="0.000000" m_c="0.000000" m_d="0.235768" m_tx="-1.538081" m_ty="-10.702288"/>
   <element name="tstaff" layername="timeline_1" frame="1" z_index="5" m_a="0.196026" m_b="0.039673" m_c="-0.039673" m_d="0.196026" m_tx="-20.971800" m_ty="-138.646362"/>
   <element name="tstaff" layername="timeline_2" frame="2" z_index="4" m_a="0.196456" m_b="-0.037486" m_c="0.037486" m_d="0.196456" m_tx="19.063053" m_ty="-136.433121"/>
   <element name="tstaff" layername="timeline_3" frame="3" z_index="2" m_a="0.126254" m_b="0.023510" m_c="-0.033073" m_d="0.177607" m_tx="-3.041157" m_ty="-116.774902"/>
   <element name="tstaff" layername="timeline_4" frame="3" z_index="1" m_a="-0.126977" m_b="0.026289" m_c="0.027010" m_d="0.130460" m_tx="-2.914577" m_ty="-117.244354"/>
  </frame>
 </anim>
</Anims>
