<Anims>
 <anim name="idle" root="iron" numframes="1000" framerate="40">
  <frame idx="0" w="111" h="132" x="-6.749976" y="-35.250011">
   <element name="metals" layername="timeline_0" frame="1" z_index="2" m_a="0.616667" m_b="0.000000" m_c="0.000000" m_d="0.588028" m_tx="-43.191666" m_ty="-65.705986"/>
  </frame>
  <frame idx="25" w="111" h="132" x="-6.749976" y="-35.250011">
   <element name="metals" layername="timeline_0" frame="1" z_index="2" m_a="0.616667" m_b="0.000000" m_c="0.000000" m_d="0.588028" m_tx="-43.191666" m_ty="-65.705986"/>
  </frame>
  <frame idx="50" w="111" h="132" x="-6.749976" y="-35.250011">
   <element name="metals" layername="timeline_0" frame="1" z_index="2" m_a="0.616667" m_b="0.000000" m_c="0.000000" m_d="0.588028" m_tx="-43.191666" m_ty="-65.705986"/>
  </frame>
  <frame idx="75" w="111" h="132" x="-6.749976" y="-35.250011">
   <element name="metals" layername="timeline_0" frame="1" z_index="2" m_a="0.616667" m_b="0.000000" m_c="0.000000" m_d="0.588028" m_tx="-43.191666" m_ty="-65.705986"/>
  </frame>
  <frame idx="100" w="111" h="132" x="-6.749976" y="-35.250011">
   <element name="metals" layername="timeline_0" frame="1" z_index="2" m_a="0.616667" m_b="0.000000" m_c="0.000000" m_d="0.588028" m_tx="-43.191666" m_ty="-65.705986"/>
  </frame>
  <frame idx="125" w="111" h="132" x="-6.749976" y="-35.250011">
   <element name="metals" layername="timeline_0" frame="1" z_index="2" m_a="0.616667" m_b="0.000000" m_c="0.000000" m_d="0.588028" m_tx="-43.191666" m_ty="-65.705986"/>
  </frame>
  <frame idx="150" w="111" h="132" x="-6.749976" y="-35.250011">
   <element name="metals" layername="timeline_0" frame="1" z_index="2" m_a="0.616667" m_b="0.000000" m_c="0.000000" m_d="0.588028" m_tx="-43.191666" m_ty="-65.705986"/>
  </frame>
  <frame idx="175" w="111" h="132" x="-6.749976" y="-35.250011">
   <element name="metals" layername="timeline_0" frame="1" z_index="2" m_a="0.616667" m_b="0.000000" m_c="0.000000" m_d="0.588028" m_tx="-43.191666" m_ty="-65.705986"/>
  </frame>
  <frame idx="200" w="111" h="132" x="-6.749976" y="-35.250011">
   <element name="metals" layername="timeline_0" frame="1" z_index="2" m_a="0.616667" m_b="0.000000" m_c="0.000000" m_d="0.588028" m_tx="-43.191666" m_ty="-65.705986"/>
  </frame>
  <frame idx="225" w="111" h="132" x="-6.749976" y="-35.250011">
   <element name="metals" layername="timeline_0" frame="1" z_index="2" m_a="0.616667" m_b="0.000000" m_c="0.000000" m_d="0.588028" m_tx="-43.191666" m_ty="-65.705986"/>
  </frame>
  <frame idx="250" w="111" h="132" x="-6.749976" y="-35.250011">
   <element name="metals" layername="timeline_0" frame="1" z_index="2" m_a="0.616667" m_b="0.000000" m_c="0.000000" m_d="0.588028" m_tx="-43.191666" m_ty="-65.705986"/>
  </frame>
  <frame idx="275" w="111" h="132" x="-6.749976" y="-35.250011">
   <element name="metals" layername="timeline_0" frame="1" z_index="2" m_a="0.616667" m_b="0.000000" m_c="0.000000" m_d="0.588028" m_tx="-43.191666" m_ty="-65.705986"/>
  </frame>
  <frame idx="300" w="111" h="132" x="-6.749976" y="-35.250011">
   <element name="metals" layername="timeline_0" frame="1" z_index="2" m_a="0.616667" m_b="0.000000" m_c="0.000000" m_d="0.588028" m_tx="-43.191666" m_ty="-65.705986"/>
  </frame>
  <frame idx="325" w="111" h="132" x="-6.749976" y="-35.250011">
   <element name="metals" layername="timeline_0" frame="1" z_index="2" m_a="0.616667" m_b="0.000000" m_c="0.000000" m_d="0.588028" m_tx="-43.191666" m_ty="-65.705986"/>
  </frame>
  <frame idx="350" w="111" h="132" x="-6.749976" y="-35.250011">
   <element name="metals" layername="timeline_0" frame="1" z_index="2" m_a="0.616667" m_b="0.000000" m_c="0.000000" m_d="0.588028" m_tx="-43.191666" m_ty="-65.705986"/>
  </frame>
  <frame idx="375" w="111" h="132" x="-6.749976" y="-35.250011">
   <element name="metals" layername="timeline_0" frame="1" z_index="2" m_a="0.616667" m_b="0.000000" m_c="0.000000" m_d="0.588028" m_tx="-43.191666" m_ty="-65.705986"/>
  </frame>
  <frame idx="400" w="111" h="132" x="-6.749976" y="-35.250011">
   <element name="metals" layername="timeline_0" frame="1" z_index="2" m_a="0.616667" m_b="0.000000" m_c="0.000000" m_d="0.588028" m_tx="-43.191666" m_ty="-65.705986"/>
  </frame>
  <frame idx="425" w="111" h="132" x="-6.749976" y="-35.250011">
   <element name="metals" layername="timeline_0" frame="1" z_index="2" m_a="0.616667" m_b="0.000000" m_c="0.000000" m_d="0.588028" m_tx="-43.191666" m_ty="-65.705986"/>
  </frame>
  <frame idx="450" w="111" h="132" x="-6.749976" y="-35.250011">
   <element name="metals" layername="timeline_0" frame="1" z_index="2" m_a="0.616667" m_b="0.000000" m_c="0.000000" m_d="0.588028" m_tx="-43.191666" m_ty="-65.705986"/>
  </frame>
  <frame idx="475" w="111" h="132" x="-6.749976" y="-35.250011">
   <element name="metals" layername="timeline_0" frame="1" z_index="2" m_a="0.616667" m_b="0.000000" m_c="0.000000" m_d="0.588028" m_tx="-43.191666" m_ty="-65.705986"/>
  </frame>
  <frame idx="500" w="111" h="132" x="-6.749976" y="-35.250011">
   <element name="metals" layername="timeline_0" frame="1" z_index="2" m_a="0.616667" m_b="0.000000" m_c="0.000000" m_d="0.588028" m_tx="-43.191666" m_ty="-65.705986"/>
  </frame>
  <frame idx="525" w="111" h="132" x="-6.749976" y="-35.250011">
   <element name="metals" layername="timeline_0" frame="1" z_index="2" m_a="0.616667" m_b="0.000000" m_c="0.000000" m_d="0.588028" m_tx="-43.191666" m_ty="-65.705986"/>
  </frame>
  <frame idx="550" w="111" h="132" x="-6.749976" y="-35.250011">
   <element name="metals" layername="timeline_0" frame="1" z_index="2" m_a="0.616667" m_b="0.000000" m_c="0.000000" m_d="0.588028" m_tx="-43.191666" m_ty="-65.705986"/>
  </frame>
  <frame idx="575" w="111" h="132" x="-6.749976" y="-35.250011">
   <element name="metals" layername="timeline_0" frame="1" z_index="2" m_a="0.616667" m_b="0.000000" m_c="0.000000" m_d="0.588028" m_tx="-43.191666" m_ty="-65.705986"/>
  </frame>
  <frame idx="600" w="111" h="132" x="-6.749976" y="-35.250011">
   <element name="metals" layername="timeline_0" frame="1" z_index="2" m_a="0.616667" m_b="0.000000" m_c="0.000000" m_d="0.588028" m_tx="-43.191666" m_ty="-65.705986"/>
  </frame>
  <frame idx="625" w="111" h="132" x="-6.749976" y="-35.250011">
   <element name="metals" layername="timeline_0" frame="1" z_index="2" m_a="0.616667" m_b="0.000000" m_c="0.000000" m_d="0.588028" m_tx="-43.191666" m_ty="-65.705986"/>
  </frame>
  <frame idx="650" w="111" h="132" x="-6.749976" y="-35.250011">
   <element name="metals" layername="timeline_0" frame="1" z_index="2" m_a="0.616667" m_b="0.000000" m_c="0.000000" m_d="0.588028" m_tx="-43.191666" m_ty="-65.705986"/>
  </frame>
  <frame idx="675" w="111" h="132" x="-6.749976" y="-35.250011">
   <element name="metals" layername="timeline_0" frame="1" z_index="2" m_a="0.616667" m_b="0.000000" m_c="0.000000" m_d="0.588028" m_tx="-43.191666" m_ty="-65.705986"/>
  </frame>
  <frame idx="700" w="111" h="132" x="-6.749976" y="-35.250011">
   <element name="metals" layername="timeline_0" frame="1" z_index="2" m_a="0.616667" m_b="0.000000" m_c="0.000000" m_d="0.588028" m_tx="-43.191666" m_ty="-65.705986"/>
  </frame>
  <frame idx="725" w="111" h="132" x="-6.749976" y="-35.250011">
   <element name="metals" layername="timeline_0" frame="1" z_index="2" m_a="0.616667" m_b="0.000000" m_c="0.000000" m_d="0.588028" m_tx="-43.191666" m_ty="-65.705986"/>
  </frame>
  <frame idx="750" w="111" h="132" x="-6.749976" y="-35.250011">
   <element name="metals" layername="timeline_0" frame="1" z_index="2" m_a="0.616667" m_b="0.000000" m_c="0.000000" m_d="0.588028" m_tx="-43.191666" m_ty="-65.705986"/>
  </frame>
  <frame idx="775" w="111" h="132" x="-6.749976" y="-35.250011">
   <element name="metals" layername="timeline_0" frame="1" z_index="2" m_a="0.616667" m_b="0.000000" m_c="0.000000" m_d="0.588028" m_tx="-43.191666" m_ty="-65.705986"/>
  </frame>
  <frame idx="800" w="111" h="132" x="-6.749976" y="-35.250011">
   <element name="metals" layername="timeline_0" frame="1" z_index="2" m_a="0.616667" m_b="0.000000" m_c="0.000000" m_d="0.588028" m_tx="-43.191666" m_ty="-65.705986"/>
  </frame>
  <frame idx="825" w="111" h="132" x="-6.749976" y="-35.250011">
   <element name="metals" layername="timeline_0" frame="1" z_index="2" m_a="0.616667" m_b="0.000000" m_c="0.000000" m_d="0.588028" m_tx="-43.191666" m_ty="-65.705986"/>
  </frame>
  <frame idx="850" w="111" h="132" x="-6.749976" y="-35.250011">
   <element name="metals" layername="timeline_0" frame="1" z_index="2" m_a="0.616667" m_b="0.000000" m_c="0.000000" m_d="0.588028" m_tx="-43.191666" m_ty="-65.705986"/>
  </frame>
  <frame idx="875" w="111" h="132" x="-6.749976" y="-35.250011">
   <element name="metals" layername="timeline_0" frame="1" z_index="2" m_a="0.616667" m_b="0.000000" m_c="0.000000" m_d="0.588028" m_tx="-43.191666" m_ty="-65.705986"/>
  </frame>
  <frame idx="900" w="111" h="132" x="-6.749976" y="-35.250011">
   <element name="metals" layername="timeline_0" frame="1" z_index="2" m_a="0.616667" m_b="0.000000" m_c="0.000000" m_d="0.588028" m_tx="-43.191666" m_ty="-65.705986"/>
  </frame>
  <frame idx="925" w="111" h="132" x="-6.749976" y="-35.250011">
   <element name="metals" layername="timeline_0" frame="1" z_index="2" m_a="0.616667" m_b="0.000000" m_c="0.000000" m_d="0.588028" m_tx="-43.191666" m_ty="-65.705986"/>
  </frame>
  <frame idx="950" w="111" h="132" x="-6.749976" y="-35.250011">
   <element name="metals" layername="timeline_0" frame="1" z_index="2" m_a="0.616667" m_b="0.000000" m_c="0.000000" m_d="0.588028" m_tx="-43.191666" m_ty="-65.705986"/>
  </frame>
  <frame idx="975" w="111" h="132" x="-6.749976" y="-35.250011">
   <element name="metals" layername="timeline_0" frame="1" z_index="2" m_a="0.616667" m_b="0.000000" m_c="0.000000" m_d="0.588028" m_tx="-43.191666" m_ty="-65.705986"/>
  </frame>
 </anim>
 <anim name="idle" root="ore" numframes="1000" framerate="40">
  <frame idx="0" w="117" h="150" x="-2.749983" y="-36.749992">
   <element name="metals" layername="timeline_0" frame="0" z_index="2" m_a="0.819328" m_b="0.000000" m_c="0.000000" m_d="0.792373" m_tx="-41.090336" m_ty="-70.603813"/>
  </frame>
  <frame idx="25" w="117" h="150" x="-2.749983" y="-36.749992">
   <element name="metals" layername="timeline_0" frame="0" z_index="2" m_a="0.819328" m_b="0.000000" m_c="0.000000" m_d="0.792373" m_tx="-41.090336" m_ty="-70.603813"/>
  </frame>
  <frame idx="50" w="117" h="150" x="-2.749983" y="-36.749992">
   <element name="metals" layername="timeline_0" frame="0" z_index="2" m_a="0.819328" m_b="0.000000" m_c="0.000000" m_d="0.792373" m_tx="-41.090336" m_ty="-70.603813"/>
  </frame>
  <frame idx="75" w="117" h="150" x="-2.749983" y="-36.749992">
   <element name="metals" layername="timeline_0" frame="0" z_index="2" m_a="0.819328" m_b="0.000000" m_c="0.000000" m_d="0.792373" m_tx="-41.090336" m_ty="-70.603813"/>
  </frame>
  <frame idx="100" w="117" h="150" x="-2.749983" y="-36.749992">
   <element name="metals" layername="timeline_0" frame="0" z_index="2" m_a="0.819328" m_b="0.000000" m_c="0.000000" m_d="0.792373" m_tx="-41.090336" m_ty="-70.603813"/>
  </frame>
  <frame idx="125" w="117" h="150" x="-2.749983" y="-36.749992">
   <element name="metals" layername="timeline_0" frame="0" z_index="2" m_a="0.819328" m_b="0.000000" m_c="0.000000" m_d="0.792373" m_tx="-41.090336" m_ty="-70.603813"/>
  </frame>
  <frame idx="150" w="117" h="150" x="-2.749983" y="-36.749992">
   <element name="metals" layername="timeline_0" frame="0" z_index="2" m_a="0.819328" m_b="0.000000" m_c="0.000000" m_d="0.792373" m_tx="-41.090336" m_ty="-70.603813"/>
  </frame>
  <frame idx="175" w="117" h="150" x="-2.749983" y="-36.749992">
   <element name="metals" layername="timeline_0" frame="0" z_index="2" m_a="0.819328" m_b="0.000000" m_c="0.000000" m_d="0.792373" m_tx="-41.090336" m_ty="-70.603813"/>
  </frame>
  <frame idx="200" w="117" h="150" x="-2.749983" y="-36.749992">
   <element name="metals" layername="timeline_0" frame="0" z_index="2" m_a="0.819328" m_b="0.000000" m_c="0.000000" m_d="0.792373" m_tx="-41.090336" m_ty="-70.603813"/>
  </frame>
  <frame idx="225" w="117" h="150" x="-2.749983" y="-36.749992">
   <element name="metals" layername="timeline_0" frame="0" z_index="2" m_a="0.819328" m_b="0.000000" m_c="0.000000" m_d="0.792373" m_tx="-41.090336" m_ty="-70.603813"/>
  </frame>
  <frame idx="250" w="117" h="150" x="-2.749983" y="-36.749992">
   <element name="metals" layername="timeline_0" frame="0" z_index="2" m_a="0.819328" m_b="0.000000" m_c="0.000000" m_d="0.792373" m_tx="-41.090336" m_ty="-70.603813"/>
  </frame>
  <frame idx="275" w="117" h="150" x="-2.749983" y="-36.749992">
   <element name="metals" layername="timeline_0" frame="0" z_index="2" m_a="0.819328" m_b="0.000000" m_c="0.000000" m_d="0.792373" m_tx="-41.090336" m_ty="-70.603813"/>
  </frame>
  <frame idx="300" w="117" h="150" x="-2.749983" y="-36.749992">
   <element name="metals" layername="timeline_0" frame="0" z_index="2" m_a="0.819328" m_b="0.000000" m_c="0.000000" m_d="0.792373" m_tx="-41.090336" m_ty="-70.603813"/>
  </frame>
  <frame idx="325" w="117" h="150" x="-2.749983" y="-36.749992">
   <element name="metals" layername="timeline_0" frame="0" z_index="2" m_a="0.819328" m_b="0.000000" m_c="0.000000" m_d="0.792373" m_tx="-41.090336" m_ty="-70.603813"/>
  </frame>
  <frame idx="350" w="117" h="150" x="-2.749983" y="-36.749992">
   <element name="metals" layername="timeline_0" frame="0" z_index="2" m_a="0.819328" m_b="0.000000" m_c="0.000000" m_d="0.792373" m_tx="-41.090336" m_ty="-70.603813"/>
  </frame>
  <frame idx="375" w="117" h="150" x="-2.749983" y="-36.749992">
   <element name="metals" layername="timeline_0" frame="0" z_index="2" m_a="0.819328" m_b="0.000000" m_c="0.000000" m_d="0.792373" m_tx="-41.090336" m_ty="-70.603813"/>
  </frame>
  <frame idx="400" w="117" h="150" x="-2.749983" y="-36.749992">
   <element name="metals" layername="timeline_0" frame="0" z_index="2" m_a="0.819328" m_b="0.000000" m_c="0.000000" m_d="0.792373" m_tx="-41.090336" m_ty="-70.603813"/>
  </frame>
  <frame idx="425" w="117" h="150" x="-2.749983" y="-36.749992">
   <element name="metals" layername="timeline_0" frame="0" z_index="2" m_a="0.819328" m_b="0.000000" m_c="0.000000" m_d="0.792373" m_tx="-41.090336" m_ty="-70.603813"/>
  </frame>
  <frame idx="450" w="117" h="150" x="-2.749983" y="-36.749992">
   <element name="metals" layername="timeline_0" frame="0" z_index="2" m_a="0.819328" m_b="0.000000" m_c="0.000000" m_d="0.792373" m_tx="-41.090336" m_ty="-70.603813"/>
  </frame>
  <frame idx="475" w="117" h="150" x="-2.749983" y="-36.749992">
   <element name="metals" layername="timeline_0" frame="0" z_index="2" m_a="0.819328" m_b="0.000000" m_c="0.000000" m_d="0.792373" m_tx="-41.090336" m_ty="-70.603813"/>
  </frame>
  <frame idx="500" w="117" h="150" x="-2.749983" y="-36.749992">
   <element name="metals" layername="timeline_0" frame="0" z_index="2" m_a="0.819328" m_b="0.000000" m_c="0.000000" m_d="0.792373" m_tx="-41.090336" m_ty="-70.603813"/>
  </frame>
  <frame idx="525" w="117" h="150" x="-2.749983" y="-36.749992">
   <element name="metals" layername="timeline_0" frame="0" z_index="2" m_a="0.819328" m_b="0.000000" m_c="0.000000" m_d="0.792373" m_tx="-41.090336" m_ty="-70.603813"/>
  </frame>
  <frame idx="550" w="117" h="150" x="-2.749983" y="-36.749992">
   <element name="metals" layername="timeline_0" frame="0" z_index="2" m_a="0.819328" m_b="0.000000" m_c="0.000000" m_d="0.792373" m_tx="-41.090336" m_ty="-70.603813"/>
  </frame>
  <frame idx="575" w="117" h="150" x="-2.749983" y="-36.749992">
   <element name="metals" layername="timeline_0" frame="0" z_index="2" m_a="0.819328" m_b="0.000000" m_c="0.000000" m_d="0.792373" m_tx="-41.090336" m_ty="-70.603813"/>
  </frame>
  <frame idx="600" w="117" h="150" x="-2.749983" y="-36.749992">
   <element name="metals" layername="timeline_0" frame="0" z_index="2" m_a="0.819328" m_b="0.000000" m_c="0.000000" m_d="0.792373" m_tx="-41.090336" m_ty="-70.603813"/>
  </frame>
  <frame idx="625" w="117" h="150" x="-2.749983" y="-36.749992">
   <element name="metals" layername="timeline_0" frame="0" z_index="2" m_a="0.819328" m_b="0.000000" m_c="0.000000" m_d="0.792373" m_tx="-41.090336" m_ty="-70.603813"/>
  </frame>
  <frame idx="650" w="117" h="150" x="-2.749983" y="-36.749992">
   <element name="metals" layername="timeline_0" frame="0" z_index="2" m_a="0.819328" m_b="0.000000" m_c="0.000000" m_d="0.792373" m_tx="-41.090336" m_ty="-70.603813"/>
  </frame>
  <frame idx="675" w="117" h="150" x="-2.749983" y="-36.749992">
   <element name="metals" layername="timeline_0" frame="0" z_index="2" m_a="0.819328" m_b="0.000000" m_c="0.000000" m_d="0.792373" m_tx="-41.090336" m_ty="-70.603813"/>
  </frame>
  <frame idx="700" w="117" h="150" x="-2.749983" y="-36.749992">
   <element name="metals" layername="timeline_0" frame="0" z_index="2" m_a="0.819328" m_b="0.000000" m_c="0.000000" m_d="0.792373" m_tx="-41.090336" m_ty="-70.603813"/>
  </frame>
  <frame idx="725" w="117" h="150" x="-2.749983" y="-36.749992">
   <element name="metals" layername="timeline_0" frame="0" z_index="2" m_a="0.819328" m_b="0.000000" m_c="0.000000" m_d="0.792373" m_tx="-41.090336" m_ty="-70.603813"/>
  </frame>
  <frame idx="750" w="117" h="150" x="-2.749983" y="-36.749992">
   <element name="metals" layername="timeline_0" frame="0" z_index="2" m_a="0.819328" m_b="0.000000" m_c="0.000000" m_d="0.792373" m_tx="-41.090336" m_ty="-70.603813"/>
  </frame>
  <frame idx="775" w="117" h="150" x="-2.749983" y="-36.749992">
   <element name="metals" layername="timeline_0" frame="0" z_index="2" m_a="0.819328" m_b="0.000000" m_c="0.000000" m_d="0.792373" m_tx="-41.090336" m_ty="-70.603813"/>
  </frame>
  <frame idx="800" w="117" h="150" x="-2.749983" y="-36.749992">
   <element name="metals" layername="timeline_0" frame="0" z_index="2" m_a="0.819328" m_b="0.000000" m_c="0.000000" m_d="0.792373" m_tx="-41.090336" m_ty="-70.603813"/>
  </frame>
  <frame idx="825" w="117" h="150" x="-2.749983" y="-36.749992">
   <element name="metals" layername="timeline_0" frame="0" z_index="2" m_a="0.819328" m_b="0.000000" m_c="0.000000" m_d="0.792373" m_tx="-41.090336" m_ty="-70.603813"/>
  </frame>
  <frame idx="850" w="117" h="150" x="-2.749983" y="-36.749992">
   <element name="metals" layername="timeline_0" frame="0" z_index="2" m_a="0.819328" m_b="0.000000" m_c="0.000000" m_d="0.792373" m_tx="-41.090336" m_ty="-70.603813"/>
  </frame>
  <frame idx="875" w="117" h="150" x="-2.749983" y="-36.749992">
   <element name="metals" layername="timeline_0" frame="0" z_index="2" m_a="0.819328" m_b="0.000000" m_c="0.000000" m_d="0.792373" m_tx="-41.090336" m_ty="-70.603813"/>
  </frame>
  <frame idx="900" w="117" h="150" x="-2.749983" y="-36.749992">
   <element name="metals" layername="timeline_0" frame="0" z_index="2" m_a="0.819328" m_b="0.000000" m_c="0.000000" m_d="0.792373" m_tx="-41.090336" m_ty="-70.603813"/>
  </frame>
  <frame idx="925" w="117" h="150" x="-2.749983" y="-36.749992">
   <element name="metals" layername="timeline_0" frame="0" z_index="2" m_a="0.819328" m_b="0.000000" m_c="0.000000" m_d="0.792373" m_tx="-41.090336" m_ty="-70.603813"/>
  </frame>
  <frame idx="950" w="117" h="150" x="-2.749983" y="-36.749992">
   <element name="metals" layername="timeline_0" frame="0" z_index="2" m_a="0.819328" m_b="0.000000" m_c="0.000000" m_d="0.792373" m_tx="-41.090336" m_ty="-70.603813"/>
  </frame>
  <frame idx="975" w="117" h="150" x="-2.749983" y="-36.749992">
   <element name="metals" layername="timeline_0" frame="0" z_index="2" m_a="0.819328" m_b="0.000000" m_c="0.000000" m_d="0.792373" m_tx="-41.090336" m_ty="-70.603813"/>
  </frame>
 </anim>
</Anims>
