<Anims>
 <anim name="idle" root="wboom" numframes="1000" framerate="40">
  <frame idx="0" w="223" h="171" x="-17.220013" y="-44.479656">
   <element name="wboom" layername="timeline_0" frame="0" z_index="2" m_a="0.100000" m_b="0.000000" m_c="0.000000" m_d="0.100000" m_tx="5.378041" m_ty="-27.731731"/>
  </frame>
  <frame idx="25" w="223" h="171" x="-17.220013" y="-44.479656">
   <element name="wboom" layername="timeline_0" frame="0" z_index="2" m_a="0.100000" m_b="0.000000" m_c="0.000000" m_d="0.100000" m_tx="5.378041" m_ty="-27.731731"/>
  </frame>
  <frame idx="50" w="223" h="171" x="-17.220013" y="-44.479656">
   <element name="wboom" layername="timeline_0" frame="0" z_index="2" m_a="0.100000" m_b="0.000000" m_c="0.000000" m_d="0.100000" m_tx="5.378041" m_ty="-27.731731"/>
  </frame>
  <frame idx="75" w="223" h="171" x="-17.220013" y="-44.479656">
   <element name="wboom" layername="timeline_0" frame="0" z_index="2" m_a="0.100000" m_b="0.000000" m_c="0.000000" m_d="0.100000" m_tx="5.378041" m_ty="-27.731731"/>
  </frame>
  <frame idx="100" w="223" h="171" x="-17.220013" y="-44.479656">
   <element name="wboom" layername="timeline_0" frame="0" z_index="2" m_a="0.100000" m_b="0.000000" m_c="0.000000" m_d="0.100000" m_tx="5.378041" m_ty="-27.731731"/>
  </frame>
  <frame idx="125" w="223" h="171" x="-17.220013" y="-44.479656">
   <element name="wboom" layername="timeline_0" frame="0" z_index="2" m_a="0.100000" m_b="0.000000" m_c="0.000000" m_d="0.100000" m_tx="5.378041" m_ty="-27.731731"/>
  </frame>
  <frame idx="150" w="223" h="171" x="-17.220013" y="-44.479656">
   <element name="wboom" layername="timeline_0" frame="0" z_index="2" m_a="0.100000" m_b="0.000000" m_c="0.000000" m_d="0.100000" m_tx="5.378041" m_ty="-27.731731"/>
  </frame>
  <frame idx="175" w="223" h="171" x="-17.220013" y="-44.479656">
   <element name="wboom" layername="timeline_0" frame="0" z_index="2" m_a="0.100000" m_b="0.000000" m_c="0.000000" m_d="0.100000" m_tx="5.378041" m_ty="-27.731731"/>
  </frame>
  <frame idx="200" w="223" h="171" x="-17.220013" y="-44.479656">
   <element name="wboom" layername="timeline_0" frame="0" z_index="2" m_a="0.100000" m_b="0.000000" m_c="0.000000" m_d="0.100000" m_tx="5.378041" m_ty="-27.731731"/>
  </frame>
  <frame idx="225" w="223" h="171" x="-17.220013" y="-44.479656">
   <element name="wboom" layername="timeline_0" frame="0" z_index="2" m_a="0.100000" m_b="0.000000" m_c="0.000000" m_d="0.100000" m_tx="5.378041" m_ty="-27.731731"/>
  </frame>
  <frame idx="250" w="223" h="171" x="-17.220013" y="-44.479656">
   <element name="wboom" layername="timeline_0" frame="0" z_index="2" m_a="0.100000" m_b="0.000000" m_c="0.000000" m_d="0.100000" m_tx="5.378041" m_ty="-27.731731"/>
  </frame>
  <frame idx="275" w="223" h="171" x="-17.220013" y="-44.479656">
   <element name="wboom" layername="timeline_0" frame="0" z_index="2" m_a="0.100000" m_b="0.000000" m_c="0.000000" m_d="0.100000" m_tx="5.378041" m_ty="-27.731731"/>
  </frame>
  <frame idx="300" w="223" h="171" x="-17.220013" y="-44.479656">
   <element name="wboom" layername="timeline_0" frame="0" z_index="2" m_a="0.100000" m_b="0.000000" m_c="0.000000" m_d="0.100000" m_tx="5.378041" m_ty="-27.731731"/>
  </frame>
  <frame idx="325" w="223" h="171" x="-17.220013" y="-44.479656">
   <element name="wboom" layername="timeline_0" frame="0" z_index="2" m_a="0.100000" m_b="0.000000" m_c="0.000000" m_d="0.100000" m_tx="5.378041" m_ty="-27.731731"/>
  </frame>
  <frame idx="350" w="223" h="171" x="-17.220013" y="-44.479656">
   <element name="wboom" layername="timeline_0" frame="0" z_index="2" m_a="0.100000" m_b="0.000000" m_c="0.000000" m_d="0.100000" m_tx="5.378041" m_ty="-27.731731"/>
  </frame>
  <frame idx="375" w="223" h="171" x="-17.220013" y="-44.479656">
   <element name="wboom" layername="timeline_0" frame="0" z_index="2" m_a="0.100000" m_b="0.000000" m_c="0.000000" m_d="0.100000" m_tx="5.378041" m_ty="-27.731731"/>
  </frame>
  <frame idx="400" w="223" h="171" x="-17.220013" y="-44.479656">
   <element name="wboom" layername="timeline_0" frame="0" z_index="2" m_a="0.100000" m_b="0.000000" m_c="0.000000" m_d="0.100000" m_tx="5.378041" m_ty="-27.731731"/>
  </frame>
  <frame idx="425" w="223" h="171" x="-17.220013" y="-44.479656">
   <element name="wboom" layername="timeline_0" frame="0" z_index="2" m_a="0.100000" m_b="0.000000" m_c="0.000000" m_d="0.100000" m_tx="5.378041" m_ty="-27.731731"/>
  </frame>
  <frame idx="450" w="223" h="171" x="-17.220013" y="-44.479656">
   <element name="wboom" layername="timeline_0" frame="0" z_index="2" m_a="0.100000" m_b="0.000000" m_c="0.000000" m_d="0.100000" m_tx="5.378041" m_ty="-27.731731"/>
  </frame>
  <frame idx="475" w="223" h="171" x="-17.220013" y="-44.479656">
   <element name="wboom" layername="timeline_0" frame="0" z_index="2" m_a="0.100000" m_b="0.000000" m_c="0.000000" m_d="0.100000" m_tx="5.378041" m_ty="-27.731731"/>
  </frame>
  <frame idx="500" w="223" h="171" x="-17.220013" y="-44.479656">
   <element name="wboom" layername="timeline_0" frame="0" z_index="2" m_a="0.100000" m_b="0.000000" m_c="0.000000" m_d="0.100000" m_tx="5.378041" m_ty="-27.731731"/>
  </frame>
  <frame idx="525" w="223" h="171" x="-17.220013" y="-44.479656">
   <element name="wboom" layername="timeline_0" frame="0" z_index="2" m_a="0.100000" m_b="0.000000" m_c="0.000000" m_d="0.100000" m_tx="5.378041" m_ty="-27.731731"/>
  </frame>
  <frame idx="550" w="223" h="171" x="-17.220013" y="-44.479656">
   <element name="wboom" layername="timeline_0" frame="0" z_index="2" m_a="0.100000" m_b="0.000000" m_c="0.000000" m_d="0.100000" m_tx="5.378041" m_ty="-27.731731"/>
  </frame>
  <frame idx="575" w="223" h="171" x="-17.220013" y="-44.479656">
   <element name="wboom" layername="timeline_0" frame="0" z_index="2" m_a="0.100000" m_b="0.000000" m_c="0.000000" m_d="0.100000" m_tx="5.378041" m_ty="-27.731731"/>
  </frame>
  <frame idx="600" w="223" h="171" x="-17.220013" y="-44.479656">
   <element name="wboom" layername="timeline_0" frame="0" z_index="2" m_a="0.100000" m_b="0.000000" m_c="0.000000" m_d="0.100000" m_tx="5.378041" m_ty="-27.731731"/>
  </frame>
  <frame idx="625" w="223" h="171" x="-17.220013" y="-44.479656">
   <element name="wboom" layername="timeline_0" frame="0" z_index="2" m_a="0.100000" m_b="0.000000" m_c="0.000000" m_d="0.100000" m_tx="5.378041" m_ty="-27.731731"/>
  </frame>
  <frame idx="650" w="223" h="171" x="-17.220013" y="-44.479656">
   <element name="wboom" layername="timeline_0" frame="0" z_index="2" m_a="0.100000" m_b="0.000000" m_c="0.000000" m_d="0.100000" m_tx="5.378041" m_ty="-27.731731"/>
  </frame>
  <frame idx="675" w="223" h="171" x="-17.220013" y="-44.479656">
   <element name="wboom" layername="timeline_0" frame="0" z_index="2" m_a="0.100000" m_b="0.000000" m_c="0.000000" m_d="0.100000" m_tx="5.378041" m_ty="-27.731731"/>
  </frame>
  <frame idx="700" w="223" h="171" x="-17.220013" y="-44.479656">
   <element name="wboom" layername="timeline_0" frame="0" z_index="2" m_a="0.100000" m_b="0.000000" m_c="0.000000" m_d="0.100000" m_tx="5.378041" m_ty="-27.731731"/>
  </frame>
  <frame idx="725" w="223" h="171" x="-17.220013" y="-44.479656">
   <element name="wboom" layername="timeline_0" frame="0" z_index="2" m_a="0.100000" m_b="0.000000" m_c="0.000000" m_d="0.100000" m_tx="5.378041" m_ty="-27.731731"/>
  </frame>
  <frame idx="750" w="223" h="171" x="-17.220013" y="-44.479656">
   <element name="wboom" layername="timeline_0" frame="0" z_index="2" m_a="0.100000" m_b="0.000000" m_c="0.000000" m_d="0.100000" m_tx="5.378041" m_ty="-27.731731"/>
  </frame>
  <frame idx="775" w="223" h="171" x="-17.220013" y="-44.479656">
   <element name="wboom" layername="timeline_0" frame="0" z_index="2" m_a="0.100000" m_b="0.000000" m_c="0.000000" m_d="0.100000" m_tx="5.378041" m_ty="-27.731731"/>
  </frame>
  <frame idx="800" w="223" h="171" x="-17.220013" y="-44.479656">
   <element name="wboom" layername="timeline_0" frame="0" z_index="2" m_a="0.100000" m_b="0.000000" m_c="0.000000" m_d="0.100000" m_tx="5.378041" m_ty="-27.731731"/>
  </frame>
  <frame idx="825" w="223" h="171" x="-17.220013" y="-44.479656">
   <element name="wboom" layername="timeline_0" frame="0" z_index="2" m_a="0.100000" m_b="0.000000" m_c="0.000000" m_d="0.100000" m_tx="5.378041" m_ty="-27.731731"/>
  </frame>
  <frame idx="850" w="223" h="171" x="-17.220013" y="-44.479656">
   <element name="wboom" layername="timeline_0" frame="0" z_index="2" m_a="0.100000" m_b="0.000000" m_c="0.000000" m_d="0.100000" m_tx="5.378041" m_ty="-27.731731"/>
  </frame>
  <frame idx="875" w="223" h="171" x="-17.220013" y="-44.479656">
   <element name="wboom" layername="timeline_0" frame="0" z_index="2" m_a="0.100000" m_b="0.000000" m_c="0.000000" m_d="0.100000" m_tx="5.378041" m_ty="-27.731731"/>
  </frame>
  <frame idx="900" w="223" h="171" x="-17.220013" y="-44.479656">
   <element name="wboom" layername="timeline_0" frame="0" z_index="2" m_a="0.100000" m_b="0.000000" m_c="0.000000" m_d="0.100000" m_tx="5.378041" m_ty="-27.731731"/>
  </frame>
  <frame idx="925" w="223" h="171" x="-17.220013" y="-44.479656">
   <element name="wboom" layername="timeline_0" frame="0" z_index="2" m_a="0.100000" m_b="0.000000" m_c="0.000000" m_d="0.100000" m_tx="5.378041" m_ty="-27.731731"/>
  </frame>
  <frame idx="950" w="223" h="171" x="-17.220013" y="-44.479656">
   <element name="wboom" layername="timeline_0" frame="0" z_index="2" m_a="0.100000" m_b="0.000000" m_c="0.000000" m_d="0.100000" m_tx="5.378041" m_ty="-27.731731"/>
  </frame>
  <frame idx="975" w="223" h="171" x="-17.220013" y="-44.479656">
   <element name="wboom" layername="timeline_0" frame="0" z_index="2" m_a="0.100000" m_b="0.000000" m_c="0.000000" m_d="0.100000" m_tx="5.378041" m_ty="-27.731731"/>
  </frame>
 </anim>
 <anim name="spin_loop" root="wboom" numframes="1000" framerate="40">
  <frame idx="0" w="445" h="261" x="-44.696106" y="-26.495850">
   <element name="wboom" layername="timeline_0" frame="0" z_index="2" m_a="0.200000" m_b="0.000000" m_c="0.000000" m_d="0.200000" m_tx="0.000000" m_ty="0.000000"/>
  </frame>
  <frame idx="25" w="481" h="185" x="-48.310818" y="-18.814779">
   <element name="wboom" layername="timeline_0" frame="0" z_index="2" m_a="0.197538" m_b="-0.031287" m_c="0.031287" m_d="0.197538" m_tx="0.000000" m_ty="0.000000"/>
  </frame>
  <frame idx="50" w="505" h="106" x="-50.733200" y="-11.052088">
   <element name="wboom" layername="timeline_0" frame="0" z_index="2" m_a="0.190211" m_b="-0.061803" m_c="0.061803" m_d="0.190211" m_tx="0.000000" m_ty="0.000000"/>
  </frame>
  <frame idx="75" w="515" h="24" x="-51.452850" y="-2.738867">
   <element name="wboom" layername="timeline_0" frame="0" z_index="2" m_a="0.178201" m_b="-0.090798" m_c="0.090798" m_d="0.178201" m_tx="0.000000" m_ty="0.000000"/>
  </frame>
  <frame idx="100" w="514" h="61" x="-51.464367" y="-54.035061">
   <element name="wboom" layername="timeline_0" frame="0" z_index="2" m_a="0.161803" m_b="-0.117557" m_c="0.117557" m_d="0.161803" m_tx="0.000000" m_ty="0.000000"/>
  </frame>
  <frame idx="125" w="501" h="141" x="-50.267464" y="-126.757751">
   <element name="wboom" layername="timeline_0" frame="0" z_index="2" m_a="0.141421" m_b="-0.141421" m_c="0.141421" m_d="0.141421" m_tx="0.000000" m_ty="0.000000"/>
  </frame>
  <frame idx="150" w="475" h="219" x="-47.866982" y="-196.654724">
   <element name="wboom" layername="timeline_0" frame="0" z_index="2" m_a="0.117557" m_b="-0.161803" m_c="0.161803" m_d="0.117557" m_tx="0.000000" m_ty="0.000000"/>
  </frame>
  <frame idx="175" w="436" h="291" x="-43.772797" y="-261.664886">
   <element name="wboom" layername="timeline_0" frame="0" z_index="2" m_a="0.090798" m_b="-0.178201" m_c="0.178201" m_d="0.090798" m_tx="0.000000" m_ty="0.000000"/>
  </frame>
  <frame idx="200" w="388" h="356" x="-38.999527" y="-320.335297">
   <element name="wboom" layername="timeline_0" frame="0" z_index="2" m_a="0.061803" m_b="-0.190211" m_c="0.190211" m_d="0.061803" m_tx="0.000000" m_ty="0.000000"/>
  </frame>
  <frame idx="225" w="330" h="412" x="-33.066216" y="-370.856720">
   <element name="wboom" layername="timeline_0" frame="0" z_index="2" m_a="0.031287" m_b="-0.197538" m_c="0.197538" m_d="0.031287" m_tx="0.000000" m_ty="0.000000"/>
  </frame>
  <frame idx="250" w="263" h="459" x="-26.495850" y="-412.595856">
   <element name="wboom" layername="timeline_0" frame="0" z_index="2" m_a="-0.000000" m_b="-0.200000" m_c="0.200000" m_d="-0.000000" m_tx="0.000000" m_ty="0.000000"/>
  </frame>
  <frame idx="275" w="191" h="494" x="-19.314779" y="-444.123535">
   <element name="wboom" layername="timeline_0" frame="0" z_index="2" m_a="-0.031287" m_b="-0.197538" m_c="0.197538" m_d="-0.031287" m_tx="0.000000" m_ty="0.000000"/>
  </frame>
  <frame idx="300" w="115" h="516" x="-12.052087" y="-464.237305">
   <element name="wboom" layername="timeline_0" frame="0" z_index="2" m_a="-0.061803" m_b="-0.190211" m_c="0.190211" m_d="-0.061803" m_tx="0.000000" m_ty="0.000000"/>
  </frame>
  <frame idx="325" w="34" h="526" x="-3.738869" y="-473.478790">
   <element name="wboom" layername="timeline_0" frame="0" z_index="2" m_a="-0.090798" m_b="-0.178201" m_c="0.178201" m_d="-0.090798" m_tx="0.000000" m_ty="0.000000"/>
  </frame>
  <frame idx="350" w="50" h="524" x="-43.978134" y="-471.145111">
   <element name="wboom" layername="timeline_0" frame="0" z_index="2" m_a="-0.117557" m_b="-0.161803" m_c="0.161803" m_d="-0.117557" m_tx="0.000000" m_ty="0.000000"/>
  </frame>
  <frame idx="375" w="129" h="508" x="-115.580917" y="-456.793701">
   <element name="wboom" layername="timeline_0" frame="0" z_index="2" m_a="-0.141421" m_b="-0.141421" m_c="0.141421" m_d="-0.141421" m_tx="0.000000" m_ty="0.000000"/>
  </frame>
  <frame idx="400" w="206" h="481" x="-184.608566" y="-431.740967">
   <element name="wboom" layername="timeline_0" frame="0" z_index="2" m_a="-0.161803" m_b="-0.117557" m_c="0.117557" m_d="-0.161803" m_tx="0.000000" m_ty="0.000000"/>
  </frame>
  <frame idx="425" w="276" h="440" x="-248.521439" y="-395.554565">
   <element name="wboom" layername="timeline_0" frame="0" z_index="2" m_a="-0.178201" m_b="-0.090798" m_c="0.090798" m_d="-0.178201" m_tx="0.000000" m_ty="0.000000"/>
  </frame>
  <frame idx="450" w="341" h="389" x="-306.881226" y="-349.539398">
   <element name="wboom" layername="timeline_0" frame="0" z_index="2" m_a="-0.190211" m_b="-0.061803" m_c="0.061803" m_d="-0.190211" m_tx="0.000000" m_ty="0.000000"/>
  </frame>
  <frame idx="475" w="398" h="329" x="-357.886261" y="-295.217712">
   <element name="wboom" layername="timeline_0" frame="0" z_index="2" m_a="-0.197538" m_b="-0.031287" m_c="0.031287" m_d="-0.197538" m_tx="0.000000" m_ty="0.000000"/>
  </frame>
  <frame idx="500" w="445" h="261" x="-399.903931" y="-233.803864">
   <element name="wboom" layername="timeline_0" frame="0" z_index="2" m_a="-0.200000" m_b="0.000000" m_c="-0.000000" m_d="-0.200000" m_tx="0.000000" m_ty="0.000000"/>
  </frame>
  <frame idx="525" w="481" h="186" x="-431.900787" y="-166.426651">
   <element name="wboom" layername="timeline_0" frame="0" z_index="2" m_a="-0.197557" m_b="0.031163" m_c="-0.031163" m_d="-0.197557" m_tx="0.000000" m_ty="0.000000"/>
  </frame>
  <frame idx="550" w="505" h="107" x="-453.336548" y="-95.362595">
   <element name="wboom" layername="timeline_0" frame="0" z_index="2" m_a="-0.190288" m_b="0.061565" m_c="-0.061565" m_d="-0.190288" m_tx="0.000000" m_ty="0.000000"/>
  </frame>
  <frame idx="575" w="515" h="26" x="-463.236420" y="-22.189022">
   <element name="wboom" layername="timeline_0" frame="0" z_index="2" m_a="-0.178371" m_b="0.090463" m_c="-0.090463" m_d="-0.178371" m_tx="0.000000" m_ty="0.000000"/>
  </frame>
  <frame idx="600" w="514" h="59" x="-462.370789" y="-5.571356">
   <element name="wboom" layername="timeline_0" frame="0" z_index="2" m_a="-0.162097" m_b="0.117152" m_c="-0.117152" m_d="-0.162097" m_tx="0.000000" m_ty="0.000000"/>
  </frame>
  <frame idx="625" w="501" h="140" x="-450.260834" y="-13.883492">
   <element name="wboom" layername="timeline_0" frame="0" z_index="2" m_a="-0.141863" m_b="0.140978" m_c="-0.140978" m_d="-0.141863" m_tx="0.000000" m_ty="0.000000"/>
  </frame>
  <frame idx="650" w="476" h="217" x="-427.177887" y="-21.649616">
   <element name="wboom" layername="timeline_0" frame="0" z_index="2" m_a="-0.118164" m_b="0.161361" m_c="-0.161361" m_d="-0.118164" m_tx="0.000000" m_ty="0.000000"/>
  </frame>
  <frame idx="675" w="437" h="288" x="-393.136993" y="-28.338804">
   <element name="wboom" layername="timeline_0" frame="0" z_index="2" m_a="-0.091578" m_b="0.177802" m_c="-0.177802" m_d="-0.091578" m_tx="0.000000" m_ty="0.000000"/>
  </frame>
  <frame idx="700" w="389" h="354" x="-349.884247" y="-34.922001">
   <element name="wboom" layername="timeline_0" frame="0" z_index="2" m_a="-0.062755" m_b="0.189900" m_c="-0.189900" m_d="-0.062755" m_tx="0.000000" m_ty="0.000000"/>
  </frame>
  <frame idx="725" w="332" h="411" x="-298.378540" y="-40.872749">
   <element name="wboom" layername="timeline_0" frame="0" z_index="2" m_a="-0.032399" m_b="0.197358" m_c="-0.197358" m_d="-0.032399" m_tx="0.000000" m_ty="0.000000"/>
  </frame>
  <frame idx="750" w="267" h="457" x="-239.267853" y="-45.667831">
   <element name="wboom" layername="timeline_0" frame="0" z_index="2" m_a="-0.001252" m_b="0.199996" m_c="-0.199996" m_d="-0.001252" m_tx="0.000000" m_ty="0.000000"/>
  </frame>
  <frame idx="775" w="194" h="493" x="-173.890869" y="-49.291870">
   <element name="wboom" layername="timeline_0" frame="0" z_index="2" m_a="0.030165" m_b="0.197712" m_c="-0.197712" m_d="0.030165" m_tx="0.000000" m_ty="0.000000"/>
  </frame>
  <frame idx="800" w="117" h="516" x="-104.089394" y="-51.222736">
   <element name="wboom" layername="timeline_0" frame="0" z_index="2" m_a="0.060843" m_b="0.190521" m_c="-0.190521" m_d="0.060843" m_tx="0.000000" m_ty="0.000000"/>
  </frame>
  <frame idx="825" w="36" h="526" x="-31.452307" y="-52.449505">
   <element name="wboom" layername="timeline_0" frame="0" z_index="2" m_a="0.090010" m_b="0.178601" m_c="-0.178601" m_d="0.090010" m_tx="0.000000" m_ty="0.000000"/>
  </frame>
  <frame idx="850" w="47" h="524" x="-4.560505" y="-52.466549">
   <element name="wboom" layername="timeline_0" frame="0" z_index="2" m_a="0.116944" m_b="0.162247" m_c="-0.162247" m_d="0.116944" m_tx="0.000000" m_ty="0.000000"/>
  </frame>
  <frame idx="875" w="128" h="508" x="-12.883286" y="-50.773441">
   <element name="wboom" layername="timeline_0" frame="0" z_index="2" m_a="0.140975" m_b="0.141867" m_c="-0.141867" m_d="0.140975" m_tx="0.000000" m_ty="0.000000"/>
  </frame>
  <frame idx="900" w="205" h="481" x="-20.659315" y="-48.374981">
   <element name="wboom" layername="timeline_0" frame="0" z_index="2" m_a="0.161506" m_b="0.117965" m_c="-0.117965" m_d="0.161506" m_tx="0.000000" m_ty="0.000000"/>
  </frame>
  <frame idx="925" w="276" h="441" x="-27.356936" y="-44.281052">
   <element name="wboom" layername="timeline_0" frame="0" z_index="2" m_a="0.178029" m_b="0.091135" m_c="-0.091135" m_d="0.178029" m_tx="0.000000" m_ty="0.000000"/>
  </frame>
  <frame idx="950" w="341" h="389" x="-33.946404" y="-39.006401">
   <element name="wboom" layername="timeline_0" frame="0" z_index="2" m_a="0.190133" m_b="0.062043" m_c="-0.062043" m_d="0.190133" m_tx="0.000000" m_ty="0.000000"/>
  </frame>
  <frame idx="975" w="398" h="329" x="-39.900696" y="-33.070251">
   <element name="wboom" layername="timeline_0" frame="0" z_index="2" m_a="0.197518" m_b="0.031411" m_c="-0.031411" m_d="0.197518" m_tx="0.000000" m_ty="0.000000"/>
  </frame>
 </anim>
</Anims>
