<Anims>
 <anim name="idle" root="spam" numframes="1000" framerate="40">
  <frame idx="0" w="451" h="1010" x="-88.093430" y="-455.626709">
   <element name="spam" layername="timeline_0" frame="0" z_index="9" m_a="0.984866" m_b="0.173315" m_c="-0.173315" m_d="0.984866" m_tx="4.290679" m_ty="-83.003014"/>
   <element name="spam" layername="timeline_1" frame="1" z_index="10" m_a="1.000000" m_b="0.000000" m_c="0.000000" m_d="1.000000" m_tx="-162.833328" m_ty="-466.777771"/>
   <element name="spam" layername="timeline_2" frame="6" z_index="8" m_a="1.071770" m_b="0.588263" m_c="-0.706226" m_d="1.286691" m_tx="14.739676" m_ty="-425.887329"/>
   <element name="spam" layername="timeline_3" frame="3" z_index="7" m_a="0.876633" m_b="0.481158" m_c="-0.481158" m_d="0.876634" m_tx="-59.515621" m_ty="-339.554504"/>
   <element name="spam" layername="timeline_4" frame="4" z_index="6" m_a="1.000000" m_b="0.000000" m_c="0.000000" m_d="1.000000" m_tx="1.529842" m_ty="-113.490921"/>
  </frame>
  <frame idx="25" w="446" h="1009" x="-83.560837" y="-454.881989">
   <element name="spam" layername="timeline_0" frame="0" z_index="9" m_a="0.986828" m_b="0.161770" m_c="-0.161770" m_d="0.986828" m_tx="4.026927" m_ty="-83.499352"/>
   <element name="spam" layername="timeline_1" frame="1" z_index="10" m_a="1.000000" m_b="0.000000" m_c="0.000000" m_d="1.000000" m_tx="-162.934921" m_ty="-467.173218"/>
   <element name="spam" layername="timeline_2" frame="6" z_index="8" m_a="1.091059" m_b="0.551667" m_c="-0.662291" m_d="1.309847" m_tx="14.426077" m_ty="-426.098846"/>
   <element name="spam" layername="timeline_3" frame="3" z_index="7" m_a="0.847603" m_b="0.530631" m_c="-0.530631" m_d="0.847603" m_tx="-53.830166" m_ty="-337.935455"/>
   <element name="spam" layername="timeline_4" frame="4" z_index="6" m_a="1.000000" m_b="0.000000" m_c="0.000000" m_d="1.000000" m_tx="1.428249" m_ty="-113.886383"/>
  </frame>
  <frame idx="50" w="441" h="1009" x="-78.958969" y="-454.174896">
   <element name="spam" layername="timeline_0" frame="0" z_index="9" m_a="0.988655" m_b="0.150205" m_c="-0.150205" m_d="0.988655" m_tx="3.763176" m_ty="-83.995697"/>
   <element name="spam" layername="timeline_1" frame="1" z_index="10" m_a="1.000000" m_b="0.000000" m_c="0.000000" m_d="1.000000" m_tx="-163.036514" m_ty="-467.568695"/>
   <element name="spam" layername="timeline_2" frame="6" z_index="8" m_a="1.109098" m_b="0.514438" m_c="-0.617598" m_d="1.331503" m_tx="14.110250" m_ty="-426.284180"/>
   <element name="spam" layername="timeline_3" frame="3" z_index="7" m_a="0.815784" m_b="0.578356" m_c="-0.578357" m_d="0.815784" m_tx="-48.049892" m_ty="-336.355011"/>
   <element name="spam" layername="timeline_4" frame="4" z_index="6" m_a="1.000000" m_b="0.000000" m_c="0.000000" m_d="1.000000" m_tx="1.326655" m_ty="-114.281845"/>
  </frame>
  <frame idx="75" w="436" h="1007" x="-74.292511" y="-453.006409">
   <element name="spam" layername="timeline_0" frame="0" z_index="9" m_a="0.990346" m_b="0.138619" m_c="-0.138619" m_d="0.990346" m_tx="3.499425" m_ty="-84.492035"/>
   <element name="spam" layername="timeline_1" frame="1" z_index="10" m_a="1.000000" m_b="0.000000" m_c="0.000000" m_d="1.000000" m_tx="-163.138107" m_ty="-467.964142"/>
   <element name="spam" layername="timeline_2" frame="6" z_index="8" m_a="1.125867" m_b="0.476622" m_c="-0.572198" m_d="1.351635" m_tx="13.793594" m_ty="-426.443329"/>
   <element name="spam" layername="timeline_3" frame="3" z_index="7" m_a="0.781280" m_b="0.624180" m_c="-0.624180" m_d="0.781280" m_tx="-42.184971" m_ty="-334.814911"/>
   <element name="spam" layername="timeline_4" frame="4" z_index="6" m_a="1.000000" m_b="0.000000" m_c="0.000000" m_d="1.000000" m_tx="1.225061" m_ty="-114.677307"/>
  </frame>
  <frame idx="100" w="430" h="1006" x="-69.566071" y="-452.377411">
   <element name="spam" layername="timeline_0" frame="0" z_index="9" m_a="0.991901" m_b="0.127013" m_c="-0.127013" m_d="0.991901" m_tx="3.235674" m_ty="-84.988373"/>
   <element name="spam" layername="timeline_1" frame="1" z_index="10" m_a="1.000000" m_b="0.000000" m_c="0.000000" m_d="1.000000" m_tx="-163.239700" m_ty="-468.359619"/>
   <element name="spam" layername="timeline_2" frame="6" z_index="8" m_a="1.141347" m_b="0.438259" m_c="-0.526142" m_d="1.370220" m_tx="13.477509" m_ty="-426.576202"/>
   <element name="spam" layername="timeline_3" frame="3" z_index="7" m_a="0.744206" m_b="0.667950" m_c="-0.667950" m_d="0.744206" m_tx="-36.245625" m_ty="-333.316498"/>
   <element name="spam" layername="timeline_4" frame="4" z_index="6" m_a="1.000000" m_b="0.000000" m_c="0.000000" m_d="1.000000" m_tx="1.123468" m_ty="-115.072762"/>
  </frame>
  <frame idx="125" w="425" h="1005" x="-64.784393" y="-451.789032">
   <element name="spam" layername="timeline_0" frame="0" z_index="9" m_a="0.993320" m_b="0.115390" m_c="-0.115390" m_d="0.993320" m_tx="2.971923" m_ty="-85.484718"/>
   <element name="spam" layername="timeline_1" frame="1" z_index="10" m_a="1.000000" m_b="0.000000" m_c="0.000000" m_d="1.000000" m_tx="-163.341293" m_ty="-468.755066"/>
   <element name="spam" layername="timeline_2" frame="6" z_index="8" m_a="1.155521" m_b="0.399395" m_c="-0.479485" m_d="1.387235" m_tx="13.163389" m_ty="-426.683044"/>
   <element name="spam" layername="timeline_3" frame="3" z_index="7" m_a="0.704683" m_b="0.709522" m_c="-0.709522" m_d="0.704683" m_tx="-30.242216" m_ty="-331.861755"/>
   <element name="spam" layername="timeline_4" frame="4" z_index="6" m_a="1.000000" m_b="0.000000" m_c="0.000000" m_d="1.000000" m_tx="1.021874" m_ty="-115.468224"/>
  </frame>
  <frame idx="150" w="422" h="1005" x="-61.986370" y="-451.242004">
   <element name="spam" layername="timeline_0" frame="0" z_index="9" m_a="0.994603" m_b="0.103752" m_c="-0.103752" m_d="0.994603" m_tx="2.708171" m_ty="-85.981056"/>
   <element name="spam" layername="timeline_1" frame="1" z_index="10" m_a="1.000000" m_b="0.000000" m_c="0.000000" m_d="1.000000" m_tx="-163.442886" m_ty="-469.150543"/>
   <element name="spam" layername="timeline_2" frame="6" z_index="8" m_a="1.168372" m_b="0.360074" m_c="-0.432278" m_d="1.402663" m_tx="12.852626" m_ty="-426.763855"/>
   <element name="spam" layername="timeline_3" frame="3" z_index="7" m_a="0.662841" m_b="0.748759" m_c="-0.748760" m_d="0.662842" m_tx="-24.185177" m_ty="-330.452484"/>
   <element name="spam" layername="timeline_4" frame="4" z_index="6" m_a="1.000000" m_b="0.000000" m_c="0.000000" m_d="1.000000" m_tx="0.920281" m_ty="-115.863686"/>
  </frame>
  <frame idx="175" w="421" h="1004" x="-61.053329" y="-450.737427">
   <element name="spam" layername="timeline_0" frame="0" z_index="9" m_a="0.995750" m_b="0.092099" m_c="-0.092099" m_d="0.995750" m_tx="2.444420" m_ty="-86.477402"/>
   <element name="spam" layername="timeline_1" frame="1" z_index="10" m_a="1.000000" m_b="0.000000" m_c="0.000000" m_d="1.000000" m_tx="-163.544479" m_ty="-469.545990"/>
   <element name="spam" layername="timeline_2" frame="6" z_index="8" m_a="1.179884" m_b="0.320340" m_c="-0.384577" m_d="1.416485" m_tx="12.546601" m_ty="-426.818939"/>
   <element name="spam" layername="timeline_3" frame="3" z_index="7" m_a="0.618819" m_b="0.785533" m_c="-0.785534" m_d="0.618819" m_tx="-18.085037" m_ty="-329.090881"/>
   <element name="spam" layername="timeline_4" frame="4" z_index="6" m_a="1.000000" m_b="0.000000" m_c="0.000000" m_d="1.000000" m_tx="0.818687" m_ty="-116.259148"/>
  </frame>
  <frame idx="200" w="419" h="1004" x="-59.563145" y="-450.276184">
   <element name="spam" layername="timeline_0" frame="0" z_index="9" m_a="0.996760" m_b="0.080433" m_c="-0.080433" m_d="0.996760" m_tx="2.180669" m_ty="-86.973740"/>
   <element name="spam" layername="timeline_1" frame="1" z_index="10" m_a="1.000000" m_b="0.000000" m_c="0.000000" m_d="1.000000" m_tx="-163.646072" m_ty="-469.941467"/>
   <element name="spam" layername="timeline_2" frame="6" z_index="8" m_a="1.190047" m_b="0.280239" m_c="-0.336435" m_d="1.428684" m_tx="12.246689" m_ty="-426.848572"/>
   <element name="spam" layername="timeline_3" frame="3" z_index="7" m_a="0.572760" m_b="0.819722" m_c="-0.819723" m_d="0.572760" m_tx="-11.952365" m_ty="-327.779144"/>
   <element name="spam" layername="timeline_4" frame="4" z_index="6" m_a="1.000000" m_b="0.000000" m_c="0.000000" m_d="1.000000" m_tx="0.717094" m_ty="-116.654610"/>
  </frame>
  <frame idx="225" w="418" h="1003" x="-58.285267" y="-449.674896">
   <element name="spam" layername="timeline_0" frame="0" z_index="9" m_a="0.997633" m_b="0.068757" m_c="-0.068757" m_d="0.997633" m_tx="2.141176" m_ty="-87.281525"/>
   <element name="spam" layername="timeline_1" frame="1" z_index="10" m_a="1.000000" m_b="0.000000" m_c="0.000000" m_d="1.000000" m_tx="-163.523407" m_ty="-470.148376"/>
   <element name="spam" layername="timeline_2" frame="2" z_index="8" m_a="1.198846" m_b="0.239818" m_c="-0.288833" m_d="1.443869" m_tx="12.464114" m_ty="-427.031189"/>
   <element name="spam" layername="timeline_3" frame="3" z_index="7" m_a="0.524817" m_b="0.851215" m_c="-0.851215" m_d="0.524817" m_tx="-5.573456" m_ty="-326.331177"/>
   <element name="spam" layername="timeline_4" frame="4" z_index="6" m_a="1.000000" m_b="0.000000" m_c="0.000000" m_d="1.000000" m_tx="0.839758" m_ty="-116.861519"/>
  </frame>
  <frame idx="250" w="417" h="1003" x="-56.730606" y="-449.358521">
   <element name="spam" layername="timeline_0" frame="0" z_index="9" m_a="0.998370" m_b="0.057071" m_c="-0.057071" m_d="0.998370" m_tx="2.308690" m_ty="-87.415260"/>
   <element name="spam" layername="timeline_1" frame="1" z_index="10" m_a="1.000000" m_b="0.000000" m_c="0.000000" m_d="1.000000" m_tx="-163.193741" m_ty="-470.181244"/>
   <element name="spam" layername="timeline_2" frame="2" z_index="8" m_a="1.206273" m_b="0.199122" m_c="-0.241295" m_d="1.461756" m_tx="13.125789" m_ty="-427.390350"/>
   <element name="spam" layername="timeline_3" frame="3" z_index="7" m_a="0.475147" m_b="0.879906" m_c="-0.879906" m_d="0.475147" m_tx="1.023920" m_ty="-324.764099"/>
   <element name="spam" layername="timeline_4" frame="4" z_index="6" m_a="1.000000" m_b="0.000000" m_c="0.000000" m_d="1.000000" m_tx="1.169430" m_ty="-116.894371"/>
  </frame>
  <frame idx="275" w="415" h="1003" x="-55.100357" y="-449.131287">
   <element name="spam" layername="timeline_0" frame="0" z_index="9" m_a="0.998970" m_b="0.045377" m_c="-0.045377" m_d="0.998970" m_tx="2.476204" m_ty="-87.549004"/>
   <element name="spam" layername="timeline_1" frame="1" z_index="10" m_a="1.000000" m_b="0.000000" m_c="0.000000" m_d="1.000000" m_tx="-162.864059" m_ty="-470.214081"/>
   <element name="spam" layername="timeline_2" frame="2" z_index="8" m_a="1.212319" m_b="0.158198" m_c="-0.192877" m_d="1.478069" m_tx="13.748703" m_ty="-427.771820"/>
   <element name="spam" layername="timeline_3" frame="3" z_index="7" m_a="0.423914" m_b="0.905702" m_c="-0.905703" m_d="0.423914" m_tx="7.622050" m_ty="-323.254608"/>
   <element name="spam" layername="timeline_4" frame="4" z_index="6" m_a="1.000000" m_b="0.000000" m_c="0.000000" m_d="1.000000" m_tx="1.499102" m_ty="-116.927231"/>
  </frame>
  <frame idx="300" w="413" h="1003" x="-52.888351" y="-448.992798">
   <element name="spam" layername="timeline_0" frame="0" z_index="9" m_a="0.999433" m_b="0.033678" m_c="-0.033678" m_d="0.999433" m_tx="2.643718" m_ty="-87.682739"/>
   <element name="spam" layername="timeline_1" frame="1" z_index="10" m_a="1.000000" m_b="0.000000" m_c="0.000000" m_d="1.000000" m_tx="-162.534393" m_ty="-470.246948"/>
   <element name="spam" layername="timeline_2" frame="2" z_index="8" m_a="1.216977" m_b="0.117093" m_c="-0.143628" m_d="1.492769" m_tx="14.331208" m_ty="-428.173676"/>
   <element name="spam" layername="timeline_3" frame="3" z_index="7" m_a="0.371286" m_b="0.928518" m_c="-0.928519" m_d="0.371286" m_tx="14.210686" m_ty="-321.805573"/>
   <element name="spam" layername="timeline_4" frame="4" z_index="6" m_a="1.000000" m_b="0.000000" m_c="0.000000" m_d="1.000000" m_tx="1.828774" m_ty="-116.960091"/>
  </frame>
  <frame idx="325" w="411" h="1004" x="-51.089252" y="-448.942566">
   <element name="spam" layername="timeline_0" frame="0" z_index="9" m_a="0.999759" m_b="0.021973" m_c="-0.021973" m_d="0.999759" m_tx="2.811232" m_ty="-87.816475"/>
   <element name="spam" layername="timeline_1" frame="1" z_index="10" m_a="1.000000" m_b="0.000000" m_c="0.000000" m_d="1.000000" m_tx="-162.204727" m_ty="-470.279816"/>
   <element name="spam" layername="timeline_2" frame="2" z_index="8" m_a="1.220242" m_b="0.075854" m_c="-0.093607" m_d="1.505818" m_tx="14.871734" m_ty="-428.593933"/>
   <element name="spam" layername="timeline_3" frame="3" z_index="7" m_a="0.317436" m_b="0.948279" m_c="-0.948280" m_d="0.317436" m_tx="20.779192" m_ty="-320.419983"/>
   <element name="spam" layername="timeline_4" frame="4" z_index="6" m_a="1.000000" m_b="0.000000" m_c="0.000000" m_d="1.000000" m_tx="2.158446" m_ty="-116.992950"/>
  </frame>
  <frame idx="350" w="410" h="1004" x="-49.197357" y="-448.979919">
   <element name="spam" layername="timeline_0" frame="0" z_index="9" m_a="0.999947" m_b="0.010265" m_c="-0.010265" m_d="0.999947" m_tx="2.978746" m_ty="-87.950211"/>
   <element name="spam" layername="timeline_1" frame="1" z_index="10" m_a="1.000000" m_b="0.000000" m_c="0.000000" m_d="1.000000" m_tx="-161.875046" m_ty="-470.312653"/>
   <element name="spam" layername="timeline_2" frame="2" z_index="8" m_a="1.222110" m_b="0.034528" m_c="-0.042865" m_d="1.517181" m_tx="15.368806" m_ty="-429.030487"/>
   <element name="spam" layername="timeline_3" frame="3" z_index="7" m_a="0.262542" m_b="0.964920" m_c="-0.964921" m_d="0.262542" m_tx="27.317503" m_ty="-319.100983"/>
   <element name="spam" layername="timeline_4" frame="4" z_index="6" m_a="1.000000" m_b="0.000000" m_c="0.000000" m_d="1.000000" m_tx="2.488118" m_ty="-117.025810"/>
  </frame>
  <frame idx="375" w="407" h="1005" x="-46.707779" y="-449.103912">
   <element name="spam" layername="timeline_0" frame="0" z_index="9" m_a="0.999999" m_b="-0.001444" m_c="0.001444" m_d="0.999999" m_tx="3.146260" m_ty="-88.083946"/>
   <element name="spam" layername="timeline_1" frame="1" z_index="10" m_a="1.000000" m_b="0.000000" m_c="0.000000" m_d="1.000000" m_tx="-161.545380" m_ty="-470.345520"/>
   <element name="spam" layername="timeline_2" frame="2" z_index="8" m_a="1.222579" m_b="-0.006837" m_c="0.008539" m_d="1.526825" m_tx="15.821043" m_ty="-429.481079"/>
   <element name="spam" layername="timeline_3" frame="3" z_index="7" m_a="0.206784" m_b="0.978386" m_c="-0.978387" m_d="0.206784" m_tx="33.815262" m_ty="-317.851837"/>
   <element name="spam" layername="timeline_4" frame="4" z_index="6" m_a="1.000000" m_b="0.000000" m_c="0.000000" m_d="1.000000" m_tx="2.817790" m_ty="-117.058662"/>
  </frame>
  <frame idx="400" w="405" h="1005" x="-44.615761" y="-449.313507">
   <element name="spam" layername="timeline_0" frame="0" z_index="9" m_a="0.999914" m_b="-0.013152" m_c="0.013152" m_d="0.999914" m_tx="3.313774" m_ty="-88.217690"/>
   <element name="spam" layername="timeline_1" frame="1" z_index="10" m_a="1.000000" m_b="0.000000" m_c="0.000000" m_d="1.000000" m_tx="-161.215714" m_ty="-470.378387"/>
   <element name="spam" layername="timeline_2" frame="2" z_index="8" m_a="1.221647" m_b="-0.048194" m_c="0.060545" m_d="1.534718" m_tx="16.227165" m_ty="-429.943451"/>
   <element name="spam" layername="timeline_3" frame="3" z_index="7" m_a="0.150345" m_b="0.988633" m_c="-0.988634" m_d="0.150345" m_tx="40.262455" m_ty="-316.675720"/>
   <element name="spam" layername="timeline_4" frame="4" z_index="6" m_a="1.000000" m_b="0.000000" m_c="0.000000" m_d="1.000000" m_tx="3.147461" m_ty="-117.091522"/>
  </frame>
  <frame idx="425" w="404" h="1003" x="-43.868004" y="-447.276855">
   <element name="spam" layername="timeline_0" frame="0" z_index="9" m_a="0.999691" m_b="-0.024859" m_c="0.024859" m_d="0.999691" m_tx="2.998591" m_ty="-88.339371"/>
   <element name="spam" layername="timeline_1" frame="1" z_index="10" m_a="1.000000" m_b="0.000000" m_c="0.000000" m_d="1.000000" m_tx="-161.368729" m_ty="-470.399200"/>
   <element name="spam" layername="timeline_2" frame="5" z_index="8" m_a="1.219761" m_b="-0.083233" m_c="0.104840" m_d="1.536404" m_tx="15.938673" m_ty="-429.975098"/>
   <element name="spam" layername="timeline_3" frame="3" z_index="7" m_a="0.088297" m_b="0.996094" m_c="-0.996094" m_d="0.088297" m_tx="45.564213" m_ty="-315.471039"/>
   <element name="spam" layername="timeline_4" frame="4" z_index="6" m_a="1.000000" m_b="0.000000" m_c="0.000000" m_d="1.000000" m_tx="2.994436" m_ty="-117.112328"/>
  </frame>
  <frame idx="450" w="404" h="1003" x="-43.179230" y="-447.217285">
   <element name="spam" layername="timeline_0" frame="0" z_index="9" m_a="0.999331" m_b="-0.036563" m_c="0.036563" m_d="0.999331" m_tx="2.617585" m_ty="-88.459412"/>
   <element name="spam" layername="timeline_1" frame="1" z_index="10" m_a="1.000000" m_b="0.000000" m_c="0.000000" m_d="1.000000" m_tx="-161.587585" m_ty="-470.418335"/>
   <element name="spam" layername="timeline_2" frame="5" z_index="8" m_a="1.216953" m_b="-0.117350" m_c="0.148138" m_d="1.536234" m_tx="15.552427" m_ty="-429.927734"/>
   <element name="spam" layername="timeline_3" frame="3" z_index="7" m_a="0.025203" m_b="0.999682" m_c="-0.999682" m_d="0.025203" m_tx="50.637844" m_ty="-314.271301"/>
   <element name="spam" layername="timeline_4" frame="4" z_index="6" m_a="1.000000" m_b="0.000000" m_c="0.000000" m_d="1.000000" m_tx="2.775588" m_ty="-117.131493"/>
  </frame>
  <frame idx="475" w="403" h="1001" x="-42.340843" y="-446.689911">
   <element name="spam" layername="timeline_0" frame="0" z_index="9" m_a="0.998835" m_b="-0.048261" m_c="0.048261" m_d="0.998835" m_tx="2.236579" m_ty="-88.579453"/>
   <element name="spam" layername="timeline_1" frame="1" z_index="10" m_a="1.000000" m_b="0.000000" m_c="0.000000" m_d="1.000000" m_tx="-161.806427" m_ty="-470.437500"/>
   <element name="spam" layername="timeline_2" frame="5" z_index="8" m_a="1.213190" m_b="-0.151374" m_c="0.191508" m_d="1.534842" m_tx="15.160267" m_ty="-429.859436"/>
   <element name="spam" layername="timeline_3" frame="3" z_index="7" m_a="-0.037992" m_b="0.999278" m_c="-0.999278" m_d="-0.037992" m_tx="55.622223" m_ty="-313.091919"/>
   <element name="spam" layername="timeline_4" frame="4" z_index="6" m_a="1.000000" m_b="0.000000" m_c="0.000000" m_d="1.000000" m_tx="2.556740" m_ty="-117.150658"/>
  </frame>
  <frame idx="500" w="400" h="1001" x="-40.844494" y="-446.694641">
   <element name="spam" layername="timeline_0" frame="0" z_index="9" m_a="0.998201" m_b="-0.059953" m_c="0.059953" m_d="0.998201" m_tx="1.855573" m_ty="-88.699493"/>
   <element name="spam" layername="timeline_1" frame="1" z_index="10" m_a="1.000000" m_b="0.000000" m_c="0.000000" m_d="1.000000" m_tx="-162.025284" m_ty="-470.456665"/>
   <element name="spam" layername="timeline_2" frame="5" z_index="8" m_a="1.208477" m_b="-0.185280" m_c="0.234916" m_d="1.532223" m_tx="14.763371" m_ty="-429.769989"/>
   <element name="spam" layername="timeline_3" frame="3" z_index="7" m_a="-0.101035" m_b="0.994882" m_c="-0.994883" m_d="-0.101035" m_tx="60.509083" m_ty="-311.938171"/>
   <element name="spam" layername="timeline_4" frame="4" z_index="6" m_a="1.000000" m_b="0.000000" m_c="0.000000" m_d="1.000000" m_tx="2.337892" m_ty="-117.169815"/>
  </frame>
  <frame idx="525" w="399" h="1001" x="-39.682384" y="-446.731537">
   <element name="spam" layername="timeline_0" frame="0" z_index="9" m_a="0.997431" m_b="-0.071637" m_c="0.071637" m_d="0.997431" m_tx="1.474567" m_ty="-88.819534"/>
   <element name="spam" layername="timeline_1" frame="1" z_index="10" m_a="1.000000" m_b="0.000000" m_c="0.000000" m_d="1.000000" m_tx="-162.244125" m_ty="-470.475830"/>
   <element name="spam" layername="timeline_2" frame="5" z_index="8" m_a="1.202816" m_b="-0.219042" m_c="0.278329" m_d="1.528374" m_tx="14.362928" m_ty="-429.659241"/>
   <element name="spam" layername="timeline_3" frame="3" z_index="7" m_a="-0.163673" m_b="0.986514" m_c="-0.986515" m_d="-0.163673" m_tx="65.290695" m_ty="-310.815643"/>
   <element name="spam" layername="timeline_4" frame="4" z_index="6" m_a="1.000000" m_b="0.000000" m_c="0.000000" m_d="1.000000" m_tx="2.119044" m_ty="-117.188980"/>
  </frame>
  <frame idx="550" w="397" h="1001" x="-38.347870" y="-446.800598">
   <element name="spam" layername="timeline_0" frame="0" z_index="9" m_a="0.996524" m_b="-0.083311" m_c="0.083311" m_d="0.996524" m_tx="1.093561" m_ty="-88.939575"/>
   <element name="spam" layername="timeline_1" frame="1" z_index="10" m_a="1.000000" m_b="0.000000" m_c="0.000000" m_d="1.000000" m_tx="-162.462982" m_ty="-470.494995"/>
   <element name="spam" layername="timeline_2" frame="5" z_index="8" m_a="1.196212" m_b="-0.252631" m_c="0.321708" m_d="1.523293" m_tx="13.960128" m_ty="-429.527130"/>
   <element name="spam" layername="timeline_3" frame="3" z_index="7" m_a="-0.225659" m_b="0.974206" m_c="-0.974206" m_d="-0.225659" m_tx="69.959320" m_ty="-309.730042"/>
   <element name="spam" layername="timeline_4" frame="4" z_index="6" m_a="1.000000" m_b="0.000000" m_c="0.000000" m_d="1.000000" m_tx="1.900195" m_ty="-117.208145"/>
  </frame>
  <frame idx="575" w="395" h="1001" x="-36.334557" y="-446.901917">
   <element name="spam" layername="timeline_0" frame="0" z_index="9" m_a="0.995480" m_b="-0.094973" m_c="0.094973" m_d="0.995480" m_tx="0.712556" m_ty="-89.059616"/>
   <element name="spam" layername="timeline_1" frame="1" z_index="10" m_a="1.000000" m_b="0.000000" m_c="0.000000" m_d="1.000000" m_tx="-162.681824" m_ty="-470.514160"/>
   <element name="spam" layername="timeline_2" frame="5" z_index="8" m_a="1.188670" m_b="-0.286022" m_c="0.365021" m_d="1.516978" m_tx="13.556158" m_ty="-429.373657"/>
   <element name="spam" layername="timeline_3" frame="3" z_index="7" m_a="-0.286743" m_b="0.958007" m_c="-0.958007" m_d="-0.286743" m_tx="74.507957" m_ty="-308.687347"/>
   <element name="spam" layername="timeline_4" frame="4" z_index="6" m_a="1.000000" m_b="0.000000" m_c="0.000000" m_d="1.000000" m_tx="1.681347" m_ty="-117.227303"/>
  </frame>
  <frame idx="600" w="393" h="1001" x="-34.637024" y="-447.035522">
   <element name="spam" layername="timeline_0" frame="0" z_index="9" m_a="0.994300" m_b="-0.106623" m_c="0.106623" m_d="0.994300" m_tx="0.331550" m_ty="-89.179657"/>
   <element name="spam" layername="timeline_1" frame="1" z_index="10" m_a="1.000000" m_b="0.000000" m_c="0.000000" m_d="1.000000" m_tx="-162.900665" m_ty="-470.533325"/>
   <element name="spam" layername="timeline_2" frame="5" z_index="8" m_a="1.180196" m_b="-0.319189" m_c="0.408232" m_d="1.509430" m_tx="13.152207" m_ty="-429.198822"/>
   <element name="spam" layername="timeline_3" frame="3" z_index="7" m_a="-0.346683" m_b="0.937982" m_c="-0.937982" m_d="-0.346683" m_tx="78.929955" m_ty="-307.693665"/>
   <element name="spam" layername="timeline_4" frame="4" z_index="6" m_a="1.000000" m_b="0.000000" m_c="0.000000" m_d="1.000000" m_tx="1.462499" m_ty="-117.246468"/>
  </frame>
  <frame idx="625" w="392" h="1001" x="-33.711861" y="-447.201447">
   <element name="spam" layername="timeline_0" frame="0" z_index="9" m_a="0.992983" m_b="-0.118258" m_c="0.118258" m_d="0.992983" m_tx="-0.049456" m_ty="-89.299698"/>
   <element name="spam" layername="timeline_1" frame="1" z_index="10" m_a="1.000000" m_b="0.000000" m_c="0.000000" m_d="1.000000" m_tx="-163.119522" m_ty="-470.552490"/>
   <element name="spam" layername="timeline_2" frame="5" z_index="8" m_a="1.170797" m_b="-0.352106" m_c="0.451306" m_d="1.500649" m_tx="12.749454" m_ty="-429.002686"/>
   <element name="spam" layername="timeline_3" frame="3" z_index="7" m_a="-0.405237" m_b="0.914211" m_c="-0.914212" m_d="-0.405237" m_tx="83.219086" m_ty="-306.755219"/>
   <element name="spam" layername="timeline_4" frame="4" z_index="6" m_a="1.000000" m_b="0.000000" m_c="0.000000" m_d="1.000000" m_tx="1.243651" m_ty="-117.265633"/>
  </frame>
  <frame idx="650" w="391" h="1001" x="-33.838364" y="-447.399841">
   <element name="spam" layername="timeline_0" frame="0" z_index="9" m_a="0.991530" m_b="-0.129876" m_c="0.129876" m_d="0.991530" m_tx="-0.430462" m_ty="-89.419739"/>
   <element name="spam" layername="timeline_1" frame="1" z_index="10" m_a="1.000000" m_b="0.000000" m_c="0.000000" m_d="1.000000" m_tx="-163.338364" m_ty="-470.571655"/>
   <element name="spam" layername="timeline_2" frame="5" z_index="8" m_a="1.160480" m_b="-0.384746" m_c="0.494207" m_d="1.490637" m_tx="12.349078" m_ty="-428.785461"/>
   <element name="spam" layername="timeline_3" frame="3" z_index="7" m_a="-0.462174" m_b="0.886789" m_c="-0.886789" m_d="-0.462174" m_tx="87.369476" m_ty="-305.878418"/>
   <element name="spam" layername="timeline_4" frame="4" z_index="6" m_a="1.000000" m_b="0.000000" m_c="0.000000" m_d="1.000000" m_tx="1.024803" m_ty="-117.284790"/>
  </frame>
  <frame idx="675" w="392" h="1005" x="-34.348042" y="-451.086182">
   <element name="spam" layername="timeline_0" frame="0" z_index="9" m_a="0.989942" m_b="-0.141477" m_c="0.141477" m_d="0.989942" m_tx="-0.751186" m_ty="-89.275513"/>
   <element name="spam" layername="timeline_1" frame="1" z_index="10" m_a="1.000000" m_b="0.000000" m_c="0.000000" m_d="1.000000" m_tx="-163.519318" m_ty="-470.522400"/>
   <element name="spam" layername="timeline_2" frame="5" z_index="8" m_a="1.166206" m_b="-0.367026" m_c="0.469883" m_d="1.493028" m_tx="11.217979" m_ty="-432.065338"/>
   <element name="spam" layername="timeline_3" frame="3" z_index="7" m_a="-0.441236" m_b="0.897391" m_c="-0.897391" m_d="-0.441236" m_tx="82.963066" m_ty="-307.523865"/>
   <element name="spam" layername="timeline_4" frame="4" z_index="6" m_a="1.000000" m_b="0.000000" m_c="0.000000" m_d="1.000000" m_tx="0.843852" m_ty="-117.235550"/>
  </frame>
  <frame idx="700" w="399" h="1000" x="-40.804661" y="-447.266602">
   <element name="spam" layername="timeline_0" frame="0" z_index="9" m_a="0.988217" m_b="-0.153058" m_c="0.153058" m_d="0.988217" m_tx="-0.755431" m_ty="-87.743851"/>
   <element name="spam" layername="timeline_1" frame="1" z_index="10" m_a="1.000000" m_b="0.000000" m_c="0.000000" m_d="1.000000" m_tx="-163.501312" m_ty="-470.114044"/>
   <element name="spam" layername="timeline_2" frame="5" z_index="8" m_a="1.186726" m_b="-0.293982" m_c="0.374565" m_d="1.512022" m_tx="10.872125" m_ty="-429.527893"/>
   <element name="spam" layername="timeline_3" frame="3" z_index="7" m_a="-0.333116" m_b="0.942885" m_c="-0.942886" m_d="-0.333116" m_tx="72.668472" m_ty="-306.678711"/>
   <element name="spam" layername="timeline_4" frame="4" z_index="6" m_a="1.000000" m_b="0.000000" m_c="0.000000" m_d="1.000000" m_tx="0.861858" m_ty="-116.827194"/>
  </frame>
  <frame idx="725" w="405" h="997" x="-46.642830" y="-444.173218">
   <element name="spam" layername="timeline_0" frame="0" z_index="9" m_a="0.986357" m_b="-0.164619" m_c="0.164619" m_d="0.986357" m_tx="-0.759676" m_ty="-86.212189"/>
   <element name="spam" layername="timeline_1" frame="1" z_index="10" m_a="1.000000" m_b="0.000000" m_c="0.000000" m_d="1.000000" m_tx="-163.483307" m_ty="-469.705688"/>
   <element name="spam" layername="timeline_2" frame="5" z_index="8" m_a="1.202676" m_b="-0.219806" m_c="0.278709" m_d="1.524969" m_tx="10.445357" m_ty="-426.953674"/>
   <element name="spam" layername="timeline_3" frame="3" z_index="7" m_a="-0.220413" m_b="0.975406" m_c="-0.975407" m_d="-0.220413" m_tx="61.891933" m_ty="-306.173370"/>
   <element name="spam" layername="timeline_4" frame="4" z_index="6" m_a="1.000000" m_b="0.000000" m_c="0.000000" m_d="1.000000" m_tx="0.879865" m_ty="-116.418839"/>
  </frame>
  <frame idx="750" w="411" h="993" x="-51.882187" y="-440.813416">
   <element name="spam" layername="timeline_0" frame="0" z_index="9" m_a="0.984362" m_b="-0.176157" m_c="0.176157" m_d="0.984362" m_tx="-0.763921" m_ty="-84.680534"/>
   <element name="spam" layername="timeline_1" frame="1" z_index="10" m_a="1.000000" m_b="0.000000" m_c="0.000000" m_d="1.000000" m_tx="-163.465302" m_ty="-469.297333"/>
   <element name="spam" layername="timeline_2" frame="5" z_index="8" m_a="1.213995" m_b="-0.144784" m_c="0.182695" m_d="1.531876" m_tx="9.935242" m_ty="-424.350555"/>
   <element name="spam" layername="timeline_3" frame="3" z_index="7" m_a="-0.104675" m_b="0.994506" m_c="-0.994506" m_d="-0.104675" m_tx="50.688519" m_ty="-305.970367"/>
   <element name="spam" layername="timeline_4" frame="4" z_index="6" m_a="1.000000" m_b="0.000000" m_c="0.000000" m_d="1.000000" m_tx="0.897871" m_ty="-116.010475"/>
  </frame>
  <frame idx="775" w="416" h="991" x="-56.551849" y="-438.193573">
   <element name="spam" layername="timeline_0" frame="0" z_index="9" m_a="0.982232" m_b="-0.187671" m_c="0.187671" m_d="0.982232" m_tx="-0.768166" m_ty="-83.148872"/>
   <element name="spam" layername="timeline_1" frame="1" z_index="10" m_a="1.000000" m_b="0.000000" m_c="0.000000" m_d="1.000000" m_tx="-163.447296" m_ty="-468.888977"/>
   <element name="spam" layername="timeline_2" frame="5" z_index="8" m_a="1.220637" m_b="-0.069204" m_c="0.086900" m_d="1.532774" m_tx="9.340006" m_ty="-421.726349"/>
   <element name="spam" layername="timeline_3" frame="3" z_index="7" m_a="0.012501" m_b="0.999921" m_c="-0.999922" m_d="0.012501" m_tx="39.118271" m_ty="-306.032928"/>
   <element name="spam" layername="timeline_4" frame="4" z_index="6" m_a="1.000000" m_b="0.000000" m_c="0.000000" m_d="1.000000" m_tx="0.915877" m_ty="-115.602119"/>
  </frame>
  <frame idx="800" w="422" h="1003" x="-61.932072" y="-449.159637">
   <element name="spam" layername="timeline_0" frame="0" z_index="9" m_a="0.987858" m_b="-0.155362" m_c="0.155362" m_d="0.987858" m_tx="3.492519" m_ty="-84.608353"/>
   <element name="spam" layername="timeline_1" frame="1" z_index="10" m_a="1.000000" m_b="0.000000" m_c="0.000000" m_d="1.000000" m_tx="-163.429291" m_ty="-468.480621"/>
   <element name="spam" layername="timeline_2" frame="6" z_index="8" m_a="1.222579" m_b="0.006644" m_c="-0.008302" m_d="1.527715" m_tx="7.700987" m_ty="-429.748871"/>
   <element name="spam" layername="timeline_3" frame="3" z_index="7" m_a="0.129505" m_b="0.991578" m_c="-0.991579" m_d="0.129505" m_tx="26.002720" m_ty="-316.658966"/>
   <element name="spam" layername="timeline_4" frame="4" z_index="6" m_a="1.000000" m_b="0.000000" m_c="0.000000" m_d="1.000000" m_tx="0.933884" m_ty="-115.193764"/>
  </frame>
  <frame idx="825" w="424" h="1003" x="-63.736469" y="-449.593170">
   <element name="spam" layername="timeline_0" frame="0" z_index="9" m_a="0.993427" m_b="-0.114469" m_c="0.114469" m_d="0.993427" m_tx="3.767229" m_ty="-84.486122"/>
   <element name="spam" layername="timeline_1" frame="1" z_index="10" m_a="1.000000" m_b="0.000000" m_c="0.000000" m_d="1.000000" m_tx="-163.356781" m_ty="-468.260895"/>
   <element name="spam" layername="timeline_2" frame="6" z_index="8" m_a="1.219813" m_b="0.082465" m_c="-0.102541" m_d="1.516779" m_tx="8.660333" m_ty="-429.767090"/>
   <element name="spam" layername="timeline_3" frame="3" z_index="7" m_a="0.244727" m_b="0.969591" m_c="-0.969592" m_d="0.244728" m_tx="15.241426" m_ty="-319.464752"/>
   <element name="spam" layername="timeline_4" frame="4" z_index="6" m_a="1.000000" m_b="0.000000" m_c="0.000000" m_d="1.000000" m_tx="1.006392" m_ty="-114.974030"/>
  </frame>
  <frame idx="850" w="425" h="1004" x="-64.986549" y="-449.806793">
   <element name="spam" layername="timeline_0" frame="0" z_index="9" m_a="0.997304" m_b="-0.073381" m_c="0.073381" m_d="0.997304" m_tx="3.842007" m_ty="-84.274254"/>
   <element name="spam" layername="timeline_1" frame="1" z_index="10" m_a="1.000000" m_b="0.000000" m_c="0.000000" m_d="1.000000" m_tx="-163.282013" m_ty="-468.049011"/>
   <element name="spam" layername="timeline_2" frame="6" z_index="8" m_a="1.212349" m_b="0.157968" m_c="-0.195457" m_d="1.500064" m_tx="9.692964" m_ty="-429.320923"/>
   <element name="spam" layername="timeline_3" frame="3" z_index="7" m_a="0.356583" m_b="0.934263" m_c="-0.934264" m_d="0.356583" m_tx="4.436208" m_ty="-322.021515"/>
   <element name="spam" layername="timeline_4" frame="4" z_index="6" m_a="1.000000" m_b="0.000000" m_c="0.000000" m_d="1.000000" m_tx="1.081170" m_ty="-114.762161"/>
  </frame>
  <frame idx="875" w="427" h="1004" x="-66.356888" y="-450.215820">
   <element name="spam" layername="timeline_0" frame="0" z_index="9" m_a="0.999483" m_b="-0.032168" m_c="0.032168" m_d="0.999483" m_tx="3.916786" m_ty="-84.062378"/>
   <element name="spam" layername="timeline_1" frame="1" z_index="10" m_a="1.000000" m_b="0.000000" m_c="0.000000" m_d="1.000000" m_tx="-163.207230" m_ty="-467.837158"/>
   <element name="spam" layername="timeline_2" frame="6" z_index="8" m_a="1.200217" m_b="0.232863" m_c="-0.286699" m_d="1.477692" m_tx="10.676855" m_ty="-428.830627"/>
   <element name="spam" layername="timeline_3" frame="3" z_index="7" m_a="0.463531" m_b="0.886080" m_c="-0.886081" m_d="0.463531" m_tx="-6.455994" m_ty="-324.717468"/>
   <element name="spam" layername="timeline_4" frame="4" z_index="6" m_a="1.000000" m_b="0.000000" m_c="0.000000" m_d="1.000000" m_tx="1.155949" m_ty="-114.550285"/>
  </frame>
  <frame idx="900" w="428" h="1005" x="-66.908852" y="-450.818878">
   <element name="spam" layername="timeline_0" frame="0" z_index="9" m_a="0.999959" m_b="0.009100" m_c="-0.009100" m_d="0.999959" m_tx="3.991565" m_ty="-83.850502"/>
   <element name="spam" layername="timeline_1" frame="1" z_index="10" m_a="1.000000" m_b="0.000000" m_c="0.000000" m_d="1.000000" m_tx="-163.132446" m_ty="-467.625275"/>
   <element name="spam" layername="timeline_2" frame="6" z_index="8" m_a="1.183461" m_b="0.306862" m_c="-0.375923" m_d="1.449806" m_tx="11.608021" m_ty="-428.300720"/>
   <element name="spam" layername="timeline_3" frame="3" z_index="7" m_a="0.564102" m_b="0.825705" m_c="-0.825705" m_d="0.564102" m_tx="-17.358690" m_ty="-327.528259"/>
   <element name="spam" layername="timeline_4" frame="4" z_index="6" m_a="1.000000" m_b="0.000000" m_c="0.000000" m_d="1.000000" m_tx="1.230727" m_ty="-114.338409"/>
  </frame>
  <frame idx="925" w="428" h="1006" x="-67.206909" y="-451.614227">
   <element name="spam" layername="timeline_0" frame="0" z_index="9" m_a="0.998731" m_b="0.050352" m_c="-0.050352" m_d="0.998731" m_tx="4.066343" m_ty="-83.638634"/>
   <element name="spam" layername="timeline_1" frame="1" z_index="10" m_a="1.000000" m_b="0.000000" m_c="0.000000" m_d="1.000000" m_tx="-163.057663" m_ty="-467.413391"/>
   <element name="spam" layername="timeline_2" frame="6" z_index="8" m_a="1.162148" m_b="0.379679" m_c="-0.462799" m_d="1.416571" m_tx="12.482863" m_ty="-427.736176"/>
   <element name="spam" layername="timeline_3" frame="3" z_index="7" m_a="0.656911" m_b="0.753968" m_c="-0.753968" m_d="0.656911" m_tx="-28.193975" m_ty="-330.432800"/>
   <element name="spam" layername="timeline_4" frame="4" z_index="6" m_a="1.000000" m_b="0.000000" m_c="0.000000" m_d="1.000000" m_tx="1.305506" m_ty="-114.126541"/>
  </frame>
  <frame idx="950" w="434" h="1007" x="-72.861748" y="-452.599335">
   <element name="spam" layername="timeline_0" frame="0" z_index="9" m_a="0.995803" m_b="0.091519" m_c="-0.091519" m_d="0.995803" m_tx="4.141122" m_ty="-83.426758"/>
   <element name="spam" layername="timeline_1" frame="1" z_index="10" m_a="1.000000" m_b="0.000000" m_c="0.000000" m_d="1.000000" m_tx="-162.982895" m_ty="-467.201508"/>
   <element name="spam" layername="timeline_2" frame="6" z_index="8" m_a="1.136360" m_b="0.451033" m_c="-0.547009" m_d="1.378169" m_tx="13.298187" m_ty="-427.142090"/>
   <element name="spam" layername="timeline_3" frame="3" z_index="7" m_a="0.740681" m_b="0.671856" m_c="-0.671857" m_d="0.740681" m_tx="-38.883659" m_ty="-333.413696"/>
   <element name="spam" layername="timeline_4" frame="4" z_index="6" m_a="1.000000" m_b="0.000000" m_c="0.000000" m_d="1.000000" m_tx="1.380285" m_ty="-113.914665"/>
  </frame>
  <frame idx="975" w="442" h="1009" x="-80.336365" y="-454.271362">
   <element name="spam" layername="timeline_0" frame="0" z_index="9" m_a="0.991179" m_b="0.132530" m_c="-0.132530" m_d="0.991179" m_tx="4.215900" m_ty="-83.214890"/>
   <element name="spam" layername="timeline_1" frame="1" z_index="10" m_a="1.000000" m_b="0.000000" m_c="0.000000" m_d="1.000000" m_tx="-162.908112" m_ty="-466.989655"/>
   <element name="spam" layername="timeline_2" frame="6" z_index="8" m_a="1.106195" m_b="0.520650" m_c="-0.628248" m_d="1.334802" m_tx="14.051231" m_ty="-426.523956"/>
   <element name="spam" layername="timeline_3" frame="3" z_index="7" m_a="0.814259" m_b="0.580501" m_c="-0.580501" m_d="0.814259" m_tx="-49.349792" m_ty="-336.457520"/>
   <element name="spam" layername="timeline_4" frame="4" z_index="6" m_a="1.000000" m_b="0.000000" m_c="0.000000" m_d="1.000000" m_tx="1.455063" m_ty="-113.702797"/>
  </frame>
 </anim>
 <anim name="open" root="spam" numframes="1000" framerate="40">
  <frame idx="0" w="503" h="1029" x="-134.627060" y="-471.121307">
   <element name="spam" layername="timeline_0" frame="0" z_index="9" m_a="0.999953" m_b="0.009744" m_c="-0.009744" m_d="0.999953" m_tx="5.706536" m_ty="-84.836884"/>
   <element name="spam" layername="timeline_1" frame="1" z_index="10" m_a="1.000000" m_b="0.000000" m_c="0.000000" m_d="1.000000" m_tx="-161.417480" m_ty="-468.611664"/>
   <element name="spam" layername="timeline_2" frame="2" z_index="8" m_a="0.813984" m_b="0.912236" m_c="-1.095165" m_d="0.977211" m_tx="7.447639" m_ty="-428.099335"/>
   <element name="spam" layername="timeline_3" frame="3" z_index="7" m_a="0.665782" m_b="0.746145" m_c="-0.746146" m_d="0.665783" m_tx="-90.680740" m_ty="-375.251740"/>
   <element name="spam" layername="timeline_4" frame="4" z_index="6" m_a="1.000000" m_b="0.000000" m_c="0.000000" m_d="1.000000" m_tx="2.945699" m_ty="-115.324791"/>
  </frame>
  <frame idx="25" w="497" h="1025" x="-128.566559" y="-468.108917">
   <element name="spam" layername="timeline_0" frame="0" z_index="9" m_a="0.999953" m_b="0.009744" m_c="-0.009244" m_d="0.948653" m_tx="6.061896" m_ty="-84.979698"/>
   <element name="spam" layername="timeline_1" frame="1" z_index="10" m_a="1.000000" m_b="0.000000" m_c="0.000000" m_d="1.000000" m_tx="-161.417480" m_ty="-468.611664"/>
   <element name="spam" layername="timeline_2" frame="2" z_index="8" m_a="0.853654" m_b="0.875225" m_c="-1.050733" m_d="1.024836" m_tx="7.934968" m_ty="-427.523773"/>
   <element name="spam" layername="timeline_3" frame="3" z_index="7" m_a="0.698230" m_b="0.715873" m_c="-0.715873" m_d="0.698230" m_tx="-87.752205" m_ty="-370.374695"/>
   <element name="spam" layername="timeline_4" frame="4" z_index="6" m_a="0.973916" m_b="-0.226908" m_c="0.226908" m_d="0.973916" m_tx="3.243853" m_ty="-115.334267"/>
  </frame>
  <frame idx="50" w="491" h="1023" x="-123.604073" y="-465.692017">
   <element name="spam" layername="timeline_0" frame="0" z_index="9" m_a="0.999953" m_b="0.009744" m_c="-0.008744" m_d="0.897354" m_tx="6.417257" m_ty="-85.122513"/>
   <element name="spam" layername="timeline_1" frame="1" z_index="10" m_a="1.000000" m_b="0.000000" m_c="0.000000" m_d="1.000000" m_tx="-161.417480" m_ty="-468.611664"/>
   <element name="spam" layername="timeline_2" frame="2" z_index="8" m_a="0.891643" m_b="0.836491" m_c="-1.004231" m_d="1.070443" m_tx="8.434735" m_ty="-426.955231"/>
   <element name="spam" layername="timeline_3" frame="3" z_index="7" m_a="0.729302" m_b="0.684191" m_c="-0.684192" m_d="0.729302" m_tx="-84.622787" m_ty="-365.617249"/>
   <element name="spam" layername="timeline_4" frame="4" z_index="6" m_a="0.897026" m_b="-0.441978" m_c="0.441978" m_d="0.897026" m_tx="3.542006" m_ty="-115.343742"/>
  </frame>
  <frame idx="75" w="487" h="1019" x="-118.950203" y="-462.874847">
   <element name="spam" layername="timeline_0" frame="0" z_index="9" m_a="0.999953" m_b="0.009744" m_c="-0.008244" m_d="0.846055" m_tx="6.772618" m_ty="-85.265327"/>
   <element name="spam" layername="timeline_1" frame="1" z_index="10" m_a="1.000000" m_b="0.000000" m_c="0.000000" m_d="1.000000" m_tx="-161.417480" m_ty="-468.611664"/>
   <element name="spam" layername="timeline_2" frame="2" z_index="8" m_a="0.927876" m_b="0.796109" m_c="-0.955752" m_d="1.113942" m_tx="8.946611" m_ty="-426.394348"/>
   <element name="spam" layername="timeline_3" frame="3" z_index="7" m_a="0.758938" m_b="0.651162" m_c="-0.651162" m_d="0.758939" m_tx="-81.298019" m_ty="-360.988251"/>
   <element name="spam" layername="timeline_4" frame="4" z_index="6" m_a="0.773340" m_b="-0.633992" m_c="0.633992" m_d="0.773340" m_tx="3.840160" m_ty="-115.353218"/>
  </frame>
  <frame idx="100" w="481" h="1017" x="-113.613441" y="-460.661377">
   <element name="spam" layername="timeline_0" frame="0" z_index="9" m_a="0.999953" m_b="0.009744" m_c="-0.007744" m_d="0.794755" m_tx="7.127978" m_ty="-85.408150"/>
   <element name="spam" layername="timeline_1" frame="1" z_index="10" m_a="1.000000" m_b="0.000000" m_c="0.000000" m_d="1.000000" m_tx="-161.417480" m_ty="-468.611664"/>
   <element name="spam" layername="timeline_2" frame="2" z_index="8" m_a="0.962282" m_b="0.754160" m_c="-0.905391" m_d="1.155247" m_tx="9.470249" m_ty="-425.841583"/>
   <element name="spam" layername="timeline_3" frame="3" z_index="7" m_a="0.787080" m_b="0.616850" m_c="-0.616851" m_d="0.787080" m_tx="-77.783760" m_ty="-356.496155"/>
   <element name="spam" layername="timeline_4" frame="4" z_index="6" m_a="0.609310" m_b="-0.792932" m_c="0.792932" m_d="0.609310" m_tx="4.138314" m_ty="-115.362686"/>
  </frame>
  <frame idx="125" w="475" h="1015" x="-108.102684" y="-458.555359">
   <element name="spam" layername="timeline_0" frame="0" z_index="9" m_a="0.999953" m_b="0.009744" m_c="-0.007244" m_d="0.743456" m_tx="7.483339" m_ty="-85.550964"/>
   <element name="spam" layername="timeline_1" frame="1" z_index="10" m_a="1.000000" m_b="0.000000" m_c="0.000000" m_d="1.000000" m_tx="-161.417480" m_ty="-468.611664"/>
   <element name="spam" layername="timeline_2" frame="2" z_index="8" m_a="0.994793" m_b="0.710726" m_c="-0.853246" m_d="1.194277" m_tx="10.005273" m_ty="-425.297485"/>
   <element name="spam" layername="timeline_3" frame="3" z_index="7" m_a="0.813671" m_b="0.581324" m_c="-0.581324" m_d="0.813672" m_tx="-74.086304" m_ty="-352.149323"/>
   <element name="spam" layername="timeline_4" frame="4" z_index="6" m_a="0.413495" m_b="-0.910507" m_c="0.910507" m_d="0.413495" m_tx="4.436468" m_ty="-115.372162"/>
  </frame>
  <frame idx="150" w="469" h="1012" x="-102.427109" y="-456.060394">
   <element name="spam" layername="timeline_0" frame="0" z_index="9" m_a="0.999953" m_b="0.009744" m_c="-0.006745" m_d="0.692156" m_tx="7.838700" m_ty="-85.693779"/>
   <element name="spam" layername="timeline_1" frame="1" z_index="10" m_a="1.000000" m_b="0.000000" m_c="0.000000" m_d="1.000000" m_tx="-161.417480" m_ty="-468.611664"/>
   <element name="spam" layername="timeline_2" frame="2" z_index="8" m_a="1.025345" m_b="0.665892" m_c="-0.799422" m_d="1.230956" m_tx="10.551289" m_ty="-424.762543"/>
   <element name="spam" layername="timeline_3" frame="3" z_index="7" m_a="0.838661" m_b="0.544653" m_c="-0.544653" m_d="0.838661" m_tx="-70.212250" m_ty="-347.955658"/>
   <element name="spam" layername="timeline_4" frame="4" z_index="6" m_a="0.196108" m_b="-0.980582" m_c="0.980582" m_d="0.196108" m_tx="4.734622" m_ty="-115.381638"/>
  </frame>
  <frame idx="175" w="461" h="1010" x="-96.096268" y="-454.179840">
   <element name="spam" layername="timeline_0" frame="0" z_index="9" m_a="0.999953" m_b="0.009744" m_c="-0.006245" m_d="0.640857" m_tx="8.194060" m_ty="-85.836594"/>
   <element name="spam" layername="timeline_1" frame="1" z_index="10" m_a="1.000000" m_b="0.000000" m_c="0.000000" m_d="1.000000" m_tx="-161.417480" m_ty="-468.611664"/>
   <element name="spam" layername="timeline_2" frame="2" z_index="8" m_a="1.053878" m_b="0.619747" m_c="-0.744023" m_d="1.265210" m_tx="11.107880" m_ty="-424.237244"/>
   <element name="spam" layername="timeline_3" frame="3" z_index="7" m_a="0.861999" m_b="0.506909" m_c="-0.506910" m_d="0.861999" m_tx="-66.168594" m_ty="-343.922913"/>
   <element name="spam" layername="timeline_4" frame="4" z_index="6" m_a="-0.031509" m_b="-0.999503" m_c="0.999503" m_d="-0.031509" m_tx="5.032775" m_ty="-115.391113"/>
  </frame>
  <frame idx="200" w="455" h="1007" x="-90.120010" y="-451.916779">
   <element name="spam" layername="timeline_0" frame="0" z_index="9" m_a="0.999953" m_b="0.009744" m_c="-0.005745" m_d="0.589558" m_tx="8.549421" m_ty="-85.979408"/>
   <element name="spam" layername="timeline_1" frame="1" z_index="10" m_a="1.000000" m_b="0.000000" m_c="0.000000" m_d="1.000000" m_tx="-161.417480" m_ty="-468.611664"/>
   <element name="spam" layername="timeline_2" frame="2" z_index="8" m_a="1.080335" m_b="0.572381" m_c="-0.687160" m_d="1.296973" m_tx="11.674607" m_ty="-423.722015"/>
   <element name="spam" layername="timeline_3" frame="3" z_index="7" m_a="0.883639" m_b="0.468168" m_c="-0.468168" m_d="0.883640" m_tx="-61.962624" m_ty="-340.058380"/>
   <element name="spam" layername="timeline_4" frame="4" z_index="6" m_a="-0.257482" m_b="-0.966283" m_c="0.966283" m_d="-0.257482" m_tx="5.330929" m_ty="-115.400589"/>
  </frame>
  <frame idx="225" w="448" h="1006" x="-84.008430" y="-450.274231">
   <element name="spam" layername="timeline_0" frame="0" z_index="9" m_a="0.999953" m_b="0.009744" m_c="-0.005245" m_d="0.538258" m_tx="8.904781" m_ty="-86.122223"/>
   <element name="spam" layername="timeline_1" frame="1" z_index="10" m_a="1.000000" m_b="0.000000" m_c="0.000000" m_d="1.000000" m_tx="-161.417480" m_ty="-468.611664"/>
   <element name="spam" layername="timeline_2" frame="2" z_index="8" m_a="1.104666" m_b="0.523888" m_c="-0.628943" m_d="1.326182" m_tx="12.251014" m_ty="-423.217377"/>
   <element name="spam" layername="timeline_3" frame="3" z_index="7" m_a="0.903539" m_b="0.428504" m_c="-0.428504" m_d="0.903540" m_tx="-57.601963" m_ty="-336.369171"/>
   <element name="spam" layername="timeline_4" frame="4" z_index="6" m_a="-0.470023" m_b="-0.882654" m_c="0.882654" m_d="-0.470023" m_tx="5.629083" m_ty="-115.410065"/>
  </frame>
  <frame idx="250" w="441" h="1005" x="-77.823593" y="-449.305786">
   <element name="spam" layername="timeline_0" frame="0" z_index="9" m_a="0.999953" m_b="0.009744" m_c="-0.004745" m_d="0.486959" m_tx="8.993649" m_ty="-86.349297"/>
   <element name="spam" layername="timeline_1" frame="1" z_index="10" m_a="1.000000" m_b="0.000000" m_c="0.000000" m_d="1.000000" m_tx="-161.417480" m_ty="-468.611664"/>
   <element name="spam" layername="timeline_2" frame="2" z_index="8" m_a="1.126820" m_b="0.474364" m_c="-0.569487" m_d="1.352780" m_tx="13.156801" m_ty="-423.274719"/>
   <element name="spam" layername="timeline_3" frame="3" z_index="7" m_a="0.921660" m_b="0.387996" m_c="-0.387997" m_d="0.921661" m_tx="-53.146194" m_ty="-333.366028"/>
   <element name="spam" layername="timeline_4" frame="4" z_index="6" m_a="-0.658044" m_b="-0.752979" m_c="0.752979" m_d="-0.658044" m_tx="5.839761" m_ty="-115.284142"/>
  </frame>
  <frame idx="275" w="435" h="1005" x="-71.590218" y="-449.218018">
   <element name="spam" layername="timeline_0" frame="0" z_index="9" m_a="0.999953" m_b="0.009744" m_c="-0.004245" m_d="0.435660" m_tx="8.743345" m_ty="-86.683609"/>
   <element name="spam" layername="timeline_1" frame="1" z_index="10" m_a="1.000000" m_b="0.000000" m_c="0.000000" m_d="1.000000" m_tx="-161.417480" m_ty="-468.611664"/>
   <element name="spam" layername="timeline_2" frame="2" z_index="8" m_a="1.146756" m_b="0.423905" m_c="-0.508910" m_d="1.376713" m_tx="14.470779" m_ty="-424.098602"/>
   <element name="spam" layername="timeline_3" frame="3" z_index="7" m_a="0.937966" m_b="0.346725" m_c="-0.346725" m_d="0.937967" m_tx="-48.617619" m_ty="-331.192749"/>
   <element name="spam" layername="timeline_4" frame="4" z_index="6" m_a="-0.811737" m_b="-0.584023" m_c="0.584023" m_d="-0.811737" m_tx="5.939107" m_ty="-114.985901"/>
  </frame>
  <frame idx="300" w="441" h="1005" x="-77.530212" y="-449.332062">
   <element name="spam" layername="timeline_0" frame="0" z_index="9" m_a="0.999953" m_b="0.009744" m_c="-0.003745" m_d="0.384360" m_tx="8.493041" m_ty="-87.017914"/>
   <element name="spam" layername="timeline_1" frame="1" z_index="10" m_a="1.000000" m_b="0.000000" m_c="0.000000" m_d="1.000000" m_tx="-161.417480" m_ty="-468.611664"/>
   <element name="spam" layername="timeline_2" frame="2" z_index="8" m_a="1.164434" m_b="0.372611" m_c="-0.447330" m_d="1.397936" m_tx="15.777785" m_ty="-425.008331"/>
   <element name="spam" layername="timeline_3" frame="3" z_index="7" m_a="0.952425" m_b="0.304770" m_c="-0.304770" m_d="0.952426" m_tx="-43.958942" m_ty="-329.213776"/>
   <element name="spam" layername="timeline_4" frame="4" z_index="6" m_a="-0.923083" m_b="-0.384600" m_c="0.384600" m_d="-0.923083" m_tx="6.038454" m_ty="-114.687660"/>
  </frame>
  <frame idx="325" w="452" h="1005" x="-87.248718" y="-449.648651">
   <element name="spam" layername="timeline_0" frame="0" z_index="9" m_a="0.999953" m_b="0.009744" m_c="-0.003245" m_d="0.333061" m_tx="8.242737" m_ty="-87.352226"/>
   <element name="spam" layername="timeline_1" frame="1" z_index="10" m_a="1.000000" m_b="0.000000" m_c="0.000000" m_d="1.000000" m_tx="-161.417480" m_ty="-468.611664"/>
   <element name="spam" layername="timeline_2" frame="2" z_index="8" m_a="1.179818" m_b="0.320584" m_c="-0.384870" m_d="1.416405" m_tx="17.072374" m_ty="-426.003082"/>
   <element name="spam" layername="timeline_3" frame="3" z_index="7" m_a="0.965009" m_b="0.262215" m_c="-0.262215" m_d="0.965009" m_tx="-39.179016" m_ty="-327.434601"/>
   <element name="spam" layername="timeline_4" frame="4" z_index="6" m_a="-0.986274" m_b="-0.165114" m_c="0.165114" m_d="-0.986274" m_tx="6.137800" m_ty="-114.389420"/>
  </frame>
  <frame idx="350" w="457" h="1004" x="-91.490677" y="-448.895905">
   <element name="spam" layername="timeline_0" frame="0" z_index="8" m_a="0.999953" m_b="0.009744" m_c="-0.002746" m_d="0.281761" m_tx="8.129709" m_ty="-87.488724"/>
   <element name="spam" layername="timeline_1" frame="1" z_index="10" m_a="1.000000" m_b="0.000000" m_c="0.000000" m_d="1.000000" m_tx="-161.417480" m_ty="-468.611664"/>
   <element name="spam" layername="timeline_2" frame="5" z_index="7" m_a="1.192879" m_b="0.267926" m_c="-0.322127" m_d="1.434200" m_tx="17.909119" m_ty="-426.959290"/>
   <element name="spam" layername="timeline_3" frame="3" z_index="7" m_a="0.975692" m_b="0.219144" m_c="-0.219144" m_d="0.975692" m_tx="-34.541996" m_ty="-325.618591"/>
   <element name="spam" layername="timeline_4" frame="4" z_index="9" m_a="-0.999404" m_b="-0.034518" m_c="0.034518" m_d="-0.999404" m_tx="6.174557" m_ty="-114.186935"/>
  </frame>
  <frame idx="375" w="452" h="1004" x="-87.717178" y="-448.661743">
   <element name="spam" layername="timeline_0" frame="0" z_index="8" m_a="0.999953" m_b="0.009744" m_c="-0.002246" m_d="0.230462" m_tx="8.369677" m_ty="-87.116577"/>
   <element name="spam" layername="timeline_1" frame="1" z_index="10" m_a="1.000000" m_b="0.000000" m_c="0.000000" m_d="1.000000" m_tx="-161.417480" m_ty="-468.611664"/>
   <element name="spam" layername="timeline_2" frame="5" z_index="7" m_a="1.203591" m_b="0.214739" m_c="-0.259541" m_d="1.454701" m_tx="17.567825" m_ty="-427.644958"/>
   <element name="spam" layername="timeline_3" frame="3" z_index="7" m_a="0.984454" m_b="0.175642" m_c="-0.175642" m_d="0.984454" m_tx="-30.458160" m_ty="-323.390411"/>
   <element name="spam" layername="timeline_4" frame="4" z_index="9" m_a="-0.988161" m_b="-0.153420" m_c="0.153420" m_d="-0.988161" m_tx="6.050370" m_ty="-114.230698"/>
  </frame>
  <frame idx="400" w="447" h="1004" x="-83.148224" y="-448.566132">
   <element name="spam" layername="timeline_0" frame="0" z_index="8" m_a="0.999953" m_b="0.009744" m_c="-0.001746" m_d="0.179162" m_tx="8.609644" m_ty="-86.744423"/>
   <element name="spam" layername="timeline_1" frame="1" z_index="10" m_a="1.000000" m_b="0.000000" m_c="0.000000" m_d="1.000000" m_tx="-161.417480" m_ty="-468.611664"/>
   <element name="spam" layername="timeline_2" frame="5" z_index="7" m_a="1.211933" m_b="0.161131" m_c="-0.195768" m_d="1.472458" m_tx="17.164732" m_ty="-428.350372"/>
   <element name="spam" layername="timeline_3" frame="3" z_index="7" m_a="0.991277" m_b="0.131794" m_c="-0.131794" m_d="0.991277" m_tx="-26.280624" m_ty="-321.376434"/>
   <element name="spam" layername="timeline_4" frame="4" z_index="9" m_a="-0.962823" m_b="-0.270132" m_c="0.270132" m_d="-0.962823" m_tx="5.926183" m_ty="-114.274467"/>
  </frame>
  <frame idx="425" w="441" h="1004" x="-77.843613" y="-448.607849">
   <element name="spam" layername="timeline_0" frame="0" z_index="8" m_a="0.999953" m_b="0.009744" m_c="-0.001246" m_d="0.127863" m_tx="8.849611" m_ty="-86.372276"/>
   <element name="spam" layername="timeline_1" frame="1" z_index="10" m_a="1.000000" m_b="0.000000" m_c="0.000000" m_d="1.000000" m_tx="-161.417480" m_ty="-468.611664"/>
   <element name="spam" layername="timeline_2" frame="5" z_index="7" m_a="1.217888" m_b="0.107204" m_c="-0.130929" m_d="1.487406" m_tx="16.698841" m_ty="-429.071442"/>
   <element name="spam" layername="timeline_3" frame="3" z_index="7" m_a="0.996148" m_b="0.087686" m_c="-0.087686" m_d="0.996148" m_tx="-22.018982" m_ty="-319.580566"/>
   <element name="spam" layername="timeline_4" frame="4" z_index="9" m_a="-0.923752" m_b="-0.382992" m_c="0.382992" m_d="-0.923752" m_tx="5.801996" m_ty="-114.318230"/>
  </frame>
  <frame idx="450" w="435" h="1004" x="-71.873657" y="-448.785370">
   <element name="spam" layername="timeline_0" frame="0" z_index="8" m_a="0.999953" m_b="0.009744" m_c="-0.000746" m_d="0.076564" m_tx="9.089579" m_ty="-86.000122"/>
   <element name="spam" layername="timeline_1" frame="1" z_index="10" m_a="1.000000" m_b="0.000000" m_c="0.000000" m_d="1.000000" m_tx="-161.417480" m_ty="-468.611664"/>
   <element name="spam" layername="timeline_2" frame="5" z_index="7" m_a="1.221445" m_b="0.053067" m_c="-0.065147" m_d="1.499485" m_tx="16.169403" m_ty="-429.803986"/>
   <element name="spam" layername="timeline_3" frame="3" z_index="7" m_a="0.999057" m_b="0.043405" m_c="-0.043405" m_d="0.999058" m_tx="-17.682993" m_ty="-318.006317"/>
   <element name="spam" layername="timeline_4" frame="4" z_index="9" m_a="-0.871504" m_b="-0.490389" m_c="0.490389" m_d="-0.871504" m_tx="5.677809" m_ty="-114.361992"/>
  </frame>
  <frame idx="475" w="428" h="1005" x="-65.318153" y="-449.096893">
   <element name="spam" layername="timeline_0" frame="0" z_index="8" m_a="0.999953" m_b="0.009744" m_c="-0.000246" m_d="0.025264" m_tx="9.329546" m_ty="-85.627975"/>
   <element name="spam" layername="timeline_1" frame="1" z_index="10" m_a="1.000000" m_b="0.000000" m_c="0.000000" m_d="1.000000" m_tx="-161.417480" m_ty="-468.611664"/>
   <element name="spam" layername="timeline_2" frame="5" z_index="7" m_a="1.222597" m_b="-0.001175" m_c="0.001450" m_d="1.508641" m_tx="15.575912" m_ty="-430.543762"/>
   <element name="spam" layername="timeline_3" frame="3" z_index="7" m_a="0.999999" m_b="-0.000961" m_c="0.000961" m_d="1.000000" m_tx="-13.282565" m_ty="-316.656830"/>
   <element name="spam" layername="timeline_4" frame="4" z_index="9" m_a="-0.806825" m_b="-0.590790" m_c="0.590790" m_d="-0.806825" m_tx="5.553623" m_ty="-114.405754"/>
  </frame>
  <frame idx="500" w="419" h="1005" x="-57.765228" y="-449.540344">
   <element name="spam" layername="timeline_0" frame="0" z_index="8" m_a="0.999953" m_b="0.009744" m_c="0.000254" m_d="-0.026035" m_tx="9.569513" m_ty="-85.255829"/>
   <element name="spam" layername="timeline_1" frame="1" z_index="10" m_a="1.000000" m_b="0.000000" m_c="0.000000" m_d="1.000000" m_tx="-161.417480" m_ty="-468.611664"/>
   <element name="spam" layername="timeline_2" frame="5" z_index="7" m_a="1.221341" m_b="-0.055415" m_c="0.068731" m_d="1.514826" m_tx="14.918105" m_ty="-431.286591"/>
   <element name="spam" layername="timeline_3" frame="3" z_index="7" m_a="0.998972" m_b="-0.045326" m_c="0.045326" m_d="0.998972" m_tx="-8.827676" m_ty="-315.534668"/>
   <element name="spam" layername="timeline_4" frame="4" z_index="9" m_a="-0.730638" m_b="-0.682765" m_c="0.682765" m_d="-0.730638" m_tx="5.429436" m_ty="-114.449516"/>
  </frame>
  <frame idx="525" w="411" h="1006" x="-50.310165" y="-450.113403">
   <element name="spam" layername="timeline_0" frame="0" z_index="8" m_a="0.999953" m_b="0.009744" m_c="0.000754" m_d="-0.077334" m_tx="9.809481" m_ty="-84.883675"/>
   <element name="spam" layername="timeline_1" frame="1" z_index="10" m_a="1.000000" m_b="0.000000" m_c="0.000000" m_d="1.000000" m_tx="-161.417480" m_ty="-468.611664"/>
   <element name="spam" layername="timeline_2" frame="5" z_index="7" m_a="1.217680" m_b="-0.109545" m_c="0.136562" m_d="1.517996" m_tx="14.195980" m_ty="-432.028198"/>
   <element name="spam" layername="timeline_3" frame="3" z_index="7" m_a="0.995977" m_b="-0.089600" m_c="0.089600" m_d="0.995978" m_tx="-4.328633" m_ty="-314.642090"/>
   <element name="spam" layername="timeline_4" frame="4" z_index="9" m_a="-0.644029" m_b="-0.765001" m_c="0.765001" m_d="-0.644029" m_tx="5.305249" m_ty="-114.493279"/>
  </frame>
  <frame idx="550" w="403" h="1005" x="-42.553886" y="-449.507690">
   <element name="spam" layername="timeline_0" frame="0" z_index="8" m_a="0.999953" m_b="0.009744" m_c="0.001253" m_d="-0.128634" m_tx="9.128976" m_ty="-85.648125"/>
   <element name="spam" layername="timeline_1" frame="1" z_index="10" m_a="1.000000" m_b="0.000000" m_c="0.000000" m_d="1.000000" m_tx="-161.417480" m_ty="-468.611664"/>
   <element name="spam" layername="timeline_2" frame="5" z_index="7" m_a="1.211621" m_b="-0.163460" m_c="0.202488" m_d="1.500911" m_tx="14.142631" m_ty="-430.712189"/>
   <element name="spam" layername="timeline_3" frame="3" z_index="7" m_a="0.991022" m_b="-0.133699" m_c="0.133699" m_d="0.991022" m_tx="0.942405" m_ty="-313.803314"/>
   <element name="spam" layername="timeline_4" frame="4" z_index="9" m_a="-0.548233" m_b="-0.836325" m_c="0.836325" m_d="-0.548233" m_tx="5.181062" m_ty="-114.537048"/>
  </frame>
  <frame idx="575" w="394" h="1005" x="-34.101707" y="-448.968506">
   <element name="spam" layername="timeline_0" frame="0" z_index="8" m_a="0.999953" m_b="0.009744" m_c="0.001753" m_d="-0.179933" m_tx="8.410117" m_ty="-86.459938"/>
   <element name="spam" layername="timeline_1" frame="1" z_index="10" m_a="1.000000" m_b="0.000000" m_c="0.000000" m_d="1.000000" m_tx="-161.417480" m_ty="-468.611664"/>
   <element name="spam" layername="timeline_2" frame="5" z_index="7" m_a="1.203176" m_b="-0.217052" m_c="0.267040" m_d="1.480272" m_tx="14.225319" m_ty="-429.308380"/>
   <element name="spam" layername="timeline_3" frame="3" z_index="7" m_a="0.984114" m_b="-0.177534" m_c="0.177534" m_d="0.984115" m_tx="6.267812" m_ty="-313.189789"/>
   <element name="spam" layername="timeline_4" frame="4" z_index="9" m_a="-0.444618" m_b="-0.895720" m_c="0.895720" m_d="-0.444618" m_tx="5.056875" m_ty="-114.580811"/>
  </frame>
  <frame idx="600" w="391" h="1004" x="-31.917480" y="-448.553925">
   <element name="spam" layername="timeline_0" frame="0" z_index="8" m_a="0.999953" m_b="0.009744" m_c="0.002253" m_d="-0.231232" m_tx="7.691259" m_ty="-87.271744"/>
   <element name="spam" layername="timeline_1" frame="1" z_index="10" m_a="1.000000" m_b="0.000000" m_c="0.000000" m_d="1.000000" m_tx="-161.417480" m_ty="-468.611664"/>
   <element name="spam" layername="timeline_2" frame="5" z_index="7" m_a="1.192362" m_b="-0.270218" m_c="0.330165" m_d="1.456881" m_tx="14.416685" m_ty="-427.909546"/>
   <element name="spam" layername="timeline_3" frame="3" z_index="7" m_a="0.975269" m_b="-0.221020" m_c="0.221020" m_d="0.975269" m_tx="11.606737" m_ty="-312.809570"/>
   <element name="spam" layername="timeline_4" frame="4" z_index="9" m_a="-0.334661" m_b="-0.942339" m_c="0.942339" m_d="-0.334661" m_tx="4.932688" m_ty="-114.624573"/>
  </frame>
  <frame idx="625" w="391" h="1004" x="-31.917480" y="-448.267487">
   <element name="spam" layername="timeline_0" frame="0" z_index="8" m_a="0.999953" m_b="0.009744" m_c="0.002753" m_d="-0.282532" m_tx="6.972401" m_ty="-88.083557"/>
   <element name="spam" layername="timeline_1" frame="1" z_index="10" m_a="1.000000" m_b="0.000000" m_c="0.000000" m_d="1.000000" m_tx="-161.417480" m_ty="-468.611664"/>
   <element name="spam" layername="timeline_2" frame="5" z_index="7" m_a="1.179200" m_b="-0.322851" m_c="0.391743" m_d="1.430824" m_tx="14.716012" m_ty="-426.522888"/>
   <element name="spam" layername="timeline_3" frame="3" z_index="7" m_a="0.964503" m_b="-0.264070" m_c="0.264070" m_d="0.964504" m_tx="16.948586" m_ty="-312.663177"/>
   <element name="spam" layername="timeline_4" frame="4" z_index="9" m_a="-0.219930" m_b="-0.975516" m_c="0.975516" m_d="-0.219930" m_tx="4.808502" m_ty="-114.668335"/>
  </frame>
  <frame idx="650" w="391" h="1004" x="-31.917480" y="-448.112488">
   <element name="spam" layername="timeline_0" frame="0" z_index="8" m_a="0.999953" m_b="0.009744" m_c="0.003253" m_d="-0.333831" m_tx="6.253543" m_ty="-88.895363"/>
   <element name="spam" layername="timeline_1" frame="1" z_index="10" m_a="1.000000" m_b="0.000000" m_c="0.000000" m_d="1.000000" m_tx="-161.417480" m_ty="-468.611664"/>
   <element name="spam" layername="timeline_2" frame="5" z_index="7" m_a="1.163715" m_b="-0.374849" m_c="0.451666" m_d="1.402192" m_tx="15.122171" m_ty="-425.155579"/>
   <element name="spam" layername="timeline_3" frame="3" z_index="7" m_a="0.951838" m_b="-0.306600" m_c="0.306601" m_d="0.951838" m_tx="22.283199" m_ty="-312.750427"/>
   <element name="spam" layername="timeline_4" frame="4" z_index="9" m_a="-0.102062" m_b="-0.994778" m_c="0.994778" m_d="-0.102062" m_tx="4.684315" m_ty="-114.712097"/>
  </frame>
  <frame idx="675" w="391" h="1005" x="-31.917480" y="-449.175751">
   <element name="spam" layername="timeline_0" frame="0" z_index="8" m_a="0.999953" m_b="0.009744" m_c="0.003753" m_d="-0.385131" m_tx="5.826392" m_ty="-89.571625"/>
   <element name="spam" layername="timeline_1" frame="1" z_index="10" m_a="1.000000" m_b="0.000000" m_c="0.000000" m_d="1.000000" m_tx="-161.417480" m_ty="-468.611664"/>
   <element name="spam" layername="timeline_2" frame="6" z_index="7" m_a="1.170568" m_b="-0.352869" m_c="0.423629" m_d="1.405299" m_tx="15.065438" m_ty="-424.366699"/>
   <element name="spam" layername="timeline_3" frame="3" z_index="6" m_a="0.957443" m_b="-0.288622" m_c="0.288622" m_d="0.957443" m_tx="20.111677" m_ty="-312.514313"/>
   <element name="spam" layername="timeline_4" frame="4" z_index="9" m_a="0.017262" m_b="-0.999851" m_c="0.999851" m_d="0.017262" m_tx="4.560128" m_ty="-114.755867"/>
  </frame>
  <frame idx="700" w="391" h="1003" x="-31.917480" y="-447.645294">
   <element name="spam" layername="timeline_0" frame="0" z_index="8" m_a="0.999953" m_b="0.009744" m_c="0.004253" m_d="-0.436430" m_tx="5.715256" m_ty="-90.101044"/>
   <element name="spam" layername="timeline_1" frame="1" z_index="10" m_a="1.000000" m_b="0.000000" m_c="0.000000" m_d="1.000000" m_tx="-161.417480" m_ty="-468.611664"/>
   <element name="spam" layername="timeline_2" frame="6" z_index="7" m_a="1.196879" m_b="-0.249451" m_c="0.299473" m_d="1.436887" m_tx="14.405739" m_ty="-424.235809"/>
   <element name="spam" layername="timeline_3" frame="3" z_index="6" m_a="0.978963" m_b="-0.204034" m_c="0.204034" m_d="0.978964" m_tx="9.793736" m_ty="-312.404785"/>
   <element name="spam" layername="timeline_4" frame="4" z_index="9" m_a="0.136339" m_b="-0.990662" m_c="0.990662" m_d="0.136339" m_tx="4.435941" m_ty="-114.799629"/>
  </frame>
  <frame idx="725" w="391" h="1001" x="-31.917480" y="-446.148529">
   <element name="spam" layername="timeline_0" frame="0" z_index="8" m_a="0.999953" m_b="0.009744" m_c="0.004753" m_d="-0.487729" m_tx="5.604120" m_ty="-90.630463"/>
   <element name="spam" layername="timeline_1" frame="1" z_index="10" m_a="1.000000" m_b="0.000000" m_c="0.000000" m_d="1.000000" m_tx="-161.417480" m_ty="-468.611664"/>
   <element name="spam" layername="timeline_2" frame="6" z_index="7" m_a="1.214072" m_b="-0.144133" m_c="0.173036" m_d="1.457528" m_tx="13.732202" m_ty="-424.176971"/>
   <element name="spam" layername="timeline_3" frame="3" z_index="6" m_a="0.993026" m_b="-0.117891" m_c="0.117891" m_d="0.993027" m_tx="-0.496691" m_ty="-313.199280"/>
   <element name="spam" layername="timeline_4" frame="4" z_index="9" m_a="0.253472" m_b="-0.967343" m_c="0.967343" m_d="0.253472" m_tx="4.311754" m_ty="-114.843391"/>
  </frame>
  <frame idx="750" w="392" h="1001" x="-31.956268" y="-445.693604">
   <element name="spam" layername="timeline_0" frame="0" z_index="8" m_a="0.999953" m_b="0.009744" m_c="0.005252" m_d="-0.539029" m_tx="5.492983" m_ty="-91.159874"/>
   <element name="spam" layername="timeline_1" frame="1" z_index="10" m_a="1.000000" m_b="0.000000" m_c="0.000000" m_d="1.000000" m_tx="-161.417480" m_ty="-468.611664"/>
   <element name="spam" layername="timeline_2" frame="6" z_index="7" m_a="1.222016" m_b="-0.037717" m_c="0.045280" m_d="1.467064" m_tx="13.052044" m_ty="-424.191254"/>
   <element name="spam" layername="timeline_3" frame="3" z_index="6" m_a="0.999524" m_b="-0.030849" m_c="0.030850" m_d="0.999524" m_tx="-10.680998" m_ty="-314.891968"/>
   <element name="spam" layername="timeline_4" frame="4" z_index="9" m_a="0.366989" m_b="-0.930225" m_c="0.930225" m_d="0.366989" m_tx="4.187567" m_ty="-114.887154"/>
  </frame>
  <frame idx="775" w="392" h="1001" x="-32.872894" y="-445.784607">
   <element name="spam" layername="timeline_0" frame="0" z_index="8" m_a="0.999953" m_b="0.009744" m_c="0.005752" m_d="-0.590328" m_tx="5.381847" m_ty="-91.689293"/>
   <element name="spam" layername="timeline_1" frame="1" z_index="10" m_a="1.000000" m_b="0.000000" m_c="0.000000" m_d="1.000000" m_tx="-161.417480" m_ty="-468.611664"/>
   <element name="spam" layername="timeline_2" frame="6" z_index="7" m_a="1.220650" m_b="0.068986" m_c="-0.082820" m_d="1.465424" m_tx="12.372587" m_ty="-424.279114"/>
   <element name="spam" layername="timeline_3" frame="3" z_index="6" m_a="0.998406" m_b="0.056426" m_c="-0.056426" m_d="0.998407" m_tx="-20.681101" m_ty="-317.470123"/>
   <element name="spam" layername="timeline_4" frame="4" z_index="9" m_a="0.475272" m_b="-0.879839" m_c="0.879839" m_d="0.475272" m_tx="4.063381" m_ty="-114.930916"/>
  </frame>
  <frame idx="800" w="406" h="1003" x="-45.584702" y="-446.921143">
   <element name="spam" layername="timeline_0" frame="0" z_index="8" m_a="0.999953" m_b="0.009744" m_c="0.006252" m_d="-0.641627" m_tx="5.270711" m_ty="-92.218712"/>
   <element name="spam" layername="timeline_1" frame="1" z_index="10" m_a="1.000000" m_b="0.000000" m_c="0.000000" m_d="1.000000" m_tx="-161.417480" m_ty="-468.611664"/>
   <element name="spam" layername="timeline_2" frame="6" z_index="7" m_a="1.209984" m_b="0.175164" m_c="-0.210289" m_d="1.452621" m_tx="11.701145" m_ty="-424.440247"/>
   <element name="spam" layername="timeline_3" frame="3" z_index="6" m_a="0.989683" m_b="0.143272" m_c="-0.143272" m_d="0.989683" m_tx="-30.420650" m_ty="-320.914368"/>
   <element name="spam" layername="timeline_4" frame="4" z_index="9" m_a="0.576775" m_b="-0.816903" m_c="0.816903" m_d="0.576775" m_tx="3.939193" m_ty="-114.974686"/>
  </frame>
  <frame idx="825" w="421" h="1004" x="-58.604935" y="-448.098541">
   <element name="spam" layername="timeline_0" frame="0" z_index="8" m_a="0.999953" m_b="0.009744" m_c="0.006752" m_d="-0.692927" m_tx="5.159575" m_ty="-92.748131"/>
   <element name="spam" layername="timeline_1" frame="1" z_index="10" m_a="1.000000" m_b="0.000000" m_c="0.000000" m_d="1.000000" m_tx="-161.417480" m_ty="-468.611664"/>
   <element name="spam" layername="timeline_2" frame="6" z_index="7" m_a="1.190101" m_b="0.280008" m_c="-0.336157" m_d="1.428750" m_tx="11.044988" m_ty="-424.673553"/>
   <element name="spam" layername="timeline_3" frame="3" z_index="6" m_a="0.973420" m_b="0.229027" m_c="-0.229027" m_d="0.973420" m_tx="-39.825115" m_ty="-325.198669"/>
   <element name="spam" layername="timeline_4" frame="4" z_index="9" m_a="0.670052" m_b="-0.742315" m_c="0.742315" m_d="0.670052" m_tx="3.815007" m_ty="-115.018448"/>
  </frame>
  <frame idx="850" w="434" h="1005" x="-70.845375" y="-449.807953">
   <element name="spam" layername="timeline_0" frame="0" z_index="8" m_a="0.999953" m_b="0.009744" m_c="0.005217" m_d="-0.535342" m_tx="5.183311" m_ty="-92.094963"/>
   <element name="spam" layername="timeline_1" frame="1" z_index="10" m_a="1.000000" m_b="0.000000" m_c="0.000000" m_d="1.000000" m_tx="-161.417480" m_ty="-468.611664"/>
   <element name="spam" layername="timeline_2" frame="6" z_index="7" m_a="1.161151" m_b="0.382718" m_c="-0.459464" m_d="1.393995" m_tx="10.411266" m_ty="-424.977386"/>
   <element name="spam" layername="timeline_3" frame="3" z_index="6" m_a="0.949741" m_b="0.313037" m_c="-0.313037" m_d="0.949741" m_tx="-48.822414" m_ty="-330.290558"/>
   <element name="spam" layername="timeline_4" frame="4" z_index="9" m_a="0.753770" m_b="-0.657138" m_c="0.657138" m_d="0.753770" m_tx="3.690820" m_ty="-115.062210"/>
  </frame>
  <frame idx="875" w="447" h="1009" x="-82.720169" y="-452.536224">
   <element name="spam" layername="timeline_0" frame="0" z_index="8" m_a="0.999953" m_b="0.009744" m_c="0.002723" m_d="-0.279460" m_tx="5.270515" m_ty="-90.885277"/>
   <element name="spam" layername="timeline_1" frame="1" z_index="10" m_a="1.000000" m_b="0.000000" m_c="0.000000" m_d="1.000000" m_tx="-161.417480" m_ty="-468.611664"/>
   <element name="spam" layername="timeline_2" frame="6" z_index="7" m_a="1.123355" m_b="0.482513" m_c="-0.579270" m_d="1.348619" m_tx="9.806926" m_ty="-425.349304"/>
   <element name="spam" layername="timeline_3" frame="3" z_index="6" m_a="0.918826" m_b="0.394662" m_c="-0.394662" m_d="0.918826" m_tx="-57.343773" m_ty="-336.151520"/>
   <element name="spam" layername="timeline_4" frame="4" z_index="9" m_a="0.826737" m_b="-0.562588" m_c="0.562588" m_d="0.826737" m_tx="3.566633" m_ty="-115.105972"/>
  </frame>
  <frame idx="900" w="459" h="1011" x="-94.146042" y="-455.266083">
   <element name="spam" layername="timeline_0" frame="0" z_index="8" m_a="0.999953" m_b="0.009744" m_c="0.000230" m_d="-0.023577" m_tx="5.357719" m_ty="-89.675598"/>
   <element name="spam" layername="timeline_1" frame="1" z_index="10" m_a="1.000000" m_b="0.000000" m_c="0.000000" m_d="1.000000" m_tx="-161.417480" m_ty="-468.611664"/>
   <element name="spam" layername="timeline_2" frame="6" z_index="7" m_a="1.077001" m_b="0.578631" m_c="-0.694663" m_d="1.292970" m_tx="9.238665" m_ty="-425.786163"/>
   <element name="spam" layername="timeline_3" frame="3" z_index="6" m_a="0.880911" m_b="0.473280" m_c="-0.473280" m_d="0.880912" m_tx="-65.323845" m_ty="-342.737030"/>
   <element name="spam" layername="timeline_4" frame="4" z_index="9" m_a="0.887912" m_b="-0.460014" m_c="0.460014" m_d="0.887912" m_tx="3.442446" m_ty="-115.149734"/>
  </frame>
  <frame idx="925" w="471" h="1016" x="-105.043282" y="-458.976257">
   <element name="spam" layername="timeline_0" frame="0" z_index="8" m_a="0.999953" m_b="0.009744" m_c="-0.002264" m_d="0.232305" m_tx="5.444923" m_ty="-88.465919"/>
   <element name="spam" layername="timeline_1" frame="1" z_index="10" m_a="1.000000" m_b="0.000000" m_c="0.000000" m_d="1.000000" m_tx="-161.417480" m_ty="-468.611664"/>
   <element name="spam" layername="timeline_2" frame="6" z_index="7" m_a="1.022442" m_b="0.670342" m_c="-0.804764" m_d="1.227470" m_tx="8.712851" m_ty="-426.284210"/>
   <element name="spam" layername="timeline_3" frame="3" z_index="6" m_a="0.836286" m_b="0.548293" m_c="-0.548293" m_d="0.836286" m_tx="-72.701569" m_ty="-349.997253"/>
   <element name="spam" layername="timeline_4" frame="4" z_index="9" m_a="0.936421" m_b="-0.350877" m_c="0.350877" m_d="0.936421" m_tx="3.318259" m_ty="-115.193497"/>
  </frame>
  <frame idx="950" w="482" h="1019" x="-115.336174" y="-462.641846">
   <element name="spam" layername="timeline_0" frame="0" z_index="8" m_a="0.999953" m_b="0.009744" m_c="-0.004757" m_d="0.488188" m_tx="5.532127" m_ty="-87.256241"/>
   <element name="spam" layername="timeline_1" frame="1" z_index="10" m_a="1.000000" m_b="0.000000" m_c="0.000000" m_d="1.000000" m_tx="-161.417480" m_ty="-468.611664"/>
   <element name="spam" layername="timeline_2" frame="6" z_index="7" m_a="0.960093" m_b="0.756945" m_c="-0.908734" m_d="1.152619" m_tx="8.235463" m_ty="-426.839172"/>
   <element name="spam" layername="timeline_3" frame="3" z_index="6" m_a="0.785289" m_b="0.619128" m_c="-0.619128" m_d="0.785290" m_tx="-79.420403" m_ty="-357.877045"/>
   <element name="spam" layername="timeline_4" frame="4" z_index="9" m_a="0.971574" m_b="-0.236736" m_c="0.236736" m_d="0.971574" m_tx="3.194073" m_ty="-115.237267"/>
  </frame>
  <frame idx="975" w="493" h="1024" x="-124.953560" y="-467.234161">
   <element name="spam" layername="timeline_0" frame="0" z_index="8" m_a="0.999953" m_b="0.009744" m_c="-0.007250" m_d="0.744070" m_tx="5.619332" m_ty="-86.046562"/>
   <element name="spam" layername="timeline_1" frame="1" z_index="10" m_a="1.000000" m_b="0.000000" m_c="0.000000" m_d="1.000000" m_tx="-161.417480" m_ty="-468.611664"/>
   <element name="spam" layername="timeline_2" frame="6" z_index="7" m_a="0.890431" m_b="0.837782" m_c="-1.005781" m_d="1.068987" m_tx="7.812046" m_ty="-427.446045"/>
   <element name="spam" layername="timeline_3" frame="3" z_index="6" m_a="0.728310" m_b="0.685247" m_c="-0.685247" m_d="0.728310" m_tx="-85.428810" m_ty="-366.316528"/>
   <element name="spam" layername="timeline_4" frame="4" z_index="9" m_a="0.992868" m_b="-0.119218" m_c="0.119218" m_d="0.992868" m_tx="3.069886" m_ty="-115.281029"/>
  </frame>
 </anim>
</Anims>
