<Anims>
 <anim name="idle" root="wgun" numframes="1000" framerate="40">
  <frame idx="0" w="176" h="47" x="-15.882551" y="-16.120499">
   <element name="wgun" layername="timeline_0" frame="0" z_index="1" m_a="0.187106" m_b="-0.070649" m_c="0.070649" m_d="0.187106" m_tx="-1.196199" m_ty="-13.202702"/>
  </frame>
  <frame idx="25" w="176" h="47" x="-15.882551" y="-16.120499">
   <element name="wgun" layername="timeline_0" frame="0" z_index="1" m_a="0.187106" m_b="-0.070649" m_c="0.070649" m_d="0.187106" m_tx="-1.196199" m_ty="-13.202702"/>
  </frame>
  <frame idx="50" w="176" h="47" x="-15.882551" y="-16.120499">
   <element name="wgun" layername="timeline_0" frame="0" z_index="1" m_a="0.187106" m_b="-0.070649" m_c="0.070649" m_d="0.187106" m_tx="-1.196199" m_ty="-13.202702"/>
  </frame>
  <frame idx="75" w="176" h="47" x="-15.882551" y="-16.120499">
   <element name="wgun" layername="timeline_0" frame="0" z_index="1" m_a="0.187106" m_b="-0.070649" m_c="0.070649" m_d="0.187106" m_tx="-1.196199" m_ty="-13.202702"/>
  </frame>
  <frame idx="100" w="176" h="47" x="-15.882551" y="-16.120499">
   <element name="wgun" layername="timeline_0" frame="0" z_index="1" m_a="0.187106" m_b="-0.070649" m_c="0.070649" m_d="0.187106" m_tx="-1.196199" m_ty="-13.202702"/>
  </frame>
  <frame idx="125" w="176" h="47" x="-15.882551" y="-16.120499">
   <element name="wgun" layername="timeline_0" frame="0" z_index="1" m_a="0.187106" m_b="-0.070649" m_c="0.070649" m_d="0.187106" m_tx="-1.196199" m_ty="-13.202702"/>
  </frame>
  <frame idx="150" w="176" h="47" x="-15.882551" y="-16.120499">
   <element name="wgun" layername="timeline_0" frame="0" z_index="1" m_a="0.187106" m_b="-0.070649" m_c="0.070649" m_d="0.187106" m_tx="-1.196199" m_ty="-13.202702"/>
  </frame>
  <frame idx="175" w="176" h="47" x="-15.882551" y="-16.120499">
   <element name="wgun" layername="timeline_0" frame="0" z_index="1" m_a="0.187106" m_b="-0.070649" m_c="0.070649" m_d="0.187106" m_tx="-1.196199" m_ty="-13.202702"/>
  </frame>
  <frame idx="200" w="176" h="47" x="-15.882551" y="-16.120499">
   <element name="wgun" layername="timeline_0" frame="0" z_index="1" m_a="0.187106" m_b="-0.070649" m_c="0.070649" m_d="0.187106" m_tx="-1.196199" m_ty="-13.202702"/>
  </frame>
  <frame idx="225" w="176" h="47" x="-15.882551" y="-16.120499">
   <element name="wgun" layername="timeline_0" frame="0" z_index="1" m_a="0.187106" m_b="-0.070649" m_c="0.070649" m_d="0.187106" m_tx="-1.196199" m_ty="-13.202702"/>
  </frame>
  <frame idx="250" w="176" h="47" x="-15.882551" y="-16.120499">
   <element name="wgun" layername="timeline_0" frame="0" z_index="1" m_a="0.187106" m_b="-0.070649" m_c="0.070649" m_d="0.187106" m_tx="-1.196199" m_ty="-13.202702"/>
  </frame>
  <frame idx="275" w="176" h="47" x="-15.882551" y="-16.120499">
   <element name="wgun" layername="timeline_0" frame="0" z_index="1" m_a="0.187106" m_b="-0.070649" m_c="0.070649" m_d="0.187106" m_tx="-1.196199" m_ty="-13.202702"/>
  </frame>
  <frame idx="300" w="176" h="47" x="-15.882551" y="-16.120499">
   <element name="wgun" layername="timeline_0" frame="0" z_index="1" m_a="0.187106" m_b="-0.070649" m_c="0.070649" m_d="0.187106" m_tx="-1.196199" m_ty="-13.202702"/>
  </frame>
  <frame idx="325" w="176" h="47" x="-15.882551" y="-16.120499">
   <element name="wgun" layername="timeline_0" frame="0" z_index="1" m_a="0.187106" m_b="-0.070649" m_c="0.070649" m_d="0.187106" m_tx="-1.196199" m_ty="-13.202702"/>
  </frame>
  <frame idx="350" w="176" h="47" x="-15.882551" y="-16.120499">
   <element name="wgun" layername="timeline_0" frame="0" z_index="1" m_a="0.187106" m_b="-0.070649" m_c="0.070649" m_d="0.187106" m_tx="-1.196199" m_ty="-13.202702"/>
  </frame>
  <frame idx="375" w="176" h="47" x="-15.882551" y="-16.120499">
   <element name="wgun" layername="timeline_0" frame="0" z_index="1" m_a="0.187106" m_b="-0.070649" m_c="0.070649" m_d="0.187106" m_tx="-1.196199" m_ty="-13.202702"/>
  </frame>
  <frame idx="400" w="176" h="47" x="-15.882551" y="-16.120499">
   <element name="wgun" layername="timeline_0" frame="0" z_index="1" m_a="0.187106" m_b="-0.070649" m_c="0.070649" m_d="0.187106" m_tx="-1.196199" m_ty="-13.202702"/>
  </frame>
  <frame idx="425" w="176" h="47" x="-15.882551" y="-16.120499">
   <element name="wgun" layername="timeline_0" frame="0" z_index="1" m_a="0.187106" m_b="-0.070649" m_c="0.070649" m_d="0.187106" m_tx="-1.196199" m_ty="-13.202702"/>
  </frame>
  <frame idx="450" w="176" h="47" x="-15.882551" y="-16.120499">
   <element name="wgun" layername="timeline_0" frame="0" z_index="1" m_a="0.187106" m_b="-0.070649" m_c="0.070649" m_d="0.187106" m_tx="-1.196199" m_ty="-13.202702"/>
  </frame>
  <frame idx="475" w="176" h="47" x="-15.882551" y="-16.120499">
   <element name="wgun" layername="timeline_0" frame="0" z_index="1" m_a="0.187106" m_b="-0.070649" m_c="0.070649" m_d="0.187106" m_tx="-1.196199" m_ty="-13.202702"/>
  </frame>
  <frame idx="500" w="176" h="47" x="-15.882551" y="-16.120499">
   <element name="wgun" layername="timeline_0" frame="0" z_index="1" m_a="0.187106" m_b="-0.070649" m_c="0.070649" m_d="0.187106" m_tx="-1.196199" m_ty="-13.202702"/>
  </frame>
  <frame idx="525" w="176" h="47" x="-15.882551" y="-16.120499">
   <element name="wgun" layername="timeline_0" frame="0" z_index="1" m_a="0.187106" m_b="-0.070649" m_c="0.070649" m_d="0.187106" m_tx="-1.196199" m_ty="-13.202702"/>
  </frame>
  <frame idx="550" w="176" h="47" x="-15.882551" y="-16.120499">
   <element name="wgun" layername="timeline_0" frame="0" z_index="1" m_a="0.187106" m_b="-0.070649" m_c="0.070649" m_d="0.187106" m_tx="-1.196199" m_ty="-13.202702"/>
  </frame>
  <frame idx="575" w="176" h="47" x="-15.882551" y="-16.120499">
   <element name="wgun" layername="timeline_0" frame="0" z_index="1" m_a="0.187106" m_b="-0.070649" m_c="0.070649" m_d="0.187106" m_tx="-1.196199" m_ty="-13.202702"/>
  </frame>
  <frame idx="600" w="176" h="47" x="-15.882551" y="-16.120499">
   <element name="wgun" layername="timeline_0" frame="0" z_index="1" m_a="0.187106" m_b="-0.070649" m_c="0.070649" m_d="0.187106" m_tx="-1.196199" m_ty="-13.202702"/>
  </frame>
  <frame idx="625" w="176" h="47" x="-15.882551" y="-16.120499">
   <element name="wgun" layername="timeline_0" frame="0" z_index="1" m_a="0.187106" m_b="-0.070649" m_c="0.070649" m_d="0.187106" m_tx="-1.196199" m_ty="-13.202702"/>
  </frame>
  <frame idx="650" w="176" h="47" x="-15.882551" y="-16.120499">
   <element name="wgun" layername="timeline_0" frame="0" z_index="1" m_a="0.187106" m_b="-0.070649" m_c="0.070649" m_d="0.187106" m_tx="-1.196199" m_ty="-13.202702"/>
  </frame>
  <frame idx="675" w="176" h="47" x="-15.882551" y="-16.120499">
   <element name="wgun" layername="timeline_0" frame="0" z_index="1" m_a="0.187106" m_b="-0.070649" m_c="0.070649" m_d="0.187106" m_tx="-1.196199" m_ty="-13.202702"/>
  </frame>
  <frame idx="700" w="176" h="47" x="-15.882551" y="-16.120499">
   <element name="wgun" layername="timeline_0" frame="0" z_index="1" m_a="0.187106" m_b="-0.070649" m_c="0.070649" m_d="0.187106" m_tx="-1.196199" m_ty="-13.202702"/>
  </frame>
  <frame idx="725" w="176" h="47" x="-15.882551" y="-16.120499">
   <element name="wgun" layername="timeline_0" frame="0" z_index="1" m_a="0.187106" m_b="-0.070649" m_c="0.070649" m_d="0.187106" m_tx="-1.196199" m_ty="-13.202702"/>
  </frame>
  <frame idx="750" w="176" h="47" x="-15.882551" y="-16.120499">
   <element name="wgun" layername="timeline_0" frame="0" z_index="1" m_a="0.187106" m_b="-0.070649" m_c="0.070649" m_d="0.187106" m_tx="-1.196199" m_ty="-13.202702"/>
  </frame>
  <frame idx="775" w="176" h="47" x="-15.882551" y="-16.120499">
   <element name="wgun" layername="timeline_0" frame="0" z_index="1" m_a="0.187106" m_b="-0.070649" m_c="0.070649" m_d="0.187106" m_tx="-1.196199" m_ty="-13.202702"/>
  </frame>
  <frame idx="800" w="176" h="47" x="-15.882551" y="-16.120499">
   <element name="wgun" layername="timeline_0" frame="0" z_index="1" m_a="0.187106" m_b="-0.070649" m_c="0.070649" m_d="0.187106" m_tx="-1.196199" m_ty="-13.202702"/>
  </frame>
  <frame idx="825" w="176" h="47" x="-15.882551" y="-16.120499">
   <element name="wgun" layername="timeline_0" frame="0" z_index="1" m_a="0.187106" m_b="-0.070649" m_c="0.070649" m_d="0.187106" m_tx="-1.196199" m_ty="-13.202702"/>
  </frame>
  <frame idx="850" w="176" h="47" x="-15.882551" y="-16.120499">
   <element name="wgun" layername="timeline_0" frame="0" z_index="1" m_a="0.187106" m_b="-0.070649" m_c="0.070649" m_d="0.187106" m_tx="-1.196199" m_ty="-13.202702"/>
  </frame>
  <frame idx="875" w="176" h="47" x="-15.882551" y="-16.120499">
   <element name="wgun" layername="timeline_0" frame="0" z_index="1" m_a="0.187106" m_b="-0.070649" m_c="0.070649" m_d="0.187106" m_tx="-1.196199" m_ty="-13.202702"/>
  </frame>
  <frame idx="900" w="176" h="47" x="-15.882551" y="-16.120499">
   <element name="wgun" layername="timeline_0" frame="0" z_index="1" m_a="0.187106" m_b="-0.070649" m_c="0.070649" m_d="0.187106" m_tx="-1.196199" m_ty="-13.202702"/>
  </frame>
  <frame idx="925" w="176" h="47" x="-15.882551" y="-16.120499">
   <element name="wgun" layername="timeline_0" frame="0" z_index="1" m_a="0.187106" m_b="-0.070649" m_c="0.070649" m_d="0.187106" m_tx="-1.196199" m_ty="-13.202702"/>
  </frame>
  <frame idx="950" w="176" h="47" x="-15.882551" y="-16.120499">
   <element name="wgun" layername="timeline_0" frame="0" z_index="1" m_a="0.187106" m_b="-0.070649" m_c="0.070649" m_d="0.187106" m_tx="-1.196199" m_ty="-13.202702"/>
  </frame>
  <frame idx="975" w="176" h="47" x="-15.882551" y="-16.120499">
   <element name="wgun" layername="timeline_0" frame="0" z_index="1" m_a="0.187106" m_b="-0.070649" m_c="0.070649" m_d="0.187106" m_tx="-1.196199" m_ty="-13.202702"/>
  </frame>
 </anim>
</Anims>
