<Anims>
 <anim name="idle" root="wcannon" numframes="1000" framerate="40">
  <frame idx="0" w="579" h="473" x="-253.218399" y="-143.979706">
   <element name="wcannon" layername="timeline_0" frame="0" z_index="9" m_a="0.931208" m_b="0.000000" m_c="0.000000" m_d="0.676796" m_tx="-138.034393" m_ty="-61.661602"/>
   <element name="wcannon" layername="timeline_1" frame="1" z_index="10" m_a="-0.987688" m_b="0.156434" m_c="0.156434" m_d="0.987688" m_tx="-0.011952" m_ty="-104.996017"/>
  </frame>
  <frame idx="25" w="582" h="471" x="-256.485596" y="-143.871292">
   <element name="wcannon" layername="timeline_0" frame="0" z_index="9" m_a="0.931208" m_b="0.000000" m_c="0.000000" m_d="0.676796" m_tx="-138.034393" m_ty="-61.661602"/>
   <element name="wcannon" layername="timeline_1" frame="1" z_index="10" m_a="-0.989415" m_b="0.145116" m_c="0.145116" m_d="0.989415" m_tx="-0.011952" m_ty="-104.923134"/>
  </frame>
  <frame idx="50" w="587" h="467" x="-260.225494" y="-143.262939">
   <element name="wcannon" layername="timeline_0" frame="0" z_index="9" m_a="0.931208" m_b="0.000000" m_c="0.000000" m_d="0.676796" m_tx="-138.034393" m_ty="-61.661602"/>
   <element name="wcannon" layername="timeline_1" frame="1" z_index="10" m_a="-0.991011" m_b="0.133779" m_c="0.133779" m_d="0.991011" m_tx="-0.011952" m_ty="-104.850243"/>
  </frame>
  <frame idx="75" w="591" h="464" x="-263.937714" y="-143.154663">
   <element name="wcannon" layername="timeline_0" frame="0" z_index="9" m_a="0.931208" m_b="0.000000" m_c="0.000000" m_d="0.676796" m_tx="-138.034393" m_ty="-61.661602"/>
   <element name="wcannon" layername="timeline_1" frame="1" z_index="10" m_a="-0.992478" m_b="0.122425" m_c="0.122425" m_d="0.992478" m_tx="-0.011952" m_ty="-104.777359"/>
  </frame>
  <frame idx="100" w="594" h="461" x="-267.121826" y="-142.546478">
   <element name="wcannon" layername="timeline_0" frame="0" z_index="9" m_a="0.931208" m_b="0.000000" m_c="0.000000" m_d="0.676796" m_tx="-138.034393" m_ty="-61.661602"/>
   <element name="wcannon" layername="timeline_1" frame="1" z_index="10" m_a="-0.993814" m_b="0.111054" m_c="0.111054" m_d="0.993814" m_tx="-0.011952" m_ty="-104.704475"/>
  </frame>
  <frame idx="125" w="598" h="458" x="-270.777435" y="-142.438354">
   <element name="wcannon" layername="timeline_0" frame="0" z_index="9" m_a="0.931208" m_b="0.000000" m_c="0.000000" m_d="0.676796" m_tx="-138.034393" m_ty="-61.661602"/>
   <element name="wcannon" layername="timeline_1" frame="1" z_index="10" m_a="-0.995021" m_b="0.099669" m_c="0.099669" m_d="0.995021" m_tx="-0.011952" m_ty="-104.631584"/>
  </frame>
  <frame idx="150" w="602" h="454" x="-274.404114" y="-141.830353">
   <element name="wcannon" layername="timeline_0" frame="0" z_index="9" m_a="0.931208" m_b="0.000000" m_c="0.000000" m_d="0.676796" m_tx="-138.034393" m_ty="-61.661602"/>
   <element name="wcannon" layername="timeline_1" frame="1" z_index="10" m_a="-0.996096" m_b="0.088271" m_c="0.088271" m_d="0.996096" m_tx="-0.011952" m_ty="-104.558701"/>
  </frame>
  <frame idx="175" w="605" h="452" x="-277.501404" y="-141.722427">
   <element name="wcannon" layername="timeline_0" frame="0" z_index="9" m_a="0.931208" m_b="0.000000" m_c="0.000000" m_d="0.676796" m_tx="-138.034393" m_ty="-61.661602"/>
   <element name="wcannon" layername="timeline_1" frame="1" z_index="10" m_a="-0.997042" m_b="0.076861" m_c="0.076861" m_d="0.997042" m_tx="-0.011952" m_ty="-104.485817"/>
  </frame>
  <frame idx="200" w="609" h="448" x="-281.068970" y="-141.114594">
   <element name="wcannon" layername="timeline_0" frame="0" z_index="9" m_a="0.931208" m_b="0.000000" m_c="0.000000" m_d="0.676796" m_tx="-138.034393" m_ty="-61.661602"/>
   <element name="wcannon" layername="timeline_1" frame="1" z_index="10" m_a="-0.997856" m_b="0.065441" m_c="0.065441" m_d="0.997856" m_tx="-0.011952" m_ty="-104.412926"/>
  </frame>
  <frame idx="225" w="612" h="445" x="-284.106384" y="-141.006897">
   <element name="wcannon" layername="timeline_0" frame="0" z_index="9" m_a="0.931208" m_b="0.000000" m_c="0.000000" m_d="0.676796" m_tx="-138.034393" m_ty="-61.661602"/>
   <element name="wcannon" layername="timeline_1" frame="1" z_index="10" m_a="-0.998540" m_b="0.054013" m_c="0.054013" m_d="0.998540" m_tx="-0.011952" m_ty="-104.340042"/>
  </frame>
  <frame idx="250" w="616" h="441" x="-287.613220" y="-140.399277">
   <element name="wcannon" layername="timeline_0" frame="0" z_index="9" m_a="0.931208" m_b="0.000000" m_c="0.000000" m_d="0.676796" m_tx="-138.034393" m_ty="-61.661602"/>
   <element name="wcannon" layername="timeline_1" frame="1" z_index="10" m_a="-0.999093" m_b="0.042577" m_c="0.042577" m_d="0.999093" m_tx="-0.011952" m_ty="-104.267151"/>
  </frame>
  <frame idx="275" w="620" h="437" x="-291.089172" y="-139.791794">
   <element name="wcannon" layername="timeline_0" frame="0" z_index="9" m_a="0.931208" m_b="0.000000" m_c="0.000000" m_d="0.676796" m_tx="-138.034393" m_ty="-61.661602"/>
   <element name="wcannon" layername="timeline_1" frame="1" z_index="10" m_a="-0.999515" m_b="0.031136" m_c="0.031136" m_d="0.999515" m_tx="-0.011952" m_ty="-104.194267"/>
  </frame>
  <frame idx="300" w="623" h="435" x="-294.033691" y="-139.684418">
   <element name="wcannon" layername="timeline_0" frame="0" z_index="9" m_a="0.931208" m_b="0.000000" m_c="0.000000" m_d="0.676796" m_tx="-138.034393" m_ty="-61.661602"/>
   <element name="wcannon" layername="timeline_1" frame="1" z_index="10" m_a="-0.999806" m_b="0.019691" m_c="0.019691" m_d="0.999806" m_tx="-0.011952" m_ty="-104.121384"/>
  </frame>
  <frame idx="325" w="627" h="431" x="-297.446564" y="-139.077164">
   <element name="wcannon" layername="timeline_0" frame="0" z_index="9" m_a="0.931208" m_b="0.000000" m_c="0.000000" m_d="0.676796" m_tx="-138.034393" m_ty="-61.661602"/>
   <element name="wcannon" layername="timeline_1" frame="1" z_index="10" m_a="-0.999966" m_b="0.008243" m_c="0.008243" m_d="0.999966" m_tx="-0.011952" m_ty="-104.048492"/>
  </frame>
  <frame idx="350" w="630" h="428" x="-299.971863" y="-138.994690">
   <element name="wcannon" layername="timeline_0" frame="0" z_index="9" m_a="0.931208" m_b="0.000000" m_c="0.000000" m_d="0.676796" m_tx="-138.034393" m_ty="-61.661602"/>
   <element name="wcannon" layername="timeline_1" frame="1" z_index="10" m_a="-0.999998" m_b="-0.001786" m_c="-0.001786" m_d="0.999998" m_tx="-0.011952" m_ty="-103.996017"/>
  </frame>
  <frame idx="375" w="632" h="425" x="-302.065155" y="-138.475662">
   <element name="wcannon" layername="timeline_0" frame="0" z_index="9" m_a="0.931208" m_b="0.000000" m_c="0.000000" m_d="0.676796" m_tx="-138.034393" m_ty="-61.661602"/>
   <element name="wcannon" layername="timeline_1" frame="1" z_index="10" m_a="-0.999967" m_b="-0.008165" m_c="-0.008165" m_d="0.999967" m_tx="-0.011952" m_ty="-103.996017"/>
  </frame>
  <frame idx="400" w="634" h="424" x="-303.648315" y="-138.456665">
   <element name="wcannon" layername="timeline_0" frame="0" z_index="9" m_a="0.931208" m_b="0.000000" m_c="0.000000" m_d="0.676796" m_tx="-138.034393" m_ty="-61.661602"/>
   <element name="wcannon" layername="timeline_1" frame="1" z_index="10" m_a="-0.999894" m_b="-0.014544" m_c="-0.014544" m_d="0.999894" m_tx="-0.011952" m_ty="-103.996017"/>
  </frame>
  <frame idx="425" w="636" h="422" x="-305.221252" y="-138.437729">
   <element name="wcannon" layername="timeline_0" frame="0" z_index="9" m_a="0.931208" m_b="0.000000" m_c="0.000000" m_d="0.676796" m_tx="-138.034393" m_ty="-61.661602"/>
   <element name="wcannon" layername="timeline_1" frame="1" z_index="10" m_a="-0.999781" m_b="-0.020922" m_c="-0.020922" m_d="0.999781" m_tx="-0.011952" m_ty="-103.996017"/>
  </frame>
  <frame idx="450" w="638" h="419" x="-307.283905" y="-137.918823">
   <element name="wcannon" layername="timeline_0" frame="0" z_index="9" m_a="0.931208" m_b="0.000000" m_c="0.000000" m_d="0.676796" m_tx="-138.034393" m_ty="-61.661602"/>
   <element name="wcannon" layername="timeline_1" frame="1" z_index="10" m_a="-0.999627" m_b="-0.027299" m_c="-0.027299" m_d="0.999627" m_tx="-0.011952" m_ty="-103.996017"/>
  </frame>
  <frame idx="475" w="640" h="418" x="-308.836243" y="-137.899963">
   <element name="wcannon" layername="timeline_0" frame="0" z_index="9" m_a="0.931208" m_b="0.000000" m_c="0.000000" m_d="0.676796" m_tx="-138.034393" m_ty="-61.661602"/>
   <element name="wcannon" layername="timeline_1" frame="1" z_index="10" m_a="-0.999433" m_b="-0.033675" m_c="-0.033675" m_d="0.999433" m_tx="-0.011952" m_ty="-103.996017"/>
  </frame>
  <frame idx="500" w="641" h="416" x="-310.378204" y="-137.881149">
   <element name="wcannon" layername="timeline_0" frame="0" z_index="9" m_a="0.931208" m_b="0.000000" m_c="0.000000" m_d="0.676796" m_tx="-138.034393" m_ty="-61.661602"/>
   <element name="wcannon" layername="timeline_1" frame="1" z_index="10" m_a="-0.999198" m_b="-0.040050" m_c="-0.040050" m_d="0.999198" m_tx="-0.011952" m_ty="-103.996017"/>
  </frame>
  <frame idx="525" w="644" h="413" x="-312.409729" y="-137.362381">
   <element name="wcannon" layername="timeline_0" frame="0" z_index="9" m_a="0.931208" m_b="0.000000" m_c="0.000000" m_d="0.676796" m_tx="-138.034393" m_ty="-61.661602"/>
   <element name="wcannon" layername="timeline_1" frame="1" z_index="10" m_a="-0.998922" m_b="-0.046423" m_c="-0.046423" m_d="0.998922" m_tx="-0.011952" m_ty="-103.996017"/>
  </frame>
  <frame idx="550" w="645" h="412" x="-313.930695" y="-137.343658">
   <element name="wcannon" layername="timeline_0" frame="0" z_index="9" m_a="0.931208" m_b="0.000000" m_c="0.000000" m_d="0.676796" m_tx="-138.034393" m_ty="-61.661602"/>
   <element name="wcannon" layername="timeline_1" frame="1" z_index="10" m_a="-0.998605" m_b="-0.052795" m_c="-0.052795" m_d="0.998605" m_tx="-0.011952" m_ty="-103.996017"/>
  </frame>
  <frame idx="575" w="647" h="410" x="-315.441132" y="-137.324982">
   <element name="wcannon" layername="timeline_0" frame="0" z_index="9" m_a="0.931208" m_b="0.000000" m_c="0.000000" m_d="0.676796" m_tx="-138.034393" m_ty="-61.661602"/>
   <element name="wcannon" layername="timeline_1" frame="1" z_index="10" m_a="-0.998248" m_b="-0.059164" m_c="-0.059164" m_d="0.998248" m_tx="-0.011952" m_ty="-103.996017"/>
  </frame>
  <frame idx="600" w="648" h="407" x="-316.940918" y="-136.806366">
   <element name="wcannon" layername="timeline_0" frame="0" z_index="9" m_a="0.931208" m_b="0.000000" m_c="0.000000" m_d="0.676796" m_tx="-138.034393" m_ty="-61.661602"/>
   <element name="wcannon" layername="timeline_1" frame="1" z_index="10" m_a="-0.997851" m_b="-0.065530" m_c="-0.065530" m_d="0.997851" m_tx="-0.011952" m_ty="-103.996017"/>
  </frame>
  <frame idx="625" w="651" h="406" x="-318.929993" y="-136.787781">
   <element name="wcannon" layername="timeline_0" frame="0" z_index="9" m_a="0.931208" m_b="0.000000" m_c="0.000000" m_d="0.676796" m_tx="-138.034393" m_ty="-61.661602"/>
   <element name="wcannon" layername="timeline_1" frame="1" z_index="10" m_a="-0.997412" m_b="-0.071894" m_c="-0.071894" m_d="0.997412" m_tx="-0.011952" m_ty="-103.996017"/>
  </frame>
  <frame idx="650" w="652" h="404" x="-320.408295" y="-136.769257">
   <element name="wcannon" layername="timeline_0" frame="0" z_index="9" m_a="0.931208" m_b="0.000000" m_c="0.000000" m_d="0.676796" m_tx="-138.034393" m_ty="-61.661602"/>
   <element name="wcannon" layername="timeline_1" frame="1" z_index="10" m_a="-0.996933" m_b="-0.078256" m_c="-0.078256" m_d="0.996933" m_tx="-0.011952" m_ty="-103.996017"/>
  </frame>
  <frame idx="675" w="654" h="401" x="-321.875793" y="-136.250763">
   <element name="wcannon" layername="timeline_0" frame="0" z_index="9" m_a="0.931208" m_b="0.000000" m_c="0.000000" m_d="0.676796" m_tx="-138.034393" m_ty="-61.661602"/>
   <element name="wcannon" layername="timeline_1" frame="1" z_index="10" m_a="-0.996414" m_b="-0.084614" m_c="-0.084614" m_d="0.996414" m_tx="-0.011952" m_ty="-103.996017"/>
  </frame>
  <frame idx="700" w="652" h="405" x="-319.782806" y="-136.824707">
   <element name="wcannon" layername="timeline_0" frame="0" z_index="9" m_a="0.931208" m_b="0.000000" m_c="0.000000" m_d="0.676796" m_tx="-138.034393" m_ty="-61.661602"/>
   <element name="wcannon" layername="timeline_1" frame="1" z_index="10" m_a="-0.997141" m_b="-0.075559" m_c="-0.075559" m_d="0.997141" m_tx="-0.011952" m_ty="-104.043633"/>
  </frame>
  <frame idx="725" w="646" h="411" x="-314.741638" y="-137.460632">
   <element name="wcannon" layername="timeline_0" frame="0" z_index="9" m_a="0.931208" m_b="0.000000" m_c="0.000000" m_d="0.676796" m_tx="-138.034393" m_ty="-61.661602"/>
   <element name="wcannon" layername="timeline_1" frame="1" z_index="10" m_a="-0.998419" m_b="-0.056209" m_c="-0.056209" m_d="0.998419" m_tx="-0.011952" m_ty="-104.123001"/>
  </frame>
  <frame idx="750" w="640" h="417" x="-309.602295" y="-138.096985">
   <element name="wcannon" layername="timeline_0" frame="0" z_index="9" m_a="0.931208" m_b="0.000000" m_c="0.000000" m_d="0.676796" m_tx="-138.034393" m_ty="-61.661602"/>
   <element name="wcannon" layername="timeline_1" frame="1" z_index="10" m_a="-0.999321" m_b="-0.036837" m_c="-0.036837" m_d="0.999321" m_tx="-0.011952" m_ty="-104.202362"/>
  </frame>
  <frame idx="775" w="635" h="423" x="-304.366760" y="-138.733734">
   <element name="wcannon" layername="timeline_0" frame="0" z_index="9" m_a="0.931208" m_b="0.000000" m_c="0.000000" m_d="0.676796" m_tx="-138.034393" m_ty="-61.661602"/>
   <element name="wcannon" layername="timeline_1" frame="1" z_index="10" m_a="-0.999848" m_b="-0.017452" m_c="-0.017452" m_d="0.999848" m_tx="-0.011952" m_ty="-104.281731"/>
  </frame>
  <frame idx="800" w="629" h="429" x="-299.036682" y="-139.370895">
   <element name="wcannon" layername="timeline_0" frame="0" z_index="9" m_a="0.931208" m_b="0.000000" m_c="0.000000" m_d="0.676796" m_tx="-138.034393" m_ty="-61.661602"/>
   <element name="wcannon" layername="timeline_1" frame="1" z_index="10" m_a="-0.999998" m_b="0.001939" m_c="0.001939" m_d="0.999998" m_tx="-0.011952" m_ty="-104.361092"/>
  </frame>
  <frame idx="825" w="623" h="435" x="-293.613922" y="-140.008423">
   <element name="wcannon" layername="timeline_0" frame="0" z_index="9" m_a="0.931208" m_b="0.000000" m_c="0.000000" m_d="0.676796" m_tx="-138.034393" m_ty="-61.661602"/>
   <element name="wcannon" layername="timeline_1" frame="1" z_index="10" m_a="-0.999772" m_b="0.021330" m_c="0.021330" m_d="0.999772" m_tx="-0.011952" m_ty="-104.440460"/>
  </frame>
  <frame idx="850" w="617" h="441" x="-288.100159" y="-140.646301">
   <element name="wcannon" layername="timeline_0" frame="0" z_index="9" m_a="0.931208" m_b="0.000000" m_c="0.000000" m_d="0.676796" m_tx="-138.034393" m_ty="-61.661602"/>
   <element name="wcannon" layername="timeline_1" frame="1" z_index="10" m_a="-0.999171" m_b="0.040714" m_c="0.040714" m_d="0.999171" m_tx="-0.011952" m_ty="-104.519829"/>
  </frame>
  <frame idx="875" w="611" h="447" x="-282.497589" y="-141.284515">
   <element name="wcannon" layername="timeline_0" frame="0" z_index="9" m_a="0.931208" m_b="0.000000" m_c="0.000000" m_d="0.676796" m_tx="-138.034393" m_ty="-61.661602"/>
   <element name="wcannon" layername="timeline_1" frame="1" z_index="10" m_a="-0.998194" m_b="0.060081" m_c="0.060081" m_d="0.998194" m_tx="-0.011952" m_ty="-104.599190"/>
  </frame>
  <frame idx="900" w="605" h="453" x="-276.807922" y="-141.923035">
   <element name="wcannon" layername="timeline_0" frame="0" z_index="9" m_a="0.931208" m_b="0.000000" m_c="0.000000" m_d="0.676796" m_tx="-138.034393" m_ty="-61.661602"/>
   <element name="wcannon" layername="timeline_1" frame="1" z_index="10" m_a="-0.996841" m_b="0.079426" m_c="0.079426" m_d="0.996841" m_tx="-0.011952" m_ty="-104.678558"/>
  </frame>
  <frame idx="925" w="598" h="458" x="-271.033325" y="-142.561829">
   <element name="wcannon" layername="timeline_0" frame="0" z_index="9" m_a="0.931208" m_b="0.000000" m_c="0.000000" m_d="0.676796" m_tx="-138.034393" m_ty="-61.661602"/>
   <element name="wcannon" layername="timeline_1" frame="1" z_index="10" m_a="-0.995113" m_b="0.098741" m_c="0.098741" m_d="0.995113" m_tx="-0.011952" m_ty="-104.757919"/>
  </frame>
  <frame idx="950" w="592" h="464" x="-265.175446" y="-143.200897">
   <element name="wcannon" layername="timeline_0" frame="0" z_index="9" m_a="0.931208" m_b="0.000000" m_c="0.000000" m_d="0.676796" m_tx="-138.034393" m_ty="-61.661602"/>
   <element name="wcannon" layername="timeline_1" frame="1" z_index="10" m_a="-0.993011" m_b="0.118019" m_c="0.118019" m_d="0.993011" m_tx="-0.011952" m_ty="-104.837288"/>
  </frame>
  <frame idx="975" w="586" h="469" x="-259.236328" y="-143.840195">
   <element name="wcannon" layername="timeline_0" frame="0" z_index="9" m_a="0.931208" m_b="0.000000" m_c="0.000000" m_d="0.676796" m_tx="-138.034393" m_ty="-61.661602"/>
   <element name="wcannon" layername="timeline_1" frame="1" z_index="10" m_a="-0.990536" m_b="0.137253" m_c="0.137253" m_d="0.990536" m_tx="-0.011952" m_ty="-104.916649"/>
  </frame>
 </anim>
 <anim name="atk_up" root="wcannon" numframes="1000" framerate="40">
  <frame idx="0" w="335" h="428" x="-29.999950" y="-143.000046">
   <element name="wcannon" layername="timeline_0" frame="0" z_index="9" m_a="0.931208" m_b="0.000000" m_c="0.000000" m_d="0.676796" m_tx="-138.034393" m_ty="-61.661602"/>
   <element name="wcannon" layername="timeline_1" frame="4" z_index="10" m_a="1.000000" m_b="0.000000" m_c="0.000000" m_d="1.000000" m_tx="0.988048" m_ty="-109.988045"/>
  </frame>
  <frame idx="25" w="335" h="418" x="-29.911669" y="-141.914307">
   <element name="wcannon" layername="timeline_0" frame="0" z_index="9" m_a="0.931208" m_b="0.000000" m_c="0.000000" m_d="0.676796" m_tx="-138.034393" m_ty="-61.661602"/>
   <element name="wcannon" layername="timeline_1" frame="4" z_index="10" m_a="0.999576" m_b="-0.029121" m_c="0.029121" m_d="0.999576" m_tx="0.988048" m_ty="-109.988045"/>
  </frame>
  <frame idx="50" w="335" h="410" x="-29.820927" y="-141.331161">
   <element name="wcannon" layername="timeline_0" frame="0" z_index="9" m_a="0.931208" m_b="0.000000" m_c="0.000000" m_d="0.676796" m_tx="-138.034393" m_ty="-61.661602"/>
   <element name="wcannon" layername="timeline_1" frame="4" z_index="10" m_a="0.998304" m_b="-0.058218" m_c="0.058218" m_d="0.998304" m_tx="0.988048" m_ty="-109.988045"/>
  </frame>
  <frame idx="75" w="335" h="400" x="-29.727802" y="-140.250702">
   <element name="wcannon" layername="timeline_0" frame="0" z_index="9" m_a="0.931208" m_b="0.000000" m_c="0.000000" m_d="0.676796" m_tx="-138.034393" m_ty="-61.661602"/>
   <element name="wcannon" layername="timeline_1" frame="4" z_index="10" m_a="0.996185" m_b="-0.087265" m_c="0.087265" m_d="0.996185" m_tx="0.988048" m_ty="-109.988045"/>
  </frame>
  <frame idx="100" w="335" h="391" x="-29.632376" y="-139.672974">
   <element name="wcannon" layername="timeline_0" frame="0" z_index="9" m_a="0.931208" m_b="0.000000" m_c="0.000000" m_d="0.676796" m_tx="-138.034393" m_ty="-61.661602"/>
   <element name="wcannon" layername="timeline_1" frame="4" z_index="10" m_a="0.993221" m_b="-0.116239" m_c="0.116239" m_d="0.993221" m_tx="0.988048" m_ty="-109.988045"/>
  </frame>
  <frame idx="125" w="341" h="381" x="-30.034723" y="-138.598083">
   <element name="wcannon" layername="timeline_0" frame="0" z_index="9" m_a="0.931208" m_b="0.000000" m_c="0.000000" m_d="0.676796" m_tx="-138.034393" m_ty="-61.661602"/>
   <element name="wcannon" layername="timeline_1" frame="4" z_index="10" m_a="0.989415" m_b="-0.145113" m_c="0.145113" m_d="0.989415" m_tx="0.988048" m_ty="-109.988045"/>
  </frame>
  <frame idx="150" w="348" h="370" x="-30.434933" y="-137.526047">
   <element name="wcannon" layername="timeline_0" frame="0" z_index="9" m_a="0.931208" m_b="0.000000" m_c="0.000000" m_d="0.676796" m_tx="-138.034393" m_ty="-61.661602"/>
   <element name="wcannon" layername="timeline_1" frame="4" z_index="10" m_a="0.984769" m_b="-0.173865" m_c="0.173865" m_d="0.984769" m_tx="0.988048" m_ty="-109.988045"/>
  </frame>
  <frame idx="175" w="356" h="360" x="-31.333088" y="-136.456955">
   <element name="wcannon" layername="timeline_0" frame="0" z_index="9" m_a="0.931208" m_b="0.000000" m_c="0.000000" m_d="0.676796" m_tx="-138.034393" m_ty="-61.661602"/>
   <element name="wcannon" layername="timeline_1" frame="4" z_index="10" m_a="0.979289" m_b="-0.202469" m_c="0.202469" m_d="0.979289" m_tx="0.988048" m_ty="-109.988045"/>
  </frame>
  <frame idx="200" w="362" h="350" x="-31.729273" y="-135.890854">
   <element name="wcannon" layername="timeline_0" frame="0" z_index="9" m_a="0.931208" m_b="0.000000" m_c="0.000000" m_d="0.676796" m_tx="-138.034393" m_ty="-61.661602"/>
   <element name="wcannon" layername="timeline_1" frame="4" z_index="10" m_a="0.972977" m_b="-0.230902" m_c="0.230902" m_d="0.972977" m_tx="0.988048" m_ty="-109.988045"/>
  </frame>
  <frame idx="225" w="369" h="339" x="-32.123577" y="-134.827820">
   <element name="wcannon" layername="timeline_0" frame="0" z_index="9" m_a="0.931208" m_b="0.000000" m_c="0.000000" m_d="0.676796" m_tx="-138.034393" m_ty="-61.661602"/>
   <element name="wcannon" layername="timeline_1" frame="4" z_index="10" m_a="0.965840" m_b="-0.259138" m_c="0.259138" m_d="0.965840" m_tx="0.988048" m_ty="-109.988045"/>
  </frame>
  <frame idx="250" w="375" h="328" x="-32.516090" y="-133.767868">
   <element name="wcannon" layername="timeline_0" frame="0" z_index="9" m_a="0.931208" m_b="0.000000" m_c="0.000000" m_d="0.676796" m_tx="-138.034393" m_ty="-61.661602"/>
   <element name="wcannon" layername="timeline_1" frame="4" z_index="10" m_a="0.957884" m_b="-0.287155" m_c="0.287155" m_d="0.957884" m_tx="0.988048" m_ty="-109.988045"/>
  </frame>
  <frame idx="275" w="381" h="317" x="-32.906902" y="-132.711090">
   <element name="wcannon" layername="timeline_0" frame="0" z_index="9" m_a="0.931208" m_b="0.000000" m_c="0.000000" m_d="0.676796" m_tx="-138.034393" m_ty="-61.661602"/>
   <element name="wcannon" layername="timeline_1" frame="4" z_index="10" m_a="0.949116" m_b="-0.314928" m_c="0.314928" m_d="0.949116" m_tx="0.988048" m_ty="-109.988045"/>
  </frame>
  <frame idx="300" w="386" h="306" x="-33.296108" y="-131.657501">
   <element name="wcannon" layername="timeline_0" frame="0" z_index="9" m_a="0.931208" m_b="0.000000" m_c="0.000000" m_d="0.676796" m_tx="-138.034393" m_ty="-61.661602"/>
   <element name="wcannon" layername="timeline_1" frame="4" z_index="10" m_a="0.939542" m_b="-0.342434" m_c="0.342434" m_d="0.939542" m_tx="0.988048" m_ty="-109.988045"/>
  </frame>
  <frame idx="325" w="391" h="296" x="-33.683804" y="-131.107178">
   <element name="wcannon" layername="timeline_0" frame="0" z_index="9" m_a="0.931208" m_b="0.000000" m_c="0.000000" m_d="0.676796" m_tx="-138.034393" m_ty="-61.661602"/>
   <element name="wcannon" layername="timeline_1" frame="4" z_index="10" m_a="0.929171" m_b="-0.369650" m_c="0.369650" m_d="0.929171" m_tx="0.988048" m_ty="-109.988045"/>
  </frame>
  <frame idx="350" w="395" h="284" x="-33.570076" y="-130.060120">
   <element name="wcannon" layername="timeline_0" frame="0" z_index="9" m_a="0.931208" m_b="0.000000" m_c="0.000000" m_d="0.676796" m_tx="-138.034393" m_ty="-61.661602"/>
   <element name="wcannon" layername="timeline_1" frame="4" z_index="10" m_a="0.918012" m_b="-0.396552" m_c="0.396552" m_d="0.918012" m_tx="0.988048" m_ty="-109.988045"/>
  </frame>
  <frame idx="375" w="391" h="296" x="-33.681202" y="-131.106049">
   <element name="wcannon" layername="timeline_0" frame="0" z_index="9" m_a="0.931208" m_b="0.000000" m_c="0.000000" m_d="0.676796" m_tx="-138.034393" m_ty="-61.661602"/>
   <element name="wcannon" layername="timeline_1" frame="4" z_index="10" m_a="0.928923" m_b="-0.370272" m_c="0.370272" m_d="0.928923" m_tx="0.988048" m_ty="-109.988045"/>
  </frame>
  <frame idx="400" w="383" h="311" x="-32.845963" y="-132.181122">
   <element name="wcannon" layername="timeline_0" frame="0" z_index="9" m_a="0.931208" m_b="0.000000" m_c="0.000000" m_d="0.676796" m_tx="-138.034393" m_ty="-61.661602"/>
   <element name="wcannon" layername="timeline_1" frame="4" z_index="10" m_a="0.943932" m_b="-0.330139" m_c="0.330139" m_d="0.943932" m_tx="0.988048" m_ty="-109.988045"/>
  </frame>
  <frame idx="425" w="375" h="328" x="-32.507359" y="-133.763184">
   <element name="wcannon" layername="timeline_0" frame="0" z_index="9" m_a="0.931208" m_b="0.000000" m_c="0.000000" m_d="0.676796" m_tx="-138.034393" m_ty="-61.661602"/>
   <element name="wcannon" layername="timeline_1" frame="4" z_index="10" m_a="0.957208" m_b="-0.289401" m_c="0.289401" m_d="0.957208" m_tx="0.988048" m_ty="-109.988045"/>
  </frame>
  <frame idx="450" w="366" h="344" x="-31.665092" y="-135.352081">
   <element name="wcannon" layername="timeline_0" frame="0" z_index="9" m_a="0.931208" m_b="0.000000" m_c="0.000000" m_d="0.676796" m_tx="-138.034393" m_ty="-61.661602"/>
   <element name="wcannon" layername="timeline_1" frame="4" z_index="10" m_a="0.968727" m_b="-0.248130" m_c="0.248130" m_d="0.968727" m_tx="0.988048" m_ty="-109.988045"/>
  </frame>
  <frame idx="475" w="357" h="359" x="-31.318872" y="-136.447647">
   <element name="wcannon" layername="timeline_0" frame="0" z_index="9" m_a="0.931208" m_b="0.000000" m_c="0.000000" m_d="0.676796" m_tx="-138.034393" m_ty="-61.661602"/>
   <element name="wcannon" layername="timeline_1" frame="4" z_index="10" m_a="0.978467" m_b="-0.206405" m_c="0.206405" m_d="0.978467" m_tx="0.988048" m_ty="-109.988045"/>
  </frame>
  <frame idx="500" w="346" h="374" x="-30.468416" y="-138.049713">
   <element name="wcannon" layername="timeline_0" frame="0" z_index="9" m_a="0.931208" m_b="0.000000" m_c="0.000000" m_d="0.676796" m_tx="-138.034393" m_ty="-61.661602"/>
   <element name="wcannon" layername="timeline_1" frame="4" z_index="10" m_a="0.986410" m_b="-0.164300" m_c="0.164300" m_d="0.986410" m_tx="0.988048" m_ty="-109.988045"/>
  </frame>
  <frame idx="525" w="335" h="388" x="-29.613451" y="-139.158112">
   <element name="wcannon" layername="timeline_0" frame="0" z_index="9" m_a="0.931208" m_b="0.000000" m_c="0.000000" m_d="0.676796" m_tx="-138.034393" m_ty="-61.661602"/>
   <element name="wcannon" layername="timeline_1" frame="4" z_index="10" m_a="0.992543" m_b="-0.121894" m_c="0.121894" m_d="0.992543" m_tx="0.988048" m_ty="-109.988045"/>
  </frame>
  <frame idx="550" w="335" h="403" x="-29.753710" y="-140.772614">
   <element name="wcannon" layername="timeline_0" frame="0" z_index="9" m_a="0.931208" m_b="0.000000" m_c="0.000000" m_d="0.676796" m_tx="-138.034393" m_ty="-61.661602"/>
   <element name="wcannon" layername="timeline_1" frame="4" z_index="10" m_a="0.996854" m_b="-0.079264" m_c="0.079264" m_d="0.996854" m_tx="0.988048" m_ty="-109.988045"/>
  </frame>
  <frame idx="575" w="335" h="416" x="-29.888933" y="-141.893005">
   <element name="wcannon" layername="timeline_0" frame="0" z_index="9" m_a="0.931208" m_b="0.000000" m_c="0.000000" m_d="0.676796" m_tx="-138.034393" m_ty="-61.661602"/>
   <element name="wcannon" layername="timeline_1" frame="4" z_index="10" m_a="0.999334" m_b="-0.036488" m_c="0.036488" m_d="0.999334" m_tx="0.988048" m_ty="-109.988045"/>
  </frame>
  <frame idx="600" w="335" h="429" x="-30.018877" y="-143.019089">
   <element name="wcannon" layername="timeline_0" frame="0" z_index="9" m_a="0.931208" m_b="0.000000" m_c="0.000000" m_d="0.676796" m_tx="-138.034393" m_ty="-61.661602"/>
   <element name="wcannon" layername="timeline_1" frame="4" z_index="10" m_a="0.999980" m_b="0.006354" m_c="-0.006354" m_d="0.999980" m_tx="0.988048" m_ty="-109.988045"/>
  </frame>
  <frame idx="625" w="335" h="442" x="-30.143299" y="-144.150635">
   <element name="wcannon" layername="timeline_0" frame="0" z_index="9" m_a="0.931208" m_b="0.000000" m_c="0.000000" m_d="0.676796" m_tx="-138.034393" m_ty="-61.661602"/>
   <element name="wcannon" layername="timeline_1" frame="4" z_index="10" m_a="0.998790" m_b="0.049185" m_c="-0.049185" m_d="0.998790" m_tx="0.988048" m_ty="-109.988045"/>
  </frame>
  <frame idx="650" w="336" h="453" x="-30.261972" y="-145.287369">
   <element name="wcannon" layername="timeline_0" frame="0" z_index="9" m_a="0.931208" m_b="0.000000" m_c="0.000000" m_d="0.676796" m_tx="-138.034393" m_ty="-61.661602"/>
   <element name="wcannon" layername="timeline_1" frame="4" z_index="10" m_a="0.995766" m_b="0.091926" m_c="-0.091926" m_d="0.995766" m_tx="0.988048" m_ty="-109.988045"/>
  </frame>
  <frame idx="675" w="336" h="465" x="-30.374680" y="-146.429077">
   <element name="wcannon" layername="timeline_0" frame="0" z_index="9" m_a="0.931208" m_b="0.000000" m_c="0.000000" m_d="0.676796" m_tx="-138.034393" m_ty="-61.661602"/>
   <element name="wcannon" layername="timeline_1" frame="4" z_index="10" m_a="0.990914" m_b="0.134497" m_c="-0.134497" m_d="0.990914" m_tx="0.988048" m_ty="-109.988045"/>
  </frame>
  <frame idx="700" w="336" h="476" x="-30.481213" y="-147.575470">
   <element name="wcannon" layername="timeline_0" frame="0" z_index="9" m_a="0.931208" m_b="0.000000" m_c="0.000000" m_d="0.676796" m_tx="-138.034393" m_ty="-61.661602"/>
   <element name="wcannon" layername="timeline_1" frame="4" z_index="10" m_a="0.984243" m_b="0.176822" m_c="-0.176822" m_d="0.984243" m_tx="0.988048" m_ty="-109.988045"/>
  </frame>
  <frame idx="725" w="336" h="485" x="-30.581377" y="-148.226303">
   <element name="wcannon" layername="timeline_0" frame="0" z_index="9" m_a="0.931208" m_b="0.000000" m_c="0.000000" m_d="0.676796" m_tx="-138.034393" m_ty="-61.661602"/>
   <element name="wcannon" layername="timeline_1" frame="4" z_index="10" m_a="0.975765" m_b="0.218823" m_c="-0.218823" m_d="0.975765" m_tx="0.988048" m_ty="-109.988045"/>
  </frame>
  <frame idx="750" w="336" h="495" x="-30.674988" y="-149.381287">
   <element name="wcannon" layername="timeline_0" frame="0" z_index="9" m_a="0.931208" m_b="0.000000" m_c="0.000000" m_d="0.676796" m_tx="-138.034393" m_ty="-61.661602"/>
   <element name="wcannon" layername="timeline_1" frame="4" z_index="10" m_a="0.965495" m_b="0.260421" m_c="-0.260421" m_d="0.965495" m_tx="0.988048" m_ty="-109.988045"/>
  </frame>
  <frame idx="775" w="336" h="505" x="-30.761875" y="-150.540131">
   <element name="wcannon" layername="timeline_0" frame="0" z_index="9" m_a="0.931208" m_b="0.000000" m_c="0.000000" m_d="0.676796" m_tx="-138.034393" m_ty="-61.661602"/>
   <element name="wcannon" layername="timeline_1" frame="4" z_index="10" m_a="0.953453" m_b="0.301542" m_c="-0.301542" m_d="0.953453" m_tx="0.988048" m_ty="-109.988045"/>
  </frame>
  <frame idx="800" w="336" h="512" x="-30.841877" y="-151.202560">
   <element name="wcannon" layername="timeline_0" frame="0" z_index="9" m_a="0.931208" m_b="0.000000" m_c="0.000000" m_d="0.676796" m_tx="-138.034393" m_ty="-61.661602"/>
   <element name="wcannon" layername="timeline_1" frame="4" z_index="10" m_a="0.939660" m_b="0.342108" m_c="-0.342108" m_d="0.939660" m_tx="0.988048" m_ty="-109.988045"/>
  </frame>
  <frame idx="825" w="336" h="520" x="-30.914846" y="-151.868256">
   <element name="wcannon" layername="timeline_0" frame="0" z_index="9" m_a="0.931208" m_b="0.000000" m_c="0.000000" m_d="0.676796" m_tx="-138.034393" m_ty="-61.661602"/>
   <element name="wcannon" layername="timeline_1" frame="4" z_index="10" m_a="0.924143" m_b="0.382047" m_c="-0.382047" m_d="0.924143" m_tx="0.988048" m_ty="-109.988045"/>
  </frame>
  <frame idx="850" w="336" h="509" x="-30.818066" y="-150.652344">
   <element name="wcannon" layername="timeline_0" frame="0" z_index="9" m_a="0.931208" m_b="0.000000" m_c="0.000000" m_d="0.676796" m_tx="-138.034393" m_ty="-61.661602"/>
   <element name="wcannon" layername="timeline_1" frame="4" z_index="10" m_a="0.944078" m_b="0.329722" m_c="-0.329722" m_d="0.944078" m_tx="0.988048" m_ty="-109.988045"/>
  </frame>
  <frame idx="875" w="336" h="499" x="-30.709351" y="-149.942200">
   <element name="wcannon" layername="timeline_0" frame="0" z_index="9" m_a="0.931208" m_b="0.000000" m_c="0.000000" m_d="0.676796" m_tx="-138.034393" m_ty="-61.661602"/>
   <element name="wcannon" layername="timeline_1" frame="4" z_index="10" m_a="0.961053" m_b="0.276363" m_c="-0.276363" m_d="0.961053" m_tx="0.988048" m_ty="-109.988045"/>
  </frame>
  <frame idx="900" w="336" h="487" x="-30.589043" y="-148.738449">
   <element name="wcannon" layername="timeline_0" frame="0" z_index="9" m_a="0.931208" m_b="0.000000" m_c="0.000000" m_d="0.676796" m_tx="-138.034393" m_ty="-61.661602"/>
   <element name="wcannon" layername="timeline_1" frame="4" z_index="10" m_a="0.975015" m_b="0.222137" m_c="-0.222137" m_d="0.975015" m_tx="0.988048" m_ty="-109.988045"/>
  </frame>
  <frame idx="925" w="336" h="473" x="-30.457520" y="-147.041748">
   <element name="wcannon" layername="timeline_0" frame="0" z_index="9" m_a="0.931208" m_b="0.000000" m_c="0.000000" m_d="0.676796" m_tx="-138.034393" m_ty="-61.661602"/>
   <element name="wcannon" layername="timeline_1" frame="4" z_index="10" m_a="0.985920" m_b="0.167215" m_c="-0.167215" m_d="0.985920" m_tx="0.988048" m_ty="-109.988045"/>
  </frame>
  <frame idx="950" w="336" h="459" x="-30.315193" y="-145.852722">
   <element name="wcannon" layername="timeline_0" frame="0" z_index="9" m_a="0.931208" m_b="0.000000" m_c="0.000000" m_d="0.676796" m_tx="-138.034393" m_ty="-61.661602"/>
   <element name="wcannon" layername="timeline_1" frame="4" z_index="10" m_a="0.993734" m_b="0.111769" m_c="-0.111769" m_d="0.993734" m_tx="0.988048" m_ty="-109.988045"/>
  </frame>
  <frame idx="975" w="335" h="443" x="-30.162512" y="-144.171967">
   <element name="wcannon" layername="timeline_0" frame="0" z_index="9" m_a="0.931208" m_b="0.000000" m_c="0.000000" m_d="0.676796" m_tx="-138.034393" m_ty="-61.661602"/>
   <element name="wcannon" layername="timeline_1" frame="4" z_index="10" m_a="0.998432" m_b="0.055972" m_c="-0.055972" m_d="0.998432" m_tx="0.988048" m_ty="-109.988045"/>
  </frame>
 </anim>
 <anim name="atk_down" root="wcannon" numframes="1000" framerate="40">
  <frame idx="0" w="338" h="427" x="-32.500000" y="-145.000000">
   <element name="wcannon" layername="timeline_0" frame="0" z_index="9" m_a="0.931208" m_b="0.000000" m_c="0.000000" m_d="0.676796" m_tx="-138.034393" m_ty="-61.661602"/>
   <element name="wcannon" layername="timeline_1" frame="7" z_index="10" m_a="1.000000" m_b="0.000000" m_c="0.000000" m_d="1.000000" m_tx="-129.000000" m_ty="-234.000000"/>
  </frame>
  <frame idx="25" w="338" h="427" x="-32.500000" y="-145.000000">
   <element name="wcannon" layername="timeline_0" frame="0" z_index="9" m_a="0.931208" m_b="0.000000" m_c="0.000000" m_d="0.676796" m_tx="-138.034393" m_ty="-61.661602"/>
   <element name="wcannon" layername="timeline_1" frame="7" z_index="10" m_a="1.000000" m_b="0.000000" m_c="0.000000" m_d="1.000000" m_tx="-129.000000" m_ty="-234.000000"/>
  </frame>
  <frame idx="50" w="338" h="427" x="-32.500000" y="-145.000000">
   <element name="wcannon" layername="timeline_0" frame="0" z_index="9" m_a="0.931208" m_b="0.000000" m_c="0.000000" m_d="0.676796" m_tx="-138.034393" m_ty="-61.661602"/>
   <element name="wcannon" layername="timeline_1" frame="7" z_index="10" m_a="1.000000" m_b="0.000000" m_c="0.000000" m_d="1.000000" m_tx="-129.000000" m_ty="-234.000000"/>
  </frame>
  <frame idx="75" w="338" h="427" x="-32.500000" y="-145.000000">
   <element name="wcannon" layername="timeline_0" frame="0" z_index="9" m_a="0.931208" m_b="0.000000" m_c="0.000000" m_d="0.676796" m_tx="-138.034393" m_ty="-61.661602"/>
   <element name="wcannon" layername="timeline_1" frame="7" z_index="10" m_a="1.000000" m_b="0.000000" m_c="0.000000" m_d="1.000000" m_tx="-129.000000" m_ty="-234.000000"/>
  </frame>
  <frame idx="100" w="338" h="427" x="-32.500000" y="-145.000000">
   <element name="wcannon" layername="timeline_0" frame="0" z_index="9" m_a="0.931208" m_b="0.000000" m_c="0.000000" m_d="0.676796" m_tx="-138.034393" m_ty="-61.661602"/>
   <element name="wcannon" layername="timeline_1" frame="7" z_index="10" m_a="1.000000" m_b="0.000000" m_c="0.000000" m_d="1.000000" m_tx="-129.000000" m_ty="-234.000000"/>
  </frame>
  <frame idx="125" w="338" h="427" x="-32.500000" y="-145.000000">
   <element name="wcannon" layername="timeline_0" frame="0" z_index="9" m_a="0.931208" m_b="0.000000" m_c="0.000000" m_d="0.676796" m_tx="-138.034393" m_ty="-61.661602"/>
   <element name="wcannon" layername="timeline_1" frame="7" z_index="10" m_a="1.000000" m_b="0.000000" m_c="0.000000" m_d="1.000000" m_tx="-129.000000" m_ty="-234.000000"/>
  </frame>
  <frame idx="150" w="338" h="427" x="-32.500000" y="-145.000000">
   <element name="wcannon" layername="timeline_0" frame="0" z_index="9" m_a="0.931208" m_b="0.000000" m_c="0.000000" m_d="0.676796" m_tx="-138.034393" m_ty="-61.661602"/>
   <element name="wcannon" layername="timeline_1" frame="7" z_index="10" m_a="1.000000" m_b="0.000000" m_c="0.000000" m_d="1.000000" m_tx="-129.000000" m_ty="-234.000000"/>
  </frame>
  <frame idx="175" w="338" h="427" x="-32.500000" y="-145.000000">
   <element name="wcannon" layername="timeline_0" frame="0" z_index="9" m_a="0.931208" m_b="0.000000" m_c="0.000000" m_d="0.676796" m_tx="-138.034393" m_ty="-61.661602"/>
   <element name="wcannon" layername="timeline_1" frame="7" z_index="10" m_a="1.000000" m_b="0.000000" m_c="0.000000" m_d="1.000000" m_tx="-129.000000" m_ty="-234.000000"/>
  </frame>
  <frame idx="200" w="338" h="427" x="-32.500000" y="-145.000000">
   <element name="wcannon" layername="timeline_0" frame="0" z_index="9" m_a="0.931208" m_b="0.000000" m_c="0.000000" m_d="0.676796" m_tx="-138.034393" m_ty="-61.661602"/>
   <element name="wcannon" layername="timeline_1" frame="7" z_index="10" m_a="1.000000" m_b="0.000000" m_c="0.000000" m_d="1.000000" m_tx="-129.000000" m_ty="-234.000000"/>
  </frame>
  <frame idx="225" w="338" h="427" x="-32.500000" y="-145.000000">
   <element name="wcannon" layername="timeline_0" frame="0" z_index="9" m_a="0.931208" m_b="0.000000" m_c="0.000000" m_d="0.676796" m_tx="-138.034393" m_ty="-61.661602"/>
   <element name="wcannon" layername="timeline_1" frame="6" z_index="10" m_a="1.000000" m_b="0.000000" m_c="0.000000" m_d="1.000000" m_tx="-129.000000" m_ty="-234.000000"/>
  </frame>
  <frame idx="250" w="338" h="427" x="-32.500000" y="-145.000000">
   <element name="wcannon" layername="timeline_0" frame="0" z_index="9" m_a="0.931208" m_b="0.000000" m_c="0.000000" m_d="0.676796" m_tx="-138.034393" m_ty="-61.661602"/>
   <element name="wcannon" layername="timeline_1" frame="6" z_index="10" m_a="1.000000" m_b="0.000000" m_c="0.000000" m_d="1.000000" m_tx="-129.000000" m_ty="-234.000000"/>
  </frame>
  <frame idx="275" w="338" h="427" x="-32.500000" y="-145.000000">
   <element name="wcannon" layername="timeline_0" frame="0" z_index="9" m_a="0.931208" m_b="0.000000" m_c="0.000000" m_d="0.676796" m_tx="-138.034393" m_ty="-61.661602"/>
   <element name="wcannon" layername="timeline_1" frame="6" z_index="10" m_a="1.000000" m_b="0.000000" m_c="0.000000" m_d="1.000000" m_tx="-129.000000" m_ty="-234.000000"/>
  </frame>
  <frame idx="300" w="338" h="427" x="-32.500000" y="-145.000000">
   <element name="wcannon" layername="timeline_0" frame="0" z_index="9" m_a="0.931208" m_b="0.000000" m_c="0.000000" m_d="0.676796" m_tx="-138.034393" m_ty="-61.661602"/>
   <element name="wcannon" layername="timeline_1" frame="6" z_index="10" m_a="1.000000" m_b="0.000000" m_c="0.000000" m_d="1.000000" m_tx="-129.000000" m_ty="-234.000000"/>
  </frame>
  <frame idx="325" w="338" h="427" x="-32.500000" y="-145.000000">
   <element name="wcannon" layername="timeline_0" frame="0" z_index="9" m_a="0.931208" m_b="0.000000" m_c="0.000000" m_d="0.676796" m_tx="-138.034393" m_ty="-61.661602"/>
   <element name="wcannon" layername="timeline_1" frame="6" z_index="10" m_a="1.000000" m_b="0.000000" m_c="0.000000" m_d="1.000000" m_tx="-129.000000" m_ty="-234.000000"/>
  </frame>
  <frame idx="350" w="338" h="427" x="-32.500000" y="-145.000000">
   <element name="wcannon" layername="timeline_0" frame="0" z_index="9" m_a="0.931208" m_b="0.000000" m_c="0.000000" m_d="0.676796" m_tx="-138.034393" m_ty="-61.661602"/>
   <element name="wcannon" layername="timeline_1" frame="6" z_index="10" m_a="1.000000" m_b="0.000000" m_c="0.000000" m_d="1.000000" m_tx="-129.000000" m_ty="-234.000000"/>
  </frame>
  <frame idx="375" w="338" h="427" x="-32.500000" y="-145.000000">
   <element name="wcannon" layername="timeline_0" frame="0" z_index="9" m_a="0.931208" m_b="0.000000" m_c="0.000000" m_d="0.676796" m_tx="-138.034393" m_ty="-61.661602"/>
   <element name="wcannon" layername="timeline_1" frame="5" z_index="10" m_a="1.000000" m_b="0.000000" m_c="0.000000" m_d="1.000000" m_tx="-129.000000" m_ty="-234.000000"/>
  </frame>
  <frame idx="400" w="338" h="427" x="-32.500000" y="-145.000000">
   <element name="wcannon" layername="timeline_0" frame="0" z_index="9" m_a="0.931208" m_b="0.000000" m_c="0.000000" m_d="0.676796" m_tx="-138.034393" m_ty="-61.661602"/>
   <element name="wcannon" layername="timeline_1" frame="5" z_index="10" m_a="1.000000" m_b="0.000000" m_c="0.000000" m_d="1.000000" m_tx="-129.000000" m_ty="-234.000000"/>
  </frame>
  <frame idx="425" w="338" h="427" x="-32.500000" y="-145.000000">
   <element name="wcannon" layername="timeline_0" frame="0" z_index="9" m_a="0.931208" m_b="0.000000" m_c="0.000000" m_d="0.676796" m_tx="-138.034393" m_ty="-61.661602"/>
   <element name="wcannon" layername="timeline_1" frame="5" z_index="10" m_a="1.000000" m_b="0.000000" m_c="0.000000" m_d="1.000000" m_tx="-129.000000" m_ty="-234.000000"/>
  </frame>
  <frame idx="450" w="338" h="427" x="-32.500000" y="-145.000000">
   <element name="wcannon" layername="timeline_0" frame="0" z_index="9" m_a="0.931208" m_b="0.000000" m_c="0.000000" m_d="0.676796" m_tx="-138.034393" m_ty="-61.661602"/>
   <element name="wcannon" layername="timeline_1" frame="5" z_index="10" m_a="1.000000" m_b="0.000000" m_c="0.000000" m_d="1.000000" m_tx="-129.000000" m_ty="-234.000000"/>
  </frame>
  <frame idx="475" w="338" h="427" x="-32.500000" y="-145.000000">
   <element name="wcannon" layername="timeline_0" frame="0" z_index="9" m_a="0.931208" m_b="0.000000" m_c="0.000000" m_d="0.676796" m_tx="-138.034393" m_ty="-61.661602"/>
   <element name="wcannon" layername="timeline_1" frame="5" z_index="10" m_a="1.000000" m_b="0.000000" m_c="0.000000" m_d="1.000000" m_tx="-129.000000" m_ty="-234.000000"/>
  </frame>
  <frame idx="500" w="338" h="427" x="-32.500000" y="-145.000000">
   <element name="wcannon" layername="timeline_0" frame="0" z_index="9" m_a="0.931208" m_b="0.000000" m_c="0.000000" m_d="0.676796" m_tx="-138.034393" m_ty="-61.661602"/>
   <element name="wcannon" layername="timeline_1" frame="5" z_index="10" m_a="1.000000" m_b="0.000000" m_c="0.000000" m_d="1.000000" m_tx="-129.000000" m_ty="-234.000000"/>
  </frame>
  <frame idx="525" w="338" h="427" x="-32.500000" y="-145.000000">
   <element name="wcannon" layername="timeline_0" frame="0" z_index="9" m_a="0.931208" m_b="0.000000" m_c="0.000000" m_d="0.676796" m_tx="-138.034393" m_ty="-61.661602"/>
   <element name="wcannon" layername="timeline_1" frame="6" z_index="10" m_a="1.000000" m_b="0.000000" m_c="0.000000" m_d="1.000000" m_tx="-129.000000" m_ty="-234.000000"/>
  </frame>
  <frame idx="550" w="338" h="427" x="-32.500000" y="-145.000000">
   <element name="wcannon" layername="timeline_0" frame="0" z_index="9" m_a="0.931208" m_b="0.000000" m_c="0.000000" m_d="0.676796" m_tx="-138.034393" m_ty="-61.661602"/>
   <element name="wcannon" layername="timeline_1" frame="6" z_index="10" m_a="1.000000" m_b="0.000000" m_c="0.000000" m_d="1.000000" m_tx="-129.000000" m_ty="-234.000000"/>
  </frame>
  <frame idx="575" w="338" h="427" x="-32.500000" y="-145.000000">
   <element name="wcannon" layername="timeline_0" frame="0" z_index="9" m_a="0.931208" m_b="0.000000" m_c="0.000000" m_d="0.676796" m_tx="-138.034393" m_ty="-61.661602"/>
   <element name="wcannon" layername="timeline_1" frame="6" z_index="10" m_a="1.000000" m_b="0.000000" m_c="0.000000" m_d="1.000000" m_tx="-129.000000" m_ty="-234.000000"/>
  </frame>
  <frame idx="600" w="338" h="427" x="-32.500000" y="-145.000000">
   <element name="wcannon" layername="timeline_0" frame="0" z_index="9" m_a="0.931208" m_b="0.000000" m_c="0.000000" m_d="0.676796" m_tx="-138.034393" m_ty="-61.661602"/>
   <element name="wcannon" layername="timeline_1" frame="6" z_index="10" m_a="1.000000" m_b="0.000000" m_c="0.000000" m_d="1.000000" m_tx="-129.000000" m_ty="-234.000000"/>
  </frame>
  <frame idx="625" w="338" h="427" x="-32.500000" y="-145.000000">
   <element name="wcannon" layername="timeline_0" frame="0" z_index="9" m_a="0.931208" m_b="0.000000" m_c="0.000000" m_d="0.676796" m_tx="-138.034393" m_ty="-61.661602"/>
   <element name="wcannon" layername="timeline_1" frame="6" z_index="10" m_a="1.000000" m_b="0.000000" m_c="0.000000" m_d="1.000000" m_tx="-129.000000" m_ty="-234.000000"/>
  </frame>
  <frame idx="650" w="338" h="427" x="-32.500000" y="-145.000000">
   <element name="wcannon" layername="timeline_0" frame="0" z_index="9" m_a="0.931208" m_b="0.000000" m_c="0.000000" m_d="0.676796" m_tx="-138.034393" m_ty="-61.661602"/>
   <element name="wcannon" layername="timeline_1" frame="6" z_index="10" m_a="1.000000" m_b="0.000000" m_c="0.000000" m_d="1.000000" m_tx="-129.000000" m_ty="-234.000000"/>
  </frame>
  <frame idx="675" w="338" h="427" x="-32.500000" y="-145.000000">
   <element name="wcannon" layername="timeline_0" frame="0" z_index="9" m_a="0.931208" m_b="0.000000" m_c="0.000000" m_d="0.676796" m_tx="-138.034393" m_ty="-61.661602"/>
   <element name="wcannon" layername="timeline_1" frame="7" z_index="10" m_a="1.000000" m_b="0.000000" m_c="0.000000" m_d="1.000000" m_tx="-129.000000" m_ty="-234.000000"/>
  </frame>
  <frame idx="700" w="338" h="427" x="-32.500000" y="-145.000000">
   <element name="wcannon" layername="timeline_0" frame="0" z_index="9" m_a="0.931208" m_b="0.000000" m_c="0.000000" m_d="0.676796" m_tx="-138.034393" m_ty="-61.661602"/>
   <element name="wcannon" layername="timeline_1" frame="7" z_index="10" m_a="1.000000" m_b="0.000000" m_c="0.000000" m_d="1.000000" m_tx="-129.000000" m_ty="-234.000000"/>
  </frame>
  <frame idx="725" w="338" h="427" x="-32.500000" y="-145.000000">
   <element name="wcannon" layername="timeline_0" frame="0" z_index="9" m_a="0.931208" m_b="0.000000" m_c="0.000000" m_d="0.676796" m_tx="-138.034393" m_ty="-61.661602"/>
   <element name="wcannon" layername="timeline_1" frame="7" z_index="10" m_a="1.000000" m_b="0.000000" m_c="0.000000" m_d="1.000000" m_tx="-129.000000" m_ty="-234.000000"/>
  </frame>
  <frame idx="750" w="338" h="427" x="-32.500000" y="-145.000000">
   <element name="wcannon" layername="timeline_0" frame="0" z_index="9" m_a="0.931208" m_b="0.000000" m_c="0.000000" m_d="0.676796" m_tx="-138.034393" m_ty="-61.661602"/>
   <element name="wcannon" layername="timeline_1" frame="7" z_index="10" m_a="1.000000" m_b="0.000000" m_c="0.000000" m_d="1.000000" m_tx="-129.000000" m_ty="-234.000000"/>
  </frame>
  <frame idx="775" w="338" h="427" x="-32.500000" y="-145.000000">
   <element name="wcannon" layername="timeline_0" frame="0" z_index="9" m_a="0.931208" m_b="0.000000" m_c="0.000000" m_d="0.676796" m_tx="-138.034393" m_ty="-61.661602"/>
   <element name="wcannon" layername="timeline_1" frame="7" z_index="10" m_a="1.000000" m_b="0.000000" m_c="0.000000" m_d="1.000000" m_tx="-129.000000" m_ty="-234.000000"/>
  </frame>
  <frame idx="800" w="338" h="427" x="-32.500000" y="-145.000000">
   <element name="wcannon" layername="timeline_0" frame="0" z_index="9" m_a="0.931208" m_b="0.000000" m_c="0.000000" m_d="0.676796" m_tx="-138.034393" m_ty="-61.661602"/>
   <element name="wcannon" layername="timeline_1" frame="8" z_index="10" m_a="1.000000" m_b="0.000000" m_c="0.000000" m_d="1.000000" m_tx="-129.000000" m_ty="-234.000000"/>
  </frame>
  <frame idx="825" w="338" h="427" x="-32.500000" y="-145.000000">
   <element name="wcannon" layername="timeline_0" frame="0" z_index="9" m_a="0.931208" m_b="0.000000" m_c="0.000000" m_d="0.676796" m_tx="-138.034393" m_ty="-61.661602"/>
   <element name="wcannon" layername="timeline_1" frame="8" z_index="10" m_a="1.000000" m_b="0.000000" m_c="0.000000" m_d="1.000000" m_tx="-129.000000" m_ty="-234.000000"/>
  </frame>
  <frame idx="850" w="338" h="427" x="-32.500000" y="-145.000000">
   <element name="wcannon" layername="timeline_0" frame="0" z_index="9" m_a="0.931208" m_b="0.000000" m_c="0.000000" m_d="0.676796" m_tx="-138.034393" m_ty="-61.661602"/>
   <element name="wcannon" layername="timeline_1" frame="8" z_index="10" m_a="1.000000" m_b="0.000000" m_c="0.000000" m_d="1.000000" m_tx="-129.000000" m_ty="-234.000000"/>
  </frame>
  <frame idx="875" w="338" h="427" x="-32.500000" y="-145.000000">
   <element name="wcannon" layername="timeline_0" frame="0" z_index="9" m_a="0.931208" m_b="0.000000" m_c="0.000000" m_d="0.676796" m_tx="-138.034393" m_ty="-61.661602"/>
   <element name="wcannon" layername="timeline_1" frame="8" z_index="10" m_a="1.000000" m_b="0.000000" m_c="0.000000" m_d="1.000000" m_tx="-129.000000" m_ty="-234.000000"/>
  </frame>
  <frame idx="900" w="338" h="427" x="-32.500000" y="-145.000000">
   <element name="wcannon" layername="timeline_0" frame="0" z_index="9" m_a="0.931208" m_b="0.000000" m_c="0.000000" m_d="0.676796" m_tx="-138.034393" m_ty="-61.661602"/>
   <element name="wcannon" layername="timeline_1" frame="8" z_index="10" m_a="1.000000" m_b="0.000000" m_c="0.000000" m_d="1.000000" m_tx="-129.000000" m_ty="-234.000000"/>
  </frame>
  <frame idx="925" w="338" h="427" x="-32.500000" y="-145.000000">
   <element name="wcannon" layername="timeline_0" frame="0" z_index="9" m_a="0.931208" m_b="0.000000" m_c="0.000000" m_d="0.676796" m_tx="-138.034393" m_ty="-61.661602"/>
   <element name="wcannon" layername="timeline_1" frame="8" z_index="10" m_a="1.000000" m_b="0.000000" m_c="0.000000" m_d="1.000000" m_tx="-129.000000" m_ty="-234.000000"/>
  </frame>
  <frame idx="950" w="338" h="427" x="-32.500000" y="-145.000000">
   <element name="wcannon" layername="timeline_0" frame="0" z_index="9" m_a="0.931208" m_b="0.000000" m_c="0.000000" m_d="0.676796" m_tx="-138.034393" m_ty="-61.661602"/>
   <element name="wcannon" layername="timeline_1" frame="8" z_index="10" m_a="1.000000" m_b="0.000000" m_c="0.000000" m_d="1.000000" m_tx="-129.000000" m_ty="-234.000000"/>
  </frame>
  <frame idx="975" w="338" h="427" x="-32.500000" y="-145.000000">
   <element name="wcannon" layername="timeline_0" frame="0" z_index="9" m_a="0.931208" m_b="0.000000" m_c="0.000000" m_d="0.676796" m_tx="-138.034393" m_ty="-61.661602"/>
   <element name="wcannon" layername="timeline_1" frame="8" z_index="10" m_a="1.000000" m_b="0.000000" m_c="0.000000" m_d="1.000000" m_tx="-129.000000" m_ty="-234.000000"/>
  </frame>
 </anim>
 <anim name="atk_side" root="wcannon" numframes="1000" framerate="40">
  <frame idx="0" w="630" h="433" x="-300.511993" y="-144.503998">
   <element name="wcannon" layername="timeline_0" frame="0" z_index="9" m_a="0.931208" m_b="0.000000" m_c="0.000000" m_d="0.676796" m_tx="-138.034393" m_ty="-61.661602"/>
   <element name="wcannon" layername="timeline_1" frame="1" z_index="10" m_a="-1.000000" m_b="0.000000" m_c="0.000000" m_d="1.000000" m_tx="-1.000000" m_ty="-109.000000"/>
  </frame>
  <frame idx="25" w="627" h="439" x="-296.922791" y="-145.866211">
   <element name="wcannon" layername="timeline_0" frame="0" z_index="9" m_a="0.931208" m_b="0.000000" m_c="0.000000" m_d="0.676796" m_tx="-138.034393" m_ty="-61.661602"/>
   <element name="wcannon" layername="timeline_1" frame="1" z_index="10" m_a="-0.999751" m_b="0.022333" m_c="0.022333" m_d="0.999751" m_tx="-3.077839" m_ty="-109.795227"/>
  </frame>
  <frame idx="50" w="622" h="443" x="-292.707031" y="-146.698181">
   <element name="wcannon" layername="timeline_0" frame="0" z_index="9" m_a="0.931208" m_b="0.000000" m_c="0.000000" m_d="0.676796" m_tx="-138.034393" m_ty="-61.661602"/>
   <element name="wcannon" layername="timeline_1" frame="1" z_index="10" m_a="-0.999003" m_b="0.044654" m_c="0.044654" m_d="0.999003" m_tx="-5.149496" m_ty="-110.559753"/>
  </frame>
  <frame idx="75" w="617" h="448" x="-288.366577" y="-148.000092">
   <element name="wcannon" layername="timeline_0" frame="0" z_index="9" m_a="0.931208" m_b="0.000000" m_c="0.000000" m_d="0.676796" m_tx="-138.034393" m_ty="-61.661602"/>
   <element name="wcannon" layername="timeline_1" frame="1" z_index="10" m_a="-0.997756" m_b="0.066954" m_c="0.066954" m_d="0.997756" m_tx="-7.213946" m_ty="-111.293785"/>
  </frame>
  <frame idx="100" w="612" h="453" x="-283.903320" y="-149.272156">
   <element name="wcannon" layername="timeline_0" frame="0" z_index="9" m_a="0.931208" m_b="0.000000" m_c="0.000000" m_d="0.676796" m_tx="-138.034393" m_ty="-61.661602"/>
   <element name="wcannon" layername="timeline_1" frame="1" z_index="10" m_a="-0.996012" m_b="0.089220" m_c="0.089220" m_d="0.996012" m_tx="-9.270168" m_ty="-111.997581"/>
  </frame>
  <frame idx="125" w="608" h="458" x="-279.819305" y="-150.514618">
   <element name="wcannon" layername="timeline_0" frame="0" z_index="9" m_a="0.931208" m_b="0.000000" m_c="0.000000" m_d="0.676796" m_tx="-138.034393" m_ty="-61.661602"/>
   <element name="wcannon" layername="timeline_1" frame="1" z_index="10" m_a="-0.993771" m_b="0.111441" m_c="0.111441" m_d="0.993771" m_tx="-11.317153" m_ty="-112.671417"/>
  </frame>
  <frame idx="150" w="603" h="461" x="-275.116516" y="-151.227753">
   <element name="wcannon" layername="timeline_0" frame="0" z_index="9" m_a="0.931208" m_b="0.000000" m_c="0.000000" m_d="0.676796" m_tx="-138.034393" m_ty="-61.661602"/>
   <element name="wcannon" layername="timeline_1" frame="1" z_index="10" m_a="-0.991034" m_b="0.133607" m_c="0.133607" m_d="0.991034" m_tx="-13.353894" m_ty="-113.315605"/>
  </frame>
  <frame idx="175" w="598" h="466" x="-270.297119" y="-152.411865">
   <element name="wcannon" layername="timeline_0" frame="0" z_index="9" m_a="0.931208" m_b="0.000000" m_c="0.000000" m_d="0.676796" m_tx="-138.034393" m_ty="-61.661602"/>
   <element name="wcannon" layername="timeline_1" frame="1" z_index="10" m_a="-0.987803" m_b="0.155706" m_c="0.155706" m_d="0.987803" m_tx="-15.379400" m_ty="-113.930473"/>
  </frame>
  <frame idx="200" w="592" h="470" x="-265.363281" y="-153.567322">
   <element name="wcannon" layername="timeline_0" frame="0" z_index="9" m_a="0.931208" m_b="0.000000" m_c="0.000000" m_d="0.676796" m_tx="-138.034393" m_ty="-61.661602"/>
   <element name="wcannon" layername="timeline_1" frame="1" z_index="10" m_a="-0.984080" m_b="0.177727" m_c="0.177727" m_d="0.984080" m_tx="-17.392685" m_ty="-114.516411"/>
  </frame>
  <frame idx="225" w="572" h="489" x="-246.286392" y="-157.417160">
   <element name="wcannon" layername="timeline_0" frame="0" z_index="9" m_a="0.931208" m_b="0.000000" m_c="0.000000" m_d="0.676796" m_tx="-138.034393" m_ty="-61.661602"/>
   <element name="wcannon" layername="timeline_1" frame="3" z_index="10" m_a="-0.975748" m_b="0.218897" m_c="0.218897" m_d="0.975748" m_tx="-17.820515" m_ty="-114.454910"/>
  </frame>
  <frame idx="250" w="540" h="507" x="-217.554855" y="-158.520844">
   <element name="wcannon" layername="timeline_0" frame="0" z_index="9" m_a="0.931208" m_b="0.000000" m_c="0.000000" m_d="0.676796" m_tx="-138.034393" m_ty="-61.661602"/>
   <element name="wcannon" layername="timeline_1" frame="3" z_index="10" m_a="-0.956024" m_b="0.293289" m_c="0.293289" m_d="0.956024" m_tx="-15.441026" m_ty="-113.391739"/>
  </frame>
  <frame idx="275" w="508" h="524" x="-188.395187" y="-159.766754">
   <element name="wcannon" layername="timeline_0" frame="0" z_index="9" m_a="0.931208" m_b="0.000000" m_c="0.000000" m_d="0.676796" m_tx="-138.034393" m_ty="-61.661602"/>
   <element name="wcannon" layername="timeline_1" frame="3" z_index="10" m_a="-0.930637" m_b="0.365943" m_c="0.365943" m_d="0.930637" m_tx="-13.064018" m_ty="-112.486359"/>
  </frame>
  <frame idx="300" w="476" h="538" x="-158.468735" y="-160.648895">
   <element name="wcannon" layername="timeline_0" frame="0" z_index="9" m_a="0.931208" m_b="0.000000" m_c="0.000000" m_d="0.676796" m_tx="-138.034393" m_ty="-61.661602"/>
   <element name="wcannon" layername="timeline_1" frame="3" z_index="10" m_a="-0.899738" m_b="0.436430" m_c="0.436430" m_d="0.899738" m_tx="-10.707035" m_ty="-111.736633"/>
  </frame>
  <frame idx="325" w="442" h="549" x="-127.441254" y="-161.659653">
   <element name="wcannon" layername="timeline_0" frame="0" z_index="9" m_a="0.931208" m_b="0.000000" m_c="0.000000" m_d="0.676796" m_tx="-138.034393" m_ty="-61.661602"/>
   <element name="wcannon" layername="timeline_1" frame="3" z_index="10" m_a="-0.863510" m_b="0.504331" m_c="0.504331" m_d="0.863510" m_tx="-8.387278" m_ty="-111.138702"/>
  </frame>
  <frame idx="350" w="407" h="558" x="-95.981674" y="-162.289810">
   <element name="wcannon" layername="timeline_0" frame="0" z_index="9" m_a="0.931208" m_b="0.000000" m_c="0.000000" m_d="0.676796" m_tx="-138.034393" m_ty="-61.661602"/>
   <element name="wcannon" layername="timeline_1" frame="3" z_index="10" m_a="-0.822167" m_b="0.569246" m_c="0.569246" m_d="0.822167" m_tx="-6.121437" m_ty="-110.686951"/>
  </frame>
  <frame idx="375" w="374" h="566" x="-64.761154" y="-163.528717">
   <element name="wcannon" layername="timeline_0" frame="0" z_index="9" m_a="0.931208" m_b="0.000000" m_c="0.000000" m_d="0.676796" m_tx="-138.034393" m_ty="-61.661602"/>
   <element name="wcannon" layername="timeline_1" frame="3" z_index="10" m_a="-0.775955" m_b="0.630789" m_c="0.630789" m_d="0.775955" m_tx="-3.925535" m_ty="-110.374168"/>
  </frame>
  <frame idx="400" w="339" h="570" x="-32.951996" y="-163.864227">
   <element name="wcannon" layername="timeline_0" frame="0" z_index="9" m_a="0.931208" m_b="0.000000" m_c="0.000000" m_d="0.676796" m_tx="-138.034393" m_ty="-61.661602"/>
   <element name="wcannon" layername="timeline_1" frame="3" z_index="10" m_a="-0.725146" m_b="0.688595" m_c="0.688595" m_d="0.725146" m_tx="-1.814768" m_ty="-110.191490"/>
  </frame>
  <frame idx="425" w="333" h="573" x="-27.750004" y="-164.782990">
   <element name="wcannon" layername="timeline_0" frame="0" z_index="9" m_a="0.931208" m_b="0.000000" m_c="0.000000" m_d="0.676796" m_tx="-138.034393" m_ty="-61.661602"/>
   <element name="wcannon" layername="timeline_1" frame="3" z_index="10" m_a="-0.670042" m_b="0.742323" m_c="0.742323" m_d="0.670042" m_tx="0.196636" m_ty="-110.128624"/>
  </frame>
  <frame idx="450" w="333" h="572" x="-27.750004" y="-165.270416">
   <element name="wcannon" layername="timeline_0" frame="0" z_index="9" m_a="0.931208" m_b="0.000000" m_c="0.000000" m_d="0.676796" m_tx="-138.034393" m_ty="-61.661602"/>
   <element name="wcannon" layername="timeline_1" frame="3" z_index="10" m_a="-0.610969" m_b="0.791654" m_c="0.791654" m_d="0.610969" m_tx="2.095564" m_ty="-110.173820"/>
  </frame>
  <frame idx="475" w="333" h="557" x="-27.750004" y="-156.902664">
   <element name="wcannon" layername="timeline_0" frame="0" z_index="9" m_a="0.931208" m_b="0.000000" m_c="0.000000" m_d="0.676796" m_tx="-138.034393" m_ty="-61.661602"/>
   <element name="wcannon" layername="timeline_1" frame="2" z_index="10" m_a="-0.637937" m_b="0.770088" m_c="0.770088" m_d="0.637937" m_tx="2.222319" m_ty="-109.767281"/>
  </frame>
  <frame idx="500" w="333" h="558" x="-27.750004" y="-156.465485">
   <element name="wcannon" layername="timeline_0" frame="0" z_index="9" m_a="0.931208" m_b="0.000000" m_c="0.000000" m_d="0.676796" m_tx="-138.034393" m_ty="-61.661602"/>
   <element name="wcannon" layername="timeline_1" frame="2" z_index="10" m_a="-0.679873" m_b="0.733330" m_c="0.733330" m_d="0.679873" m_tx="1.983690" m_ty="-109.288338"/>
  </frame>
  <frame idx="525" w="340" h="558" x="-33.839771" y="-156.056137">
   <element name="wcannon" layername="timeline_0" frame="0" z_index="9" m_a="0.931208" m_b="0.000000" m_c="0.000000" m_d="0.676796" m_tx="-138.034393" m_ty="-61.661602"/>
   <element name="wcannon" layername="timeline_1" frame="2" z_index="10" m_a="-0.719694" m_b="0.694291" m_c="0.694291" m_d="0.719694" m_tx="1.702546" m_ty="-108.839317"/>
  </frame>
  <frame idx="550" w="364" h="556" x="-55.815109" y="-155.677673">
   <element name="wcannon" layername="timeline_0" frame="0" z_index="9" m_a="0.931208" m_b="0.000000" m_c="0.000000" m_d="0.676796" m_tx="-138.034393" m_ty="-61.661602"/>
   <element name="wcannon" layername="timeline_1" frame="2" z_index="10" m_a="-0.757278" m_b="0.653093" m_c="0.653093" m_d="0.757278" m_tx="1.381530" m_ty="-108.423416"/>
  </frame>
  <frame idx="575" w="388" h="552" x="-77.744446" y="-154.832962">
   <element name="wcannon" layername="timeline_0" frame="0" z_index="9" m_a="0.931208" m_b="0.000000" m_c="0.000000" m_d="0.676796" m_tx="-138.034393" m_ty="-61.661602"/>
   <element name="wcannon" layername="timeline_1" frame="2" z_index="10" m_a="-0.792506" m_b="0.609864" m_c="0.609864" m_d="0.792506" m_tx="1.023507" m_ty="-108.043625"/>
  </frame>
  <frame idx="600" w="411" h="549" x="-99.563797" y="-154.524704">
   <element name="wcannon" layername="timeline_0" frame="0" z_index="9" m_a="0.931208" m_b="0.000000" m_c="0.000000" m_d="0.676796" m_tx="-138.034393" m_ty="-61.661602"/>
   <element name="wcannon" layername="timeline_1" frame="2" z_index="10" m_a="-0.825270" m_b="0.564738" m_c="0.564738" m_d="0.825270" m_tx="0.631552" m_ty="-107.702736"/>
  </frame>
  <frame idx="625" w="435" h="543" x="-121.209541" y="-153.755325">
   <element name="wcannon" layername="timeline_0" frame="0" z_index="9" m_a="0.931208" m_b="0.000000" m_c="0.000000" m_d="0.676796" m_tx="-138.034393" m_ty="-61.661602"/>
   <element name="wcannon" layername="timeline_1" frame="2" z_index="10" m_a="-0.855467" m_b="0.517857" m_c="0.517857" m_d="0.855467" m_tx="0.208926" m_ty="-107.403275"/>
  </frame>
  <frame idx="650" w="458" h="536" x="-142.618439" y="-153.027039">
   <element name="wcannon" layername="timeline_0" frame="0" z_index="9" m_a="0.931208" m_b="0.000000" m_c="0.000000" m_d="0.676796" m_tx="-138.034393" m_ty="-61.661602"/>
   <element name="wcannon" layername="timeline_1" frame="2" z_index="10" m_a="-0.883005" m_b="0.469364" m_c="0.469364" m_d="0.883005" m_tx="-0.240930" m_ty="-107.147560"/>
  </frame>
  <frame idx="675" w="482" h="527" x="-163.727936" y="-151.841797">
   <element name="wcannon" layername="timeline_0" frame="0" z_index="9" m_a="0.931208" m_b="0.000000" m_c="0.000000" m_d="0.676796" m_tx="-138.034393" m_ty="-61.661602"/>
   <element name="wcannon" layername="timeline_1" frame="2" z_index="10" m_a="-0.907796" m_b="0.419413" m_c="0.419413" m_d="0.907796" m_tx="-0.714419" m_ty="-106.937622"/>
  </frame>
  <frame idx="700" w="500" h="524" x="-180.456207" y="-153.185440">
   <element name="wcannon" layername="timeline_0" frame="0" z_index="9" m_a="0.931208" m_b="0.000000" m_c="0.000000" m_d="0.676796" m_tx="-138.034393" m_ty="-61.661602"/>
   <element name="wcannon" layername="timeline_1" frame="9" z_index="10" m_a="-0.929991" m_b="0.367582" m_c="0.367582" m_d="0.929991" m_tx="-1.192889" m_ty="-106.794716"/>
  </frame>
  <frame idx="725" w="526" h="512" x="-205.125397" y="-152.292297">
   <element name="wcannon" layername="timeline_0" frame="0" z_index="9" m_a="0.931208" m_b="0.000000" m_c="0.000000" m_d="0.676796" m_tx="-138.034393" m_ty="-61.661602"/>
   <element name="wcannon" layername="timeline_1" frame="9" z_index="10" m_a="-0.953791" m_b="0.300472" m_c="0.300472" m_d="0.953791" m_tx="-1.296399" m_ty="-107.145241"/>
  </frame>
  <frame idx="750" w="552" h="496" x="-228.935608" y="-150.890137">
   <element name="wcannon" layername="timeline_0" frame="0" z_index="9" m_a="0.931208" m_b="0.000000" m_c="0.000000" m_d="0.676796" m_tx="-138.034393" m_ty="-61.661602"/>
   <element name="wcannon" layername="timeline_1" frame="9" z_index="10" m_a="-0.972754" m_b="0.231839" m_c="0.231839" m_d="0.972754" m_tx="-1.351270" m_ty="-107.497635"/>
  </frame>
  <frame idx="775" w="578" h="481" x="-252.276871" y="-149.975159">
   <element name="wcannon" layername="timeline_0" frame="0" z_index="9" m_a="0.931208" m_b="0.000000" m_c="0.000000" m_d="0.676796" m_tx="-138.034393" m_ty="-61.661602"/>
   <element name="wcannon" layername="timeline_1" frame="9" z_index="10" m_a="-0.986786" m_b="0.162030" m_c="0.162030" m_d="0.986786" m_tx="-1.357877" m_ty="-107.846779"/>
  </frame>
  <frame idx="800" w="602" h="461" x="-274.044434" y="-148.043594">
   <element name="wcannon" layername="timeline_0" frame="0" z_index="9" m_a="0.931208" m_b="0.000000" m_c="0.000000" m_d="0.676796" m_tx="-138.034393" m_ty="-61.661602"/>
   <element name="wcannon" layername="timeline_1" frame="9" z_index="10" m_a="-0.995814" m_b="0.091400" m_c="0.091400" m_d="0.995814" m_tx="-1.317079" m_ty="-108.187622"/>
  </frame>
  <frame idx="825" w="623" h="442" x="-294.139221" y="-146.591919">
   <element name="wcannon" layername="timeline_0" frame="0" z_index="9" m_a="0.931208" m_b="0.000000" m_c="0.000000" m_d="0.676796" m_tx="-138.034393" m_ty="-61.661602"/>
   <element name="wcannon" layername="timeline_1" frame="9" z_index="10" m_a="-0.999794" m_b="0.020306" m_c="0.020306" m_d="0.999794" m_tx="-1.230206" m_ty="-108.515228"/>
  </frame>
  <frame idx="850" w="645" h="421" x="-313.468262" y="-145.116776">
   <element name="wcannon" layername="timeline_0" frame="0" z_index="9" m_a="0.931208" m_b="0.000000" m_c="0.000000" m_d="0.676796" m_tx="-138.034393" m_ty="-61.661602"/>
   <element name="wcannon" layername="timeline_1" frame="9" z_index="10" m_a="-0.998704" m_b="-0.050891" m_c="-0.050891" m_d="0.998704" m_tx="-1.099044" m_ty="-108.824814"/>
  </frame>
  <frame idx="875" w="656" h="406" x="-323.820099" y="-141.748993">
   <element name="wcannon" layername="timeline_0" frame="0" z_index="9" m_a="0.931208" m_b="0.000000" m_c="0.000000" m_d="0.676796" m_tx="-138.034393" m_ty="-61.661602"/>
   <element name="wcannon" layername="timeline_1" frame="1" z_index="10" m_a="-0.996243" m_b="-0.086599" m_c="-0.086599" m_d="0.996243" m_tx="-1.000000" m_ty="-109.000000"/>
  </frame>
  <frame idx="900" w="651" h="411" x="-319.314667" y="-142.299301">
   <element name="wcannon" layername="timeline_0" frame="0" z_index="9" m_a="0.931208" m_b="0.000000" m_c="0.000000" m_d="0.676796" m_tx="-138.034393" m_ty="-61.661602"/>
   <element name="wcannon" layername="timeline_1" frame="1" z_index="10" m_a="-0.997595" m_b="-0.069311" m_c="-0.069311" m_d="0.997595" m_tx="-1.000000" m_ty="-109.000000"/>
  </frame>
  <frame idx="925" w="646" h="417" x="-314.729889" y="-142.849976">
   <element name="wcannon" layername="timeline_0" frame="0" z_index="9" m_a="0.931208" m_b="0.000000" m_c="0.000000" m_d="0.676796" m_tx="-138.034393" m_ty="-61.661602"/>
   <element name="wcannon" layername="timeline_1" frame="1" z_index="10" m_a="-0.998647" m_b="-0.052001" m_c="-0.052001" m_d="0.998647" m_tx="-1.000000" m_ty="-109.000000"/>
  </frame>
  <frame idx="950" w="641" h="423" x="-310.067017" y="-143.401001">
   <element name="wcannon" layername="timeline_0" frame="0" z_index="9" m_a="0.931208" m_b="0.000000" m_c="0.000000" m_d="0.676796" m_tx="-138.034393" m_ty="-61.661602"/>
   <element name="wcannon" layername="timeline_1" frame="1" z_index="10" m_a="-0.999399" m_b="-0.034676" m_c="-0.034676" m_d="0.999399" m_tx="-1.000000" m_ty="-109.000000"/>
  </frame>
  <frame idx="975" w="636" h="428" x="-305.327271" y="-143.952332">
   <element name="wcannon" layername="timeline_0" frame="0" z_index="9" m_a="0.931208" m_b="0.000000" m_c="0.000000" m_d="0.676796" m_tx="-138.034393" m_ty="-61.661602"/>
   <element name="wcannon" layername="timeline_1" frame="1" z_index="10" m_a="-0.999850" m_b="-0.017341" m_c="-0.017341" m_d="0.999850" m_tx="-1.000000" m_ty="-109.000000"/>
  </frame>
 </anim>
 <anim name="hit" root="wcannon" numframes="1000" framerate="40">
  <frame idx="0" w="626" h="437" x="-296.023560" y="-143.499420">
   <element name="wcannon" layername="timeline_0" frame="0" z_index="9" m_a="0.931208" m_b="0.000000" m_c="0.000000" m_d="0.676796" m_tx="-138.034393" m_ty="-61.661602"/>
   <element name="wcannon" layername="timeline_1" frame="2" z_index="10" m_a="-0.999439" m_b="0.033479" m_c="0.033479" m_d="0.999439" m_tx="-2.000000" m_ty="-106.003983"/>
  </frame>
  <frame idx="25" w="668" h="411" x="-334.642975" y="-157.598572">
   <element name="wcannon" layername="timeline_0" frame="0" z_index="9" m_a="0.931208" m_b="0.000000" m_c="0.000000" m_d="0.676796" m_tx="-138.034393" m_ty="-61.661602"/>
   <element name="wcannon" layername="timeline_1" frame="2" z_index="10" m_a="-0.993684" m_b="-0.112211" m_c="-0.112211" m_d="0.993684" m_tx="-2.280899" m_ty="-122.108856"/>
  </frame>
  <frame idx="50" w="702" h="378" x="-366.387329" y="-170.676666">
   <element name="wcannon" layername="timeline_0" frame="0" z_index="9" m_a="0.931208" m_b="0.000000" m_c="0.000000" m_d="0.676796" m_tx="-138.034393" m_ty="-61.661602"/>
   <element name="wcannon" layername="timeline_1" frame="2" z_index="10" m_a="-0.966805" m_b="-0.255515" m_c="-0.255515" m_d="0.966805" m_tx="-2.561798" m_ty="-138.213730"/>
  </frame>
  <frame idx="75" w="730" h="342" x="-391.640900" y="-183.734283">
   <element name="wcannon" layername="timeline_0" frame="0" z_index="9" m_a="0.931208" m_b="0.000000" m_c="0.000000" m_d="0.676796" m_tx="-138.034393" m_ty="-61.661602"/>
   <element name="wcannon" layername="timeline_1" frame="2" z_index="10" m_a="-0.919373" m_b="-0.393387" m_c="-0.393387" m_d="0.919373" m_tx="-2.842697" m_ty="-154.318588"/>
  </frame>
  <frame idx="100" w="749" h="353" x="-408.925964" y="-200.772446">
   <element name="wcannon" layername="timeline_0" frame="0" z_index="9" m_a="0.931208" m_b="0.000000" m_c="0.000000" m_d="0.676796" m_tx="-138.034393" m_ty="-61.661602"/>
   <element name="wcannon" layername="timeline_1" frame="2" z_index="10" m_a="-0.852396" m_b="-0.522897" m_c="-0.522897" m_d="0.852396" m_tx="-3.123595" m_ty="-170.423462"/>
  </frame>
  <frame idx="125" w="759" h="372" x="-418.412903" y="-218.292572">
   <element name="wcannon" layername="timeline_0" frame="0" z_index="9" m_a="0.931208" m_b="0.000000" m_c="0.000000" m_d="0.676796" m_tx="-138.034393" m_ty="-61.661602"/>
   <element name="wcannon" layername="timeline_1" frame="2" z_index="10" m_a="-0.767299" m_b="-0.641290" m_c="-0.641290" m_d="0.767299" m_tx="-3.404494" m_ty="-186.528336"/>
  </frame>
  <frame idx="150" w="760" h="392" x="-419.427277" y="-236.296432">
   <element name="wcannon" layername="timeline_0" frame="0" z_index="9" m_a="0.931208" m_b="0.000000" m_c="0.000000" m_d="0.676796" m_tx="-138.034393" m_ty="-61.661602"/>
   <element name="wcannon" layername="timeline_1" frame="2" z_index="10" m_a="-0.665890" m_b="-0.746050" m_c="-0.746050" m_d="0.665890" m_tx="-3.685393" m_ty="-202.633209"/>
  </frame>
  <frame idx="175" w="753" h="411" x="-412.453522" y="-253.786209">
   <element name="wcannon" layername="timeline_0" frame="0" z_index="9" m_a="0.931208" m_b="0.000000" m_c="0.000000" m_d="0.676796" m_tx="-138.034393" m_ty="-61.661602"/>
   <element name="wcannon" layername="timeline_1" frame="2" z_index="10" m_a="-0.550325" m_b="-0.834951" m_c="-0.834951" m_d="0.550325" m_tx="-3.966292" m_ty="-218.738083"/>
  </frame>
  <frame idx="200" w="736" h="430" x="-397.135223" y="-271.264313">
   <element name="wcannon" layername="timeline_0" frame="0" z_index="9" m_a="0.931208" m_b="0.000000" m_c="0.000000" m_d="0.676796" m_tx="-138.034393" m_ty="-61.661602"/>
   <element name="wcannon" layername="timeline_1" frame="2" z_index="10" m_a="-0.423061" m_b="-0.906101" m_c="-0.906101" m_d="0.423061" m_tx="-4.247191" m_ty="-234.842941"/>
  </frame>
  <frame idx="225" w="711" h="449" x="-374.272064" y="-288.733459">
   <element name="wcannon" layername="timeline_0" frame="0" z_index="9" m_a="0.931208" m_b="0.000000" m_c="0.000000" m_d="0.676796" m_tx="-138.034393" m_ty="-61.661602"/>
   <element name="wcannon" layername="timeline_1" frame="2" z_index="10" m_a="-0.286803" m_b="-0.957990" m_c="-0.957990" m_d="0.286803" m_tx="-4.528090" m_ty="-250.947815"/>
  </frame>
  <frame idx="250" w="678" h="469" x="-343.813568" y="-306.696533">
   <element name="wcannon" layername="timeline_0" frame="0" z_index="9" m_a="0.931208" m_b="0.000000" m_c="0.000000" m_d="0.676796" m_tx="-138.034393" m_ty="-61.661602"/>
   <element name="wcannon" layername="timeline_1" frame="2" z_index="10" m_a="-0.144448" m_b="-0.989512" m_c="-0.989512" m_d="0.144448" m_tx="-4.808989" m_ty="-267.052673"/>
  </frame>
  <frame idx="275" w="659" h="477" x="-326.806885" y="-314.913757">
   <element name="wcannon" layername="timeline_0" frame="0" z_index="9" m_a="0.931208" m_b="0.000000" m_c="0.000000" m_d="0.676796" m_tx="-138.034393" m_ty="-61.661602"/>
   <element name="wcannon" layername="timeline_1" frame="2" z_index="10" m_a="-0.074178" m_b="-0.997245" m_c="-0.997245" m_d="0.074178" m_tx="-4.944456" m_ty="-274.839874"/>
  </frame>
  <frame idx="300" w="682" h="466" x="-348.123383" y="-304.113983">
   <element name="wcannon" layername="timeline_0" frame="0" z_index="9" m_a="0.931208" m_b="0.000000" m_c="0.000000" m_d="0.676796" m_tx="-138.034393" m_ty="-61.661602"/>
   <element name="wcannon" layername="timeline_1" frame="2" z_index="10" m_a="-0.162659" m_b="-0.986682" m_c="-0.986682" m_d="0.162659" m_tx="-4.770882" m_ty="-264.951965"/>
  </frame>
  <frame idx="325" w="702" h="454" x="-366.666199" y="-293.312927">
   <element name="wcannon" layername="timeline_0" frame="0" z_index="9" m_a="0.931208" m_b="0.000000" m_c="0.000000" m_d="0.676796" m_tx="-138.034393" m_ty="-61.661602"/>
   <element name="wcannon" layername="timeline_1" frame="2" z_index="10" m_a="-0.249848" m_b="-0.968285" m_c="-0.968285" m_d="0.249848" m_tx="-4.597307" m_ty="-255.064072"/>
  </frame>
  <frame idx="350" w="720" h="442" x="-382.798523" y="-282.509888">
   <element name="wcannon" layername="timeline_0" frame="0" z_index="9" m_a="0.931208" m_b="0.000000" m_c="0.000000" m_d="0.676796" m_tx="-138.034393" m_ty="-61.661602"/>
   <element name="wcannon" layername="timeline_1" frame="2" z_index="10" m_a="-0.335054" m_b="-0.942199" m_c="-0.942199" m_d="0.335054" m_tx="-4.423733" m_ty="-245.176178"/>
  </frame>
  <frame idx="375" w="735" h="430" x="-396.402710" y="-271.704224">
   <element name="wcannon" layername="timeline_0" frame="0" z_index="9" m_a="0.931208" m_b="0.000000" m_c="0.000000" m_d="0.676796" m_tx="-138.034393" m_ty="-61.661602"/>
   <element name="wcannon" layername="timeline_1" frame="2" z_index="10" m_a="-0.417599" m_b="-0.908632" m_c="-0.908632" m_d="0.417599" m_tx="-4.250159" m_ty="-235.288284"/>
  </frame>
  <frame idx="400" w="747" h="418" x="-406.881470" y="-260.895203">
   <element name="wcannon" layername="timeline_0" frame="0" z_index="9" m_a="0.931208" m_b="0.000000" m_c="0.000000" m_d="0.676796" m_tx="-138.034393" m_ty="-61.661602"/>
   <element name="wcannon" layername="timeline_1" frame="2" z_index="10" m_a="-0.496828" m_b="-0.867849" m_c="-0.867849" m_d="0.496828" m_tx="-4.076584" m_ty="-225.400375"/>
  </frame>
  <frame idx="425" w="754" h="407" x="-414.158020" y="-250.082306">
   <element name="wcannon" layername="timeline_0" frame="0" z_index="9" m_a="0.931208" m_b="0.000000" m_c="0.000000" m_d="0.676796" m_tx="-138.034393" m_ty="-61.661602"/>
   <element name="wcannon" layername="timeline_1" frame="2" z_index="10" m_a="-0.572112" m_b="-0.820175" m_c="-0.820175" m_d="0.572112" m_tx="-3.903010" m_ty="-215.512482"/>
  </frame>
  <frame idx="450" w="759" h="395" x="-418.677155" y="-239.264877">
   <element name="wcannon" layername="timeline_0" frame="0" z_index="9" m_a="0.931208" m_b="0.000000" m_c="0.000000" m_d="0.676796" m_tx="-138.034393" m_ty="-61.661602"/>
   <element name="wcannon" layername="timeline_1" frame="2" z_index="10" m_a="-0.642853" m_b="-0.765989" m_c="-0.765989" m_d="0.642853" m_tx="-3.729435" m_ty="-205.624588"/>
  </frame>
  <frame idx="475" w="761" h="383" x="-419.905670" y="-228.442337">
   <element name="wcannon" layername="timeline_0" frame="0" z_index="9" m_a="0.931208" m_b="0.000000" m_c="0.000000" m_d="0.676796" m_tx="-138.034393" m_ty="-61.661602"/>
   <element name="wcannon" layername="timeline_1" frame="2" z_index="10" m_a="-0.708490" m_b="-0.705721" m_c="-0.705721" m_d="0.708490" m_tx="-3.555861" m_ty="-195.736679"/>
  </frame>
  <frame idx="500" w="759" h="371" x="-418.332367" y="-217.614212">
   <element name="wcannon" layername="timeline_0" frame="0" z_index="9" m_a="0.931208" m_b="0.000000" m_c="0.000000" m_d="0.676796" m_tx="-138.034393" m_ty="-61.661602"/>
   <element name="wcannon" layername="timeline_1" frame="2" z_index="10" m_a="-0.768501" m_b="-0.639848" m_c="-0.639848" m_d="0.768501" m_tx="-3.382287" m_ty="-185.848785"/>
  </frame>
  <frame idx="525" w="754" h="359" x="-413.468414" y="-206.780014">
   <element name="wcannon" layername="timeline_0" frame="0" z_index="9" m_a="0.931208" m_b="0.000000" m_c="0.000000" m_d="0.676796" m_tx="-138.034393" m_ty="-61.661602"/>
   <element name="wcannon" layername="timeline_1" frame="2" z_index="10" m_a="-0.822410" m_b="-0.568895" m_c="-0.568895" m_d="0.822410" m_tx="-3.208712" m_ty="-175.960892"/>
  </frame>
  <frame idx="550" w="746" h="348" x="-405.847015" y="-195.939301">
   <element name="wcannon" layername="timeline_0" frame="0" z_index="9" m_a="0.931208" m_b="0.000000" m_c="0.000000" m_d="0.676796" m_tx="-138.034393" m_ty="-61.661602"/>
   <element name="wcannon" layername="timeline_1" frame="2" z_index="10" m_a="-0.869788" m_b="-0.493425" m_c="-0.493425" m_d="0.869788" m_tx="-3.035138" m_ty="-166.072983"/>
  </frame>
  <frame idx="575" w="734" h="336" x="-395.023407" y="-185.091705">
   <element name="wcannon" layername="timeline_0" frame="0" z_index="9" m_a="0.931208" m_b="0.000000" m_c="0.000000" m_d="0.676796" m_tx="-138.034393" m_ty="-61.661602"/>
   <element name="wcannon" layername="timeline_1" frame="2" z_index="10" m_a="-0.910260" m_b="-0.414037" m_c="-0.414037" m_d="0.910260" m_tx="-2.861563" m_ty="-156.185089"/>
  </frame>
  <frame idx="600" w="718" h="358" x="-381.074188" y="-177.236923">
   <element name="wcannon" layername="timeline_0" frame="0" z_index="9" m_a="0.931208" m_b="0.000000" m_c="0.000000" m_d="0.676796" m_tx="-138.034393" m_ty="-61.661602"/>
   <element name="wcannon" layername="timeline_1" frame="2" z_index="10" m_a="-0.943504" m_b="-0.331361" m_c="-0.331361" m_d="0.943504" m_tx="-2.687989" m_ty="-146.297195"/>
  </frame>
  <frame idx="625" w="700" h="380" x="-364.596802" y="-169.374664">
   <element name="wcannon" layername="timeline_0" frame="0" z_index="9" m_a="0.931208" m_b="0.000000" m_c="0.000000" m_d="0.676796" m_tx="-138.034393" m_ty="-61.661602"/>
   <element name="wcannon" layername="timeline_1" frame="2" z_index="10" m_a="-0.969256" m_b="-0.246054" m_c="-0.246054" m_d="0.969256" m_tx="-2.514415" m_ty="-136.409286"/>
  </frame>
  <frame idx="650" w="680" h="400" x="-345.708893" y="-161.004761">
   <element name="wcannon" layername="timeline_0" frame="0" z_index="9" m_a="0.931208" m_b="0.000000" m_c="0.000000" m_d="0.676796" m_tx="-138.034393" m_ty="-61.661602"/>
   <element name="wcannon" layername="timeline_1" frame="2" z_index="10" m_a="-0.987312" m_b="-0.158793" m_c="-0.158793" m_d="0.987312" m_tx="-2.340840" m_ty="-126.521400"/>
  </frame>
  <frame idx="675" w="656" h="418" x="-324.047028" y="-152.627045">
   <element name="wcannon" layername="timeline_0" frame="0" z_index="9" m_a="0.931208" m_b="0.000000" m_c="0.000000" m_d="0.676796" m_tx="-138.034393" m_ty="-61.661602"/>
   <element name="wcannon" layername="timeline_1" frame="2" z_index="10" m_a="-0.997528" m_b="-0.070271" m_c="-0.070271" m_d="0.997528" m_tx="-2.167266" m_ty="-116.633499"/>
  </frame>
  <frame idx="700" w="636" h="430" x="-306.129150" y="-146.353699">
   <element name="wcannon" layername="timeline_0" frame="0" z_index="9" m_a="0.931208" m_b="0.000000" m_c="0.000000" m_d="0.676796" m_tx="-138.034393" m_ty="-61.661602"/>
   <element name="wcannon" layername="timeline_1" frame="2" z_index="10" m_a="-0.999990" m_b="-0.004382" m_c="-0.004382" m_d="0.999990" m_tx="-2.040406" m_ty="-109.357704"/>
  </frame>
  <frame idx="725" w="635" h="431" x="-304.552765" y="-145.794754">
   <element name="wcannon" layername="timeline_0" frame="0" z_index="9" m_a="0.931208" m_b="0.000000" m_c="0.000000" m_d="0.676796" m_tx="-138.034393" m_ty="-61.661602"/>
   <element name="wcannon" layername="timeline_1" frame="2" z_index="10" m_a="-0.999998" m_b="0.001929" m_c="0.001929" m_d="0.999998" m_tx="-2.033672" m_ty="-108.798752"/>
  </frame>
  <frame idx="750" w="633" h="433" x="-302.966553" y="-145.735779">
   <element name="wcannon" layername="timeline_0" frame="0" z_index="9" m_a="0.931208" m_b="0.000000" m_c="0.000000" m_d="0.676796" m_tx="-138.034393" m_ty="-61.661602"/>
   <element name="wcannon" layername="timeline_1" frame="2" z_index="10" m_a="-0.999966" m_b="0.008240" m_c="0.008240" m_d="0.999966" m_tx="-2.026938" m_ty="-108.239799"/>
  </frame>
  <frame idx="775" w="632" h="434" x="-301.370422" y="-145.176743">
   <element name="wcannon" layername="timeline_0" frame="0" z_index="9" m_a="0.931208" m_b="0.000000" m_c="0.000000" m_d="0.676796" m_tx="-138.034393" m_ty="-61.661602"/>
   <element name="wcannon" layername="timeline_1" frame="2" z_index="10" m_a="-0.999894" m_b="0.014551" m_c="0.014551" m_d="0.999894" m_tx="-2.020203" m_ty="-107.680847"/>
  </frame>
  <frame idx="800" w="629" h="435" x="-299.264526" y="-144.617676">
   <element name="wcannon" layername="timeline_0" frame="0" z_index="9" m_a="0.931208" m_b="0.000000" m_c="0.000000" m_d="0.676796" m_tx="-138.034393" m_ty="-61.661602"/>
   <element name="wcannon" layername="timeline_1" frame="2" z_index="10" m_a="-0.999782" m_b="0.020861" m_c="0.020861" m_d="0.999782" m_tx="-2.013469" m_ty="-107.121887"/>
  </frame>
  <frame idx="825" w="627" h="436" x="-297.648804" y="-144.058563">
   <element name="wcannon" layername="timeline_0" frame="0" z_index="9" m_a="0.931208" m_b="0.000000" m_c="0.000000" m_d="0.676796" m_tx="-138.034393" m_ty="-61.661602"/>
   <element name="wcannon" layername="timeline_1" frame="2" z_index="10" m_a="-0.999631" m_b="0.027171" m_c="0.027171" m_d="0.999631" m_tx="-2.006734" m_ty="-106.562935"/>
  </frame>
  <frame idx="850" w="626" h="437" x="-296.023560" y="-143.499420">
   <element name="wcannon" layername="timeline_0" frame="0" z_index="9" m_a="0.931208" m_b="0.000000" m_c="0.000000" m_d="0.676796" m_tx="-138.034393" m_ty="-61.661602"/>
   <element name="wcannon" layername="timeline_1" frame="2" z_index="10" m_a="-0.999439" m_b="0.033479" m_c="0.033479" m_d="0.999439" m_tx="-2.000000" m_ty="-106.003983"/>
  </frame>
  <frame idx="875" w="626" h="437" x="-296.023560" y="-143.499420">
   <element name="wcannon" layername="timeline_0" frame="0" z_index="9" m_a="0.931208" m_b="0.000000" m_c="0.000000" m_d="0.676796" m_tx="-138.034393" m_ty="-61.661602"/>
   <element name="wcannon" layername="timeline_1" frame="2" z_index="10" m_a="-0.999439" m_b="0.033479" m_c="0.033479" m_d="0.999439" m_tx="-2.000000" m_ty="-106.003983"/>
  </frame>
  <frame idx="900" w="626" h="437" x="-296.023560" y="-143.499420">
   <element name="wcannon" layername="timeline_0" frame="0" z_index="9" m_a="0.931208" m_b="0.000000" m_c="0.000000" m_d="0.676796" m_tx="-138.034393" m_ty="-61.661602"/>
   <element name="wcannon" layername="timeline_1" frame="2" z_index="10" m_a="-0.999439" m_b="0.033479" m_c="0.033479" m_d="0.999439" m_tx="-2.000000" m_ty="-106.003983"/>
  </frame>
  <frame idx="925" w="626" h="437" x="-296.023560" y="-143.499420">
   <element name="wcannon" layername="timeline_0" frame="0" z_index="9" m_a="0.931208" m_b="0.000000" m_c="0.000000" m_d="0.676796" m_tx="-138.034393" m_ty="-61.661602"/>
   <element name="wcannon" layername="timeline_1" frame="2" z_index="10" m_a="-0.999439" m_b="0.033479" m_c="0.033479" m_d="0.999439" m_tx="-2.000000" m_ty="-106.003983"/>
  </frame>
  <frame idx="950" w="626" h="437" x="-296.023560" y="-143.499420">
   <element name="wcannon" layername="timeline_0" frame="0" z_index="9" m_a="0.931208" m_b="0.000000" m_c="0.000000" m_d="0.676796" m_tx="-138.034393" m_ty="-61.661602"/>
   <element name="wcannon" layername="timeline_1" frame="2" z_index="10" m_a="-0.999439" m_b="0.033479" m_c="0.033479" m_d="0.999439" m_tx="-2.000000" m_ty="-106.003983"/>
  </frame>
  <frame idx="975" w="626" h="437" x="-296.023560" y="-143.499420">
   <element name="wcannon" layername="timeline_0" frame="0" z_index="9" m_a="0.931208" m_b="0.000000" m_c="0.000000" m_d="0.676796" m_tx="-138.034393" m_ty="-61.661602"/>
   <element name="wcannon" layername="timeline_1" frame="2" z_index="10" m_a="-0.999439" m_b="0.033479" m_c="0.033479" m_d="0.999439" m_tx="-2.000000" m_ty="-106.003983"/>
  </frame>
 </anim>
</Anims>
