<Anims>
 <anim name="idle" root="wcannon_projectile" numframes="1000" framerate="40">
  <frame idx="0" w="68" h="82" x="-5.805214" y="-10.231602">
   <element name="wcannon_projectile" layername="timeline_0" frame="0" z_index="1" m_a="0.873277" m_b="0.000000" m_c="0.000000" m_d="1.000000" m_tx="1.770708" m_ty="0.127054"/>
  </frame>
  <frame idx="25" w="80" h="70" x="-7.311222" y="-8.943723">
   <element name="wcannon_projectile" layername="timeline_0" frame="0" z_index="1" m_a="0.862526" m_b="-0.136611" m_c="0.156434" m_d="0.987688" m_tx="1.770708" m_ty="0.127054"/>
  </frame>
  <frame idx="50" w="88" h="56" x="-8.265965" y="-7.580231">
   <element name="wcannon_projectile" layername="timeline_0" frame="0" z_index="1" m_a="0.830536" m_b="-0.269857" m_c="0.309017" m_d="0.951057" m_tx="1.770708" m_ty="0.127054"/>
  </frame>
  <frame idx="75" w="95" h="40" x="-9.158247" y="-5.650077">
   <element name="wcannon_projectile" layername="timeline_0" frame="0" z_index="1" m_a="0.778096" m_b="-0.396460" m_c="0.453991" m_d="0.891007" m_tx="1.770708" m_ty="0.127054"/>
  </frame>
  <frame idx="100" w="100" h="24" x="-9.978408" y="-3.663852">
   <element name="wcannon_projectile" layername="timeline_0" frame="0" z_index="1" m_a="0.706496" m_b="-0.513299" m_c="0.587785" m_d="0.809017" m_tx="1.770708" m_ty="0.127054"/>
  </frame>
  <frame idx="125" w="103" h="8" x="-10.718566" y="-2.133529">
   <element name="wcannon_projectile" layername="timeline_0" frame="0" z_index="1" m_a="0.617500" m_b="-0.617500" m_c="0.707107" m_d="0.707107" m_tx="1.770708" m_ty="0.127054"/>
  </frame>
  <frame idx="150" w="103" h="11" x="-10.872806" y="-10.470298">
   <element name="wcannon_projectile" layername="timeline_0" frame="0" z_index="1" m_a="0.513299" m_b="-0.706496" m_c="0.809017" m_d="0.587785" m_tx="1.770708" m_ty="0.127054"/>
  </frame>
  <frame idx="175" w="100" h="28" x="-10.437330" y="-25.180052">
   <element name="wcannon_projectile" layername="timeline_0" frame="0" z_index="1" m_a="0.396459" m_b="-0.778096" m_c="0.891007" m_d="0.453991" m_tx="1.770708" m_ty="0.127054"/>
  </frame>
  <frame idx="200" w="95" h="44" x="-9.910550" y="-39.287758">
   <element name="wcannon_projectile" layername="timeline_0" frame="0" z_index="1" m_a="0.269857" m_b="-0.830536" m_c="0.951057" m_d="0.309017" m_tx="1.770708" m_ty="0.127054"/>
  </frame>
  <frame idx="225" w="87" h="59" x="-9.293126" y="-51.982960">
   <element name="wcannon_projectile" layername="timeline_0" frame="0" z_index="1" m_a="0.136611" m_b="-0.862526" m_c="0.987688" m_d="0.156434" m_tx="1.770708" m_ty="0.127054"/>
  </frame>
  <frame idx="250" w="77" h="72" x="-8.087948" y="-63.477680">
   <element name="wcannon_projectile" layername="timeline_0" frame="0" z_index="1" m_a="-0.000000" m_b="-0.873277" m_c="1.000000" m_d="-0.000000" m_tx="1.770708" m_ty="0.127054"/>
  </frame>
  <frame idx="275" w="66" h="83" x="-6.800069" y="-73.513504">
   <element name="wcannon_projectile" layername="timeline_0" frame="0" z_index="1" m_a="-0.136611" m_b="-0.862526" m_c="0.987688" m_d="-0.156434" m_tx="1.770708" m_ty="0.127054"/>
  </frame>
  <frame idx="300" w="53" h="93" x="-5.436576" y="-81.867966">
   <element name="wcannon_projectile" layername="timeline_0" frame="0" z_index="1" m_a="-0.269858" m_b="-0.830536" m_c="0.951056" m_d="-0.309017" m_tx="1.770708" m_ty="0.127054"/>
  </frame>
  <frame idx="325" w="39" h="100" x="-4.006423" y="-87.859924">
   <element name="wcannon_projectile" layername="timeline_0" frame="0" z_index="1" m_a="-0.396459" m_b="-0.778096" m_c="0.891007" m_d="-0.453990" m_tx="1.770708" m_ty="0.127054"/>
  </frame>
  <frame idx="350" w="23" h="105" x="-2.020198" y="-91.854187">
   <element name="wcannon_projectile" layername="timeline_0" frame="0" z_index="1" m_a="-0.513299" m_b="-0.706496" m_c="0.809017" m_d="-0.587785" m_tx="1.770708" m_ty="0.127054"/>
  </frame>
  <frame idx="375" w="8" h="106" x="-0.489875" y="-93.264709">
   <element name="wcannon_projectile" layername="timeline_0" frame="0" z_index="1" m_a="-0.617500" m_b="-0.617500" m_c="0.707107" m_d="-0.707107" m_tx="1.770708" m_ty="0.127054"/>
  </frame>
  <frame idx="400" w="10" h="106" x="-7.526005" y="-92.556755">
   <element name="wcannon_projectile" layername="timeline_0" frame="0" z_index="1" m_a="-0.706496" m_b="-0.513299" m_c="0.587785" m_d="-0.809017" m_tx="1.770708" m_ty="0.127054"/>
  </frame>
  <frame idx="425" w="26" h="103" x="-21.592663" y="-89.747749">
   <element name="wcannon_projectile" layername="timeline_0" frame="0" z_index="1" m_a="-0.778096" m_b="-0.396459" m_c="0.453990" m_d="-0.891007" m_tx="1.770708" m_ty="0.127054"/>
  </frame>
  <frame idx="450" w="41" h="96" x="-34.645603" y="-83.906868">
   <element name="wcannon_projectile" layername="timeline_0" frame="0" z_index="1" m_a="-0.830536" m_b="-0.269857" m_c="0.309017" m_d="-0.951057" m_tx="1.770708" m_ty="0.127054"/>
  </frame>
  <frame idx="475" w="56" h="88" x="-47.388012" y="-76.653313">
   <element name="wcannon_projectile" layername="timeline_0" frame="0" z_index="1" m_a="-0.862526" m_b="-0.136611" m_c="0.156434" m_d="-0.987688" m_tx="1.770708" m_ty="0.127054"/>
  </frame>
  <frame idx="500" w="68" h="78" x="-58.543102" y="-67.153366">
   <element name="wcannon_projectile" layername="timeline_0" frame="0" z_index="1" m_a="-0.873277" m_b="0.000000" m_c="-0.000000" m_d="-1.000000" m_tx="1.770708" m_ty="0.127054"/>
  </frame>
  <frame idx="525" w="80" h="65" x="-68.296677" y="-56.201412">
   <element name="wcannon_projectile" layername="timeline_0" frame="0" z_index="1" m_a="-0.862695" m_b="0.135535" m_c="-0.155203" m_d="-0.987883" m_tx="1.770708" m_ty="0.127054"/>
  </frame>
  <frame idx="550" w="88" h="52" x="-76.021835" y="-43.977814">
   <element name="wcannon_projectile" layername="timeline_0" frame="0" z_index="1" m_a="-0.831206" m_b="0.267786" m_c="-0.306645" m_d="-0.951824" m_tx="1.770708" m_ty="0.127054"/>
  </frame>
  <frame idx="575" w="95" h="36" x="-82.043457" y="-30.254559">
   <element name="wcannon_projectile" layername="timeline_0" frame="0" z_index="1" m_a="-0.779573" m_b="0.393547" m_c="-0.450655" m_d="-0.892698" m_tx="1.770708" m_ty="0.127054"/>
  </frame>
  <frame idx="600" w="100" h="21" x="-86.227737" y="-16.327904">
   <element name="wcannon_projectile" layername="timeline_0" frame="0" z_index="1" m_a="-0.709047" m_b="0.509770" m_c="-0.583744" m_d="-0.811938" m_tx="1.770708" m_ty="0.127054"/>
  </frame>
  <frame idx="625" w="103" h="4" x="-88.485390" y="-1.511082">
   <element name="wcannon_projectile" layername="timeline_0" frame="0" z_index="1" m_a="-0.621337" m_b="0.613639" m_c="-0.702685" m_d="-0.711501" m_tx="1.770708" m_ty="0.127054"/>
  </frame>
  <frame idx="650" w="103" h="15" x="-88.273819" y="-0.646492">
   <element name="wcannon_projectile" layername="timeline_0" frame="0" z_index="1" m_a="-0.518569" m_b="0.702637" m_c="-0.804598" m_d="-0.593820" m_tx="1.770708" m_ty="0.127054"/>
  </frame>
  <frame idx="675" w="100" h="32" x="-85.598137" y="-2.719953">
   <element name="wcannon_projectile" layername="timeline_0" frame="0" z_index="1" m_a="-0.403234" m_b="0.774606" m_c="-0.887011" m_d="-0.461748" m_tx="1.770708" m_ty="0.127054"/>
  </frame>
  <frame idx="700" w="95" h="47" x="-81.011101" y="-4.297119">
   <element name="wcannon_projectile" layername="timeline_0" frame="0" z_index="1" m_a="-0.278127" m_b="0.827803" m_c="-0.947927" m_d="-0.318487" m_tx="1.770708" m_ty="0.127054"/>
  </frame>
  <frame idx="725" w="88" h="62" x="-74.611717" y="-6.364007">
   <element name="wcannon_projectile" layername="timeline_0" frame="0" z_index="1" m_a="-0.146279" m_b="0.860939" m_c="-0.985871" m_d="-0.167506" m_tx="1.770708" m_ty="0.127054"/>
  </frame>
  <frame idx="750" w="78" h="75" x="-66.043030" y="-7.906875">
   <element name="wcannon_projectile" layername="timeline_0" frame="0" z_index="1" m_a="-0.010887" m_b="0.873209" m_c="-0.999922" m_d="-0.012467" m_tx="1.770708" m_ty="0.127054"/>
  </frame>
  <frame idx="775" w="68" h="87" x="-56.343872" y="-9.419732">
   <element name="wcannon_projectile" layername="timeline_0" frame="0" z_index="1" m_a="0.126769" m_b="0.864027" m_c="-0.989408" m_d="0.145164" m_tx="1.770708" m_ty="0.127054"/>
  </frame>
  <frame idx="800" w="55" h="96" x="-44.830025" y="-10.382053">
   <element name="wcannon_projectile" layername="timeline_0" frame="0" z_index="1" m_a="0.261427" m_b="0.833228" m_c="-0.954139" m_d="0.299363" m_tx="1.770708" m_ty="0.127054"/>
  </frame>
  <frame idx="825" w="40" h="104" x="-31.775234" y="-11.781594">
   <element name="wcannon_projectile" layername="timeline_0" frame="0" z_index="1" m_a="0.389545" m_b="0.781580" m_c="-0.894997" m_d="0.446072" m_tx="1.770708" m_ty="0.127054"/>
  </frame>
  <frame idx="850" w="24" h="109" x="-17.968700" y="-12.608356">
   <element name="wcannon_projectile" layername="timeline_0" frame="0" z_index="1" m_a="0.507915" m_b="0.710377" m_c="-0.813461" m_d="0.581619" m_tx="1.770708" m_ty="0.127054"/>
  </frame>
  <frame idx="875" w="9" h="111" x="-4.218301" y="-12.854165">
   <element name="wcannon_projectile" layername="timeline_0" frame="0" z_index="1" m_a="0.613577" m_b="0.621399" m_c="-0.711571" m_d="0.702614" m_tx="1.770708" m_ty="0.127054"/>
  </frame>
  <frame idx="900" w="10" h="110" x="1.488381" y="-13.012870">
   <element name="wcannon_projectile" layername="timeline_0" frame="0" z_index="1" m_a="0.703886" m_b="0.516873" m_c="-0.591877" m_d="0.806028" m_tx="1.770708" m_ty="0.127054"/>
  </frame>
  <frame idx="925" w="26" h="106" x="-0.594562" y="-12.580499">
   <element name="wcannon_projectile" layername="timeline_0" frame="0" z_index="1" m_a="0.776583" m_b="0.399413" m_c="-0.457373" m_d="0.889275" m_tx="1.770708" m_ty="0.127054"/>
  </frame>
  <frame idx="950" w="41" h="101" x="-2.180874" y="-12.055360">
   <element name="wcannon_projectile" layername="timeline_0" frame="0" z_index="1" m_a="0.829849" m_b="0.271961" m_c="-0.311425" m_d="0.950271" m_tx="1.770708" m_ty="0.127054"/>
  </frame>
  <frame idx="975" w="56" h="93" x="-4.255888" y="-11.438083">
   <element name="wcannon_projectile" layername="timeline_0" frame="0" z_index="1" m_a="0.862352" m_b="0.137703" m_c="-0.157685" m_d="0.987489" m_tx="1.770708" m_ty="0.127054"/>
  </frame>
 </anim>
</Anims>
