<Anims>
 <anim name="idle" root="bibbitremote" numframes="1000" framerate="40">
  <frame idx="0" w="53" h="275" x="-8.452299" y="-78.642853">
   <element name="bibbitremote" layername="timeline_0" frame="0" z_index="1" m_a="0.398144" m_b="0.237916" m_c="-0.211575" m_d="0.354063" m_tx="-3.013232" m_ty="-4.170046"/>
  </frame>
  <frame idx="25" w="53" h="275" x="-8.452299" y="-78.642853">
   <element name="bibbitremote" layername="timeline_0" frame="0" z_index="1" m_a="0.398144" m_b="0.237916" m_c="-0.211575" m_d="0.354063" m_tx="-3.013232" m_ty="-4.170046"/>
  </frame>
  <frame idx="50" w="53" h="275" x="-8.452299" y="-78.642853">
   <element name="bibbitremote" layername="timeline_0" frame="0" z_index="1" m_a="0.398144" m_b="0.237916" m_c="-0.211575" m_d="0.354063" m_tx="-3.013232" m_ty="-4.170046"/>
  </frame>
  <frame idx="75" w="53" h="275" x="-8.452299" y="-78.642853">
   <element name="bibbitremote" layername="timeline_0" frame="0" z_index="1" m_a="0.398144" m_b="0.237916" m_c="-0.211575" m_d="0.354063" m_tx="-3.013232" m_ty="-4.170046"/>
  </frame>
  <frame idx="100" w="53" h="275" x="-8.452299" y="-78.642853">
   <element name="bibbitremote" layername="timeline_0" frame="0" z_index="1" m_a="0.398144" m_b="0.237916" m_c="-0.211575" m_d="0.354063" m_tx="-3.013232" m_ty="-4.170046"/>
  </frame>
  <frame idx="125" w="53" h="275" x="-8.452299" y="-78.642853">
   <element name="bibbitremote" layername="timeline_0" frame="0" z_index="1" m_a="0.398144" m_b="0.237916" m_c="-0.211575" m_d="0.354063" m_tx="-3.013232" m_ty="-4.170046"/>
  </frame>
  <frame idx="150" w="53" h="275" x="-8.452299" y="-78.642853">
   <element name="bibbitremote" layername="timeline_0" frame="0" z_index="1" m_a="0.398144" m_b="0.237916" m_c="-0.211575" m_d="0.354063" m_tx="-3.013232" m_ty="-4.170046"/>
  </frame>
  <frame idx="175" w="53" h="275" x="-8.452299" y="-78.642853">
   <element name="bibbitremote" layername="timeline_0" frame="0" z_index="1" m_a="0.398144" m_b="0.237916" m_c="-0.211575" m_d="0.354063" m_tx="-3.013232" m_ty="-4.170046"/>
  </frame>
  <frame idx="200" w="53" h="275" x="-8.452299" y="-78.642853">
   <element name="bibbitremote" layername="timeline_0" frame="0" z_index="1" m_a="0.398144" m_b="0.237916" m_c="-0.211575" m_d="0.354063" m_tx="-3.013232" m_ty="-4.170046"/>
  </frame>
  <frame idx="225" w="53" h="275" x="-8.452299" y="-78.642853">
   <element name="bibbitremote" layername="timeline_0" frame="0" z_index="1" m_a="0.398144" m_b="0.237916" m_c="-0.211575" m_d="0.354063" m_tx="-3.013232" m_ty="-4.170046"/>
  </frame>
  <frame idx="250" w="53" h="275" x="-8.452299" y="-78.642853">
   <element name="bibbitremote" layername="timeline_0" frame="0" z_index="1" m_a="0.398144" m_b="0.237916" m_c="-0.211575" m_d="0.354063" m_tx="-3.013232" m_ty="-4.170046"/>
  </frame>
  <frame idx="275" w="53" h="275" x="-8.452299" y="-78.642853">
   <element name="bibbitremote" layername="timeline_0" frame="0" z_index="1" m_a="0.398144" m_b="0.237916" m_c="-0.211575" m_d="0.354063" m_tx="-3.013232" m_ty="-4.170046"/>
  </frame>
  <frame idx="300" w="53" h="275" x="-8.452299" y="-78.642853">
   <element name="bibbitremote" layername="timeline_0" frame="0" z_index="1" m_a="0.398144" m_b="0.237916" m_c="-0.211575" m_d="0.354063" m_tx="-3.013232" m_ty="-4.170046"/>
  </frame>
  <frame idx="325" w="53" h="275" x="-8.452299" y="-78.642853">
   <element name="bibbitremote" layername="timeline_0" frame="0" z_index="1" m_a="0.398144" m_b="0.237916" m_c="-0.211575" m_d="0.354063" m_tx="-3.013232" m_ty="-4.170046"/>
  </frame>
  <frame idx="350" w="53" h="275" x="-8.452299" y="-78.642853">
   <element name="bibbitremote" layername="timeline_0" frame="0" z_index="1" m_a="0.398144" m_b="0.237916" m_c="-0.211575" m_d="0.354063" m_tx="-3.013232" m_ty="-4.170046"/>
  </frame>
  <frame idx="375" w="53" h="275" x="-8.452299" y="-78.642853">
   <element name="bibbitremote" layername="timeline_0" frame="0" z_index="1" m_a="0.398144" m_b="0.237916" m_c="-0.211575" m_d="0.354063" m_tx="-3.013232" m_ty="-4.170046"/>
  </frame>
  <frame idx="400" w="53" h="275" x="-8.452299" y="-78.642853">
   <element name="bibbitremote" layername="timeline_0" frame="0" z_index="1" m_a="0.398144" m_b="0.237916" m_c="-0.211575" m_d="0.354063" m_tx="-3.013232" m_ty="-4.170046"/>
  </frame>
  <frame idx="425" w="53" h="275" x="-8.452299" y="-78.642853">
   <element name="bibbitremote" layername="timeline_0" frame="0" z_index="1" m_a="0.398144" m_b="0.237916" m_c="-0.211575" m_d="0.354063" m_tx="-3.013232" m_ty="-4.170046"/>
  </frame>
  <frame idx="450" w="53" h="275" x="-8.452299" y="-78.642853">
   <element name="bibbitremote" layername="timeline_0" frame="0" z_index="1" m_a="0.398144" m_b="0.237916" m_c="-0.211575" m_d="0.354063" m_tx="-3.013232" m_ty="-4.170046"/>
  </frame>
  <frame idx="475" w="53" h="275" x="-8.452299" y="-78.642853">
   <element name="bibbitremote" layername="timeline_0" frame="0" z_index="1" m_a="0.398144" m_b="0.237916" m_c="-0.211575" m_d="0.354063" m_tx="-3.013232" m_ty="-4.170046"/>
  </frame>
  <frame idx="500" w="53" h="275" x="-8.452299" y="-78.642853">
   <element name="bibbitremote" layername="timeline_0" frame="0" z_index="1" m_a="0.398144" m_b="0.237916" m_c="-0.211575" m_d="0.354063" m_tx="-3.013232" m_ty="-4.170046"/>
  </frame>
  <frame idx="525" w="53" h="275" x="-8.452299" y="-78.642853">
   <element name="bibbitremote" layername="timeline_0" frame="0" z_index="1" m_a="0.398144" m_b="0.237916" m_c="-0.211575" m_d="0.354063" m_tx="-3.013232" m_ty="-4.170046"/>
  </frame>
  <frame idx="550" w="53" h="275" x="-8.452299" y="-78.642853">
   <element name="bibbitremote" layername="timeline_0" frame="0" z_index="1" m_a="0.398144" m_b="0.237916" m_c="-0.211575" m_d="0.354063" m_tx="-3.013232" m_ty="-4.170046"/>
  </frame>
  <frame idx="575" w="53" h="275" x="-8.452299" y="-78.642853">
   <element name="bibbitremote" layername="timeline_0" frame="0" z_index="1" m_a="0.398144" m_b="0.237916" m_c="-0.211575" m_d="0.354063" m_tx="-3.013232" m_ty="-4.170046"/>
  </frame>
  <frame idx="600" w="53" h="275" x="-8.452299" y="-78.642853">
   <element name="bibbitremote" layername="timeline_0" frame="0" z_index="1" m_a="0.398144" m_b="0.237916" m_c="-0.211575" m_d="0.354063" m_tx="-3.013232" m_ty="-4.170046"/>
  </frame>
  <frame idx="625" w="53" h="275" x="-8.452299" y="-78.642853">
   <element name="bibbitremote" layername="timeline_0" frame="0" z_index="1" m_a="0.398144" m_b="0.237916" m_c="-0.211575" m_d="0.354063" m_tx="-3.013232" m_ty="-4.170046"/>
  </frame>
  <frame idx="650" w="53" h="275" x="-8.452299" y="-78.642853">
   <element name="bibbitremote" layername="timeline_0" frame="0" z_index="1" m_a="0.398144" m_b="0.237916" m_c="-0.211575" m_d="0.354063" m_tx="-3.013232" m_ty="-4.170046"/>
  </frame>
  <frame idx="675" w="53" h="275" x="-8.452299" y="-78.642853">
   <element name="bibbitremote" layername="timeline_0" frame="0" z_index="1" m_a="0.398144" m_b="0.237916" m_c="-0.211575" m_d="0.354063" m_tx="-3.013232" m_ty="-4.170046"/>
  </frame>
  <frame idx="700" w="53" h="275" x="-8.452299" y="-78.642853">
   <element name="bibbitremote" layername="timeline_0" frame="0" z_index="1" m_a="0.398144" m_b="0.237916" m_c="-0.211575" m_d="0.354063" m_tx="-3.013232" m_ty="-4.170046"/>
  </frame>
  <frame idx="725" w="53" h="275" x="-8.452299" y="-78.642853">
   <element name="bibbitremote" layername="timeline_0" frame="0" z_index="1" m_a="0.398144" m_b="0.237916" m_c="-0.211575" m_d="0.354063" m_tx="-3.013232" m_ty="-4.170046"/>
  </frame>
  <frame idx="750" w="53" h="275" x="-8.452299" y="-78.642853">
   <element name="bibbitremote" layername="timeline_0" frame="0" z_index="1" m_a="0.398144" m_b="0.237916" m_c="-0.211575" m_d="0.354063" m_tx="-3.013232" m_ty="-4.170046"/>
  </frame>
  <frame idx="775" w="53" h="275" x="-8.452299" y="-78.642853">
   <element name="bibbitremote" layername="timeline_0" frame="0" z_index="1" m_a="0.398144" m_b="0.237916" m_c="-0.211575" m_d="0.354063" m_tx="-3.013232" m_ty="-4.170046"/>
  </frame>
  <frame idx="800" w="53" h="275" x="-8.452299" y="-78.642853">
   <element name="bibbitremote" layername="timeline_0" frame="0" z_index="1" m_a="0.398144" m_b="0.237916" m_c="-0.211575" m_d="0.354063" m_tx="-3.013232" m_ty="-4.170046"/>
  </frame>
  <frame idx="825" w="53" h="275" x="-8.452299" y="-78.642853">
   <element name="bibbitremote" layername="timeline_0" frame="0" z_index="1" m_a="0.398144" m_b="0.237916" m_c="-0.211575" m_d="0.354063" m_tx="-3.013232" m_ty="-4.170046"/>
  </frame>
  <frame idx="850" w="53" h="275" x="-8.452299" y="-78.642853">
   <element name="bibbitremote" layername="timeline_0" frame="0" z_index="1" m_a="0.398144" m_b="0.237916" m_c="-0.211575" m_d="0.354063" m_tx="-3.013232" m_ty="-4.170046"/>
  </frame>
  <frame idx="875" w="53" h="275" x="-8.452299" y="-78.642853">
   <element name="bibbitremote" layername="timeline_0" frame="0" z_index="1" m_a="0.398144" m_b="0.237916" m_c="-0.211575" m_d="0.354063" m_tx="-3.013232" m_ty="-4.170046"/>
  </frame>
  <frame idx="900" w="53" h="275" x="-8.452299" y="-78.642853">
   <element name="bibbitremote" layername="timeline_0" frame="0" z_index="1" m_a="0.398144" m_b="0.237916" m_c="-0.211575" m_d="0.354063" m_tx="-3.013232" m_ty="-4.170046"/>
  </frame>
  <frame idx="925" w="53" h="275" x="-8.452299" y="-78.642853">
   <element name="bibbitremote" layername="timeline_0" frame="0" z_index="1" m_a="0.398144" m_b="0.237916" m_c="-0.211575" m_d="0.354063" m_tx="-3.013232" m_ty="-4.170046"/>
  </frame>
  <frame idx="950" w="53" h="275" x="-8.452299" y="-78.642853">
   <element name="bibbitremote" layername="timeline_0" frame="0" z_index="1" m_a="0.398144" m_b="0.237916" m_c="-0.211575" m_d="0.354063" m_tx="-3.013232" m_ty="-4.170046"/>
  </frame>
  <frame idx="975" w="53" h="275" x="-8.452299" y="-78.642853">
   <element name="bibbitremote" layername="timeline_0" frame="0" z_index="1" m_a="0.398144" m_b="0.237916" m_c="-0.211575" m_d="0.354063" m_tx="-3.013232" m_ty="-4.170046"/>
  </frame>
 </anim>
</Anims>
